{
  "factor_name": "000001.SZ",
  "timestamp": "2026-06-23T00:36:47.329953",
  "ic": {
    "ic_mean": 0.0026693193366095335,
    "ic_std": 0.14670153239482675,
    "icir": 0.01819557909882926,
    "rank_ic_mean": -0.008819135806284054,
    "rank_icir": -0.06653745865527387
  },
  "group": {
    "n_groups": 5,
    "group_eva_exc": {
      "1": {
        "AnnualRt": 0.004028180617643377,
        "AccumRt": 0.02067262292974581,
        "SR": 0.44991899706588534,
        "MDD": 0.00977377204294494,
        "WinRatio": 0.576271186440678,
        "WinLossRatio": 1.0803247640746134,
        "Calmar": 0.412141862931115,
        "MDD_date": 20210923,
        "MDD_lastdays": 76,
        "MDD_recoverdays": 330,
        "Periods": 59
      },
      "2": {
        "AnnualRt": -0.004426114540028779,
        "AccumRt": -0.02271481981942769,
        "SR": -0.4931767193562206,
        "MDD": 0.052245144379434505,
        "WinRatio": 0.4067796610169492,
        "WinLossRatio": 1.0178544334119681,
        "Calmar": -0.08471819903269423,
        "MDD_date": 20240202,
        "MDD_lastdays": 618,
        "MDD_recoverdays": 238,
        "Periods": 59
      },
      "3": {
        "AnnualRt": 0.002369630758843991,
        "AccumRt": 0.012160945054387362,
        "SR": 0.2644047080647927,
        "MDD": 0.023109096153575592,
        "WinRatio": 0.5254237288135594,
        "WinLossRatio": 1.1278987402972247,
        "Calmar": 0.10254104025082547,
        "MDD_date": 20220201,
        "MDD_lastdays": 484,
        "MDD_recoverdays": 439,
        "Periods": 59
      },
      "4": {
        "AnnualRt": -0.000144332411717628,
        "AccumRt": -0.000740713936934867,
        "SR": -0.015518623362028607,
        "MDD": 0.02060945295903016,
        "WinRatio": 0.5254237288135594,
        "WinLossRatio": 0.8931704782818985,
        "Calmar": -0.007003214107844035,
        "MDD_date": 20220215,
        "MDD_lastdays": 252,
        "MDD_recoverdays": 751,
        "Periods": 59
      },
      "5": {
        "AnnualRt": -0.001649366474074793,
        "AccumRt": -0.008464548744951839,
        "SR": -0.18007746003403272,
        "MDD": 0.027206742457905997,
        "WinRatio": 0.4745762711864407,
        "WinLossRatio": 0.9656777736527313,
        "Calmar": -0.06062344570014865,
        "MDD_date": 20240620,
        "MDD_lastdays": 407,
        "MDD_recoverdays": 139,
        "Periods": 59
      }
    }
  },
  "longshort": {
    "eva": {
      "多头超额": {
        "AnnualRt": -0.001649366474074793,
        "AccumRt": -0.008464548744951839,
        "SR": -0.18007746003403272,
        "MDD": 0.027206742457905997,
        "WinRatio": 0.4745762711864407,
        "WinLossRatio": 0.9656777736527313,
        "Calmar": -0.06062344570014865,
        "MDD_date": 20240620,
        "MDD_lastdays": 407,
        "MDD_recoverdays": 139,
        "Periods": 59
      },
      "空头超额": {
        "AnnualRt": 0.004028180617643377,
        "AccumRt": 0.02067262292974581,
        "SR": 0.44991899706588534,
        "MDD": 0.00977377204294494,
        "WinRatio": 0.576271186440678,
        "WinLossRatio": 1.0803247640746134,
        "Calmar": 0.412141862931115,
        "MDD_date": 20210923,
        "MDD_lastdays": 76,
        "MDD_recoverdays": 330,
        "Periods": 59
      },
      "多空": {
        "AnnualRt": -0.005677547091718169,
        "AccumRt": -0.02913717167469765,
        "SR": -0.39946119304240674,
        "MDD": 0.04863073830018316,
        "WinRatio": 0.4576271186440678,
        "WinLossRatio": 0.8709984581139979,
        "Calmar": -0.11674811631837359,
        "MDD_date": 20240909,
        "MDD_lastdays": 1149,
        "MDD_recoverdays": 82,
        "Periods": 59
      }
    }
  },
  "risk_corr": {
    "mean": {}
  }
}