{
  "factor_name": "000001.SZ",
  "timestamp": "2026-06-23T08:31:24.504464",
  "ic": {
    "ic_mean": 0.025002145110025513,
    "ic_std": 0.22985915983073246,
    "icir": 0.10877158486282214,
    "rank_ic_mean": 0.016381585154700933,
    "rank_icir": 0.07121138111952072
  },
  "group": {
    "n_groups": 5,
    "group_eva_exc": {
      "1": {
        "AnnualRt": -0.0057676172383288515,
        "AccumRt": -0.02959941166710367,
        "SR": -0.5082576453664506,
        "MDD": 0.046053690626775,
        "WinRatio": 0.4406779661016949,
        "WinLossRatio": 0.9313516652121699,
        "Calmar": -0.12523680859956174,
        "MDD_date": 20230210,
        "MDD_lastdays": 474,
        "MDD_recoverdays": 493,
        "Periods": 59
      },
      "2": {
        "AnnualRt": -0.0007884412452754945,
        "AccumRt": -0.004046280470753838,
        "SR": -0.06503468268215577,
        "MDD": 0.030788297966623523,
        "WinRatio": 0.4915254237288136,
        "WinLossRatio": 0.9926296075989874,
        "Calmar": -0.02560847131368597,
        "MDD_date": 20240930,
        "MDD_lastdays": 978,
        "MDD_recoverdays": 67,
        "Periods": 59
      },
      "3": {
        "AnnualRt": 0.0011028590493727618,
        "AccumRt": 0.005659872641381014,
        "SR": 0.08797447971860108,
        "MDD": 0.03344333976676794,
        "WinRatio": 0.5254237288135594,
        "WinLossRatio": 0.957615247731483,
        "Calmar": 0.03297694121053823,
        "MDD_date": 20240126,
        "MDD_lastdays": 560,
        "MDD_recoverdays": 243,
        "Periods": 59
      },
      "4": {
        "AnnualRt": 0.007926382538406516,
        "AccumRt": 0.04067819518710225,
        "SR": 0.6307959380227964,
        "MDD": 0.021095472318425235,
        "WinRatio": 0.5254237288135594,
        "WinLossRatio": 1.3577782242627554,
        "Calmar": 0.3757385669664976,
        "MDD_date": 20221124,
        "MDD_lastdays": 79,
        "MDD_recoverdays": 287,
        "Periods": 59
      },
      "5": {
        "AnnualRt": -0.002524841897350097,
        "AccumRt": -0.012957488617200696,
        "SR": -0.2131814814792414,
        "MDD": 0.05347901775756947,
        "WinRatio": 0.423728813559322,
        "WinLossRatio": 1.1874287212159544,
        "Calmar": -0.04721182256554681,
        "MDD_date": 20220201,
        "MDD_lastdays": 426,
        "MDD_recoverdays": 761,
        "Periods": 59
      }
    }
  },
  "longshort": {
    "eva": {
      "多头超额": {
        "AnnualRt": -0.002524841897350097,
        "AccumRt": -0.012957488617200696,
        "SR": -0.2131814814792414,
        "MDD": 0.05347901775756947,
        "WinRatio": 0.423728813559322,
        "WinLossRatio": 1.1874287212159544,
        "Calmar": -0.04721182256554681,
        "MDD_date": 20220201,
        "MDD_lastdays": 426,
        "MDD_recoverdays": 761,
        "Periods": 59
      },
      "空头超额": {
        "AnnualRt": -0.0057676172383288515,
        "AccumRt": -0.02959941166710367,
        "SR": -0.5082576453664506,
        "MDD": 0.046053690626775,
        "WinRatio": 0.4406779661016949,
        "WinLossRatio": 0.9313516652121699,
        "Calmar": -0.12523680859956174,
        "MDD_date": 20230210,
        "MDD_lastdays": 474,
        "MDD_recoverdays": 493,
        "Periods": 59
      },
      "多空": {
        "AnnualRt": 0.0032427753409787767,
        "AccumRt": 0.016641923049903085,
        "SR": 0.17776742556079778,
        "MDD": 0.06865924891483755,
        "WinRatio": 0.576271186440678,
        "WinLossRatio": 0.8237203376499295,
        "Calmar": 0.047229985649872144,
        "MDD_date": 20210609,
        "MDD_lastdays": 252,
        "MDD_recoverdays": 821,
        "Periods": 59
      }
    }
  },
  "risk_corr": {
    "mean": {}
  }
}