{
  "factor_name": "000001.SZ",
  "timestamp": "2026-06-22T16:44:03.484755",
  "ic": {
    "ic_mean": -0.01155244009165302,
    "ic_std": 0.15155074154443993,
    "icir": -0.0762281990435886,
    "rank_ic_mean": -0.006950019931241027,
    "rank_icir": -0.04476102916282178
  },
  "group": {
    "n_groups": 5,
    "group_eva_exc": {
      "1": {
        "AnnualRt": -0.0009520151308603454,
        "AccumRt": -0.004885741651575293,
        "SR": -0.10546042900309503,
        "MDD": 0.017992640970199925,
        "WinRatio": 0.4576271186440678,
        "WinLossRatio": 1.1040915588798776,
        "Calmar": -0.052911361508135905,
        "MDD_date": 20220621,
        "MDD_lastdays": 614,
        "MDD_recoverdays": 661,
        "Periods": 59
      },
      "2": {
        "AnnualRt": -0.0023242529368921435,
        "AccumRt": -0.011928066072130483,
        "SR": -0.24881255801093988,
        "MDD": 0.02374083223185841,
        "WinRatio": 0.5423728813559322,
        "WinLossRatio": 0.6985156253985224,
        "Calmar": -0.09790107247264782,
        "MDD_date": 20241231,
        "MDD_lastdays": 911,
        "MDD_recoverdays": 1,
        "Periods": 59
      },
      "3": {
        "AnnualRt": 0.004787910149436107,
        "AccumRt": 0.0245715548869061,
        "SR": 0.49173540766048174,
        "MDD": 0.01747137328760695,
        "WinRatio": 0.5423728813559322,
        "WinLossRatio": 1.2566388907599382,
        "Calmar": 0.27404314879084735,
        "MDD_date": 20241007,
        "MDD_lastdays": 388,
        "MDD_recoverdays": 62,
        "Periods": 59
      },
      "4": {
        "AnnualRt": 0.0058070249086668016,
        "AccumRt": 0.02980165183127803,
        "SR": 0.6235812511869011,
        "MDD": 0.01699295735071893,
        "WinRatio": 0.5423728813559322,
        "WinLossRatio": 1.387113458236115,
        "Calmar": 0.34173127071498954,
        "MDD_date": 20230421,
        "MDD_lastdays": 257,
        "MDD_recoverdays": 341,
        "Periods": 59
      },
      "5": {
        "AnnualRt": -0.006862634511297907,
        "AccumRt": -0.035219040311980865,
        "SR": -0.7561600803519182,
        "MDD": 0.039597563585843654,
        "WinRatio": 0.4067796610169492,
        "WinLossRatio": 0.8357736136206465,
        "Calmar": -0.1733095142689874,
        "MDD_date": 20241224,
        "MDD_lastdays": 1226,
        "MDD_recoverdays": 6,
        "Periods": 59
      }
    }
  },
  "longshort": {
    "eva": {
      "多头超额": {
        "AnnualRt": -0.006862634511297907,
        "AccumRt": -0.035219040311980865,
        "SR": -0.7561600803519182,
        "MDD": 0.039597563585843654,
        "WinRatio": 0.4067796610169492,
        "WinLossRatio": 0.8357736136206465,
        "Calmar": -0.1733095142689874,
        "MDD_date": 20241224,
        "MDD_lastdays": 1226,
        "MDD_recoverdays": 6,
        "Periods": 59
      },
      "空头超额": {
        "AnnualRt": -0.0009520151308603454,
        "AccumRt": -0.004885741651575293,
        "SR": -0.10546042900309503,
        "MDD": 0.017992640970199925,
        "WinRatio": 0.4576271186440678,
        "WinLossRatio": 1.1040915588798776,
        "Calmar": -0.052911361508135905,
        "MDD_date": 20220621,
        "MDD_lastdays": 614,
        "MDD_recoverdays": 661,
        "Periods": 59
      },
      "多空": {
        "AnnualRt": -0.005910619380437562,
        "AccumRt": -0.030333298660405572,
        "SR": -0.41853278636835717,
        "MDD": 0.04273797325131978,
        "WinRatio": 0.4745762711864407,
        "WinLossRatio": 0.82995396133526,
        "Calmar": -0.13829900977475665,
        "MDD_date": 20241224,
        "MDD_lastdays": 1231,
        "MDD_recoverdays": 6,
        "Periods": 59
      }
    }
  },
  "risk_corr": {
    "mean": {}
  }
}