{
  "factor_name": "000001.SZ",
  "timestamp": "2026-06-22T15:34:05.545438",
  "ic": {
    "ic_mean": 0.019579341001412794,
    "ic_std": 0.14154896673795028,
    "icir": 0.13832203408209998,
    "rank_ic_mean": 0.02605405129823231,
    "rank_icir": 0.19346825117894653
  },
  "group": {
    "n_groups": 5,
    "group_eva_exc": {
      "1": {
        "AnnualRt": -0.001914044333852124,
        "AccumRt": -0.0098228755213291,
        "SR": -0.21952015362132316,
        "MDD": 0.03328034436655036,
        "WinRatio": 0.423728813559322,
        "WinLossRatio": 1.1365641262473987,
        "Calmar": -0.05751275626149785,
        "MDD_date": 20241011,
        "MDD_lastdays": 1020,
        "MDD_recoverdays": 58,
        "Periods": 59
      },
      "2": {
        "AnnualRt": -0.004105579685355948,
        "AccumRt": -0.021069834945246724,
        "SR": -0.4545413745420512,
        "MDD": 0.0221766961916966,
        "WinRatio": 0.423728813559322,
        "WinLossRatio": 1.0046711812945035,
        "Calmar": -0.18513035710401082,
        "MDD_date": 20220628,
        "MDD_lastdays": 628,
        "MDD_recoverdays": 656,
        "Periods": 59
      },
      "3": {
        "AnnualRt": 0.005339701815930758,
        "AccumRt": 0.02740334971935665,
        "SR": 0.5832911700351187,
        "MDD": 0.018410766453926475,
        "WinRatio": 0.5423728813559322,
        "WinLossRatio": 1.2725208035723912,
        "Calmar": 0.2900314785532439,
        "MDD_date": 20210408,
        "MDD_lastdays": 225,
        "MDD_recoverdays": 270,
        "Periods": 59
      },
      "4": {
        "AnnualRt": 0.0034511326750114356,
        "AccumRt": 0.01771121288815869,
        "SR": 0.3715093601935537,
        "MDD": 0.01297698074627085,
        "WinRatio": 0.6101694915254238,
        "WinLossRatio": 0.8537615463417559,
        "Calmar": 0.265942652030456,
        "MDD_date": 20200902,
        "MDD_lastdays": 150,
        "MDD_recoverdays": 158,
        "Periods": 59
      },
      "5": {
        "AnnualRt": -0.0026716457665372927,
        "AccumRt": -0.013710886073869388,
        "SR": -0.29413662631204185,
        "MDD": 0.02819428073700725,
        "WinRatio": 0.4745762711864407,
        "WinLossRatio": 0.8850839904275207,
        "Calmar": -0.09475842960698565,
        "MDD_date": 20241211,
        "MDD_lastdays": 796,
        "MDD_recoverdays": 15,
        "Periods": 59
      }
    }
  },
  "longshort": {
    "eva": {
      "多头超额": {
        "AnnualRt": -0.0026716457665372927,
        "AccumRt": -0.013710886073869388,
        "SR": -0.29413662631204185,
        "MDD": 0.02819428073700725,
        "WinRatio": 0.4745762711864407,
        "WinLossRatio": 0.8850839904275207,
        "Calmar": -0.09475842960698565,
        "MDD_date": 20241211,
        "MDD_lastdays": 796,
        "MDD_recoverdays": 15,
        "Periods": 59
      },
      "空头超额": {
        "AnnualRt": -0.001914044333852124,
        "AccumRt": -0.0098228755213291,
        "SR": -0.21952015362132316,
        "MDD": 0.03328034436655036,
        "WinRatio": 0.423728813559322,
        "WinLossRatio": 1.1365641262473987,
        "Calmar": -0.05751275626149785,
        "MDD_date": 20241011,
        "MDD_lastdays": 1020,
        "MDD_recoverdays": 58,
        "Periods": 59
      },
      "多空": {
        "AnnualRt": -0.0007576014326851692,
        "AccumRt": -0.0038880105525402886,
        "SR": -0.05401787749813064,
        "MDD": 0.028551117979437435,
        "WinRatio": 0.4915254237288136,
        "WinLossRatio": 0.9935196390061924,
        "Calmar": -0.02653491303670823,
        "MDD_date": 20221007,
        "MDD_lastdays": 228,
        "MDD_recoverdays": 365,
        "Periods": 59
      }
    }
  },
  "risk_corr": {
    "mean": {}
  }
}