{
  "factor_name": "000001.SZ",
  "timestamp": "2026-06-23T01:57:03.147191",
  "ic": {
    "ic_mean": 0.01334525126698289,
    "ic_std": 0.14590247603533674,
    "icir": 0.0914669279755797,
    "rank_ic_mean": 0.005046828049241324,
    "rank_icir": 0.033140960275977724
  },
  "group": {
    "n_groups": 5,
    "group_eva_exc": {
      "1": {
        "AnnualRt": 0.0040312820253755495,
        "AccumRt": 0.02068853935422732,
        "SR": 0.4452167889341231,
        "MDD": 0.014359622127357863,
        "WinRatio": 0.559322033898305,
        "WinLossRatio": 1.047950460717411,
        "Calmar": 0.28073733344940716,
        "MDD_date": 20210412,
        "MDD_lastdays": 172,
        "MDD_recoverdays": 264,
        "Periods": 59
      },
      "2": {
        "AnnualRt": -0.006351591396152869,
        "AccumRt": -0.03259636704505653,
        "SR": -0.7042270660525428,
        "MDD": 0.037255696109726344,
        "WinRatio": 0.3220338983050847,
        "WinLossRatio": 1.2233162030261713,
        "Calmar": -0.17048645064760068,
        "MDD_date": 20241119,
        "MDD_lastdays": 966,
        "MDD_recoverdays": 31,
        "Periods": 59
      },
      "3": {
        "AnnualRt": 0.004948415054749886,
        "AccumRt": 0.025395266060976418,
        "SR": 0.5286944620577236,
        "MDD": 0.015625140903614,
        "WinRatio": 0.5254237288135594,
        "WinLossRatio": 1.3177760792485969,
        "Calmar": 0.3166957075955295,
        "MDD_date": 20240101,
        "MDD_lastdays": 304,
        "MDD_recoverdays": 262,
        "Periods": 59
      },
      "4": {
        "AnnualRt": -0.0044589801226365845,
        "AccumRt": -0.022883485989370955,
        "SR": -0.4854253550077131,
        "MDD": 0.038872232725574496,
        "WinRatio": 0.4915254237288136,
        "WinLossRatio": 0.7078414341436111,
        "Calmar": -0.11470861872317845,
        "MDD_date": 20220901,
        "MDD_lastdays": 662,
        "MDD_recoverdays": 609,
        "Periods": 59
      },
      "5": {
        "AnnualRt": 0.002480184857423637,
        "AccumRt": 0.012728308688298107,
        "SR": 0.2793609433293016,
        "MDD": 0.02113535029263469,
        "WinRatio": 0.576271186440678,
        "WinLossRatio": 0.915613062336751,
        "Calmar": 0.11734770529390938,
        "MDD_date": 20220914,
        "MDD_lastdays": 440,
        "MDD_recoverdays": 600,
        "Periods": 59
      }
    }
  },
  "longshort": {
    "eva": {
      "多头超额": {
        "AnnualRt": 0.002480184857423637,
        "AccumRt": 0.012728308688298107,
        "SR": 0.2793609433293016,
        "MDD": 0.02113535029263469,
        "WinRatio": 0.576271186440678,
        "WinLossRatio": 0.915613062336751,
        "Calmar": 0.11734770529390938,
        "MDD_date": 20220914,
        "MDD_lastdays": 440,
        "MDD_recoverdays": 600,
        "Periods": 59
      },
      "空头超额": {
        "AnnualRt": 0.0040312820253755495,
        "AccumRt": 0.02068853935422732,
        "SR": 0.4452167889341231,
        "MDD": 0.014359622127357863,
        "WinRatio": 0.559322033898305,
        "WinLossRatio": 1.047950460717411,
        "Calmar": 0.28073733344940716,
        "MDD_date": 20210412,
        "MDD_lastdays": 172,
        "MDD_recoverdays": 264,
        "Periods": 59
      },
      "多空": {
        "AnnualRt": -0.0015510971679519121,
        "AccumRt": -0.007960230665929213,
        "SR": -0.10980325549520493,
        "MDD": 0.03945770137986637,
        "WinRatio": 0.4745762711864407,
        "WinLossRatio": 1.029555242449673,
        "Calmar": -0.039310378296475545,
        "MDD_date": 20240229,
        "MDD_lastdays": 821,
        "MDD_recoverdays": 219,
        "Periods": 59
      }
    }
  },
  "risk_corr": {
    "mean": {}
  }
}