{
  "factor_name": "000001.SZ",
  "timestamp": "2026-06-23T01:32:33.186124",
  "ic": {
    "ic_mean": 0.003934422748199161,
    "ic_std": 0.13881858295542712,
    "icir": 0.02834219068107369,
    "rank_ic_mean": 0.0004104040542874164,
    "rank_icir": 0.0029934096026618326
  },
  "group": {
    "n_groups": 5,
    "group_eva_exc": {
      "1": {
        "AnnualRt": -0.002717013206001272,
        "AccumRt": -0.01394371177319853,
        "SR": -0.30125654082977593,
        "MDD": 0.025041294863519026,
        "WinRatio": 0.4745762711864407,
        "WinLossRatio": 0.8656331116851086,
        "Calmar": -0.10850130637451601,
        "MDD_date": 20241231,
        "MDD_lastdays": 869,
        "MDD_recoverdays": 1,
        "Periods": 59
      },
      "2": {
        "AnnualRt": 6.785590474300197e-05,
        "AccumRt": 0.0003482365031410861,
        "SR": 0.0075683222264882645,
        "MDD": 0.026676370271726646,
        "WinRatio": 0.576271186440678,
        "WinLossRatio": 0.7394832246175052,
        "Calmar": 0.002543670823722224,
        "MDD_date": 20240206,
        "MDD_lastdays": 835,
        "MDD_recoverdays": 236,
        "Periods": 59
      },
      "3": {
        "AnnualRt": 0.0073128884852764605,
        "AccumRt": 0.0375297437064388,
        "SR": 0.8115225113965581,
        "MDD": 0.01119869010045349,
        "WinRatio": 0.6271186440677966,
        "WinLossRatio": 1.0915263678272449,
        "Calmar": 0.6530128452237753,
        "MDD_date": 20221222,
        "MDD_lastdays": 179,
        "MDD_recoverdays": 103,
        "Periods": 59
      },
      "4": {
        "AnnualRt": -0.003085250657719435,
        "AccumRt": -0.01583350637541614,
        "SR": -0.3379384752600683,
        "MDD": 0.01798796423091409,
        "WinRatio": 0.4576271186440678,
        "WinLossRatio": 0.9227249548664492,
        "Calmar": -0.17151750015252573,
        "MDD_date": 20230228,
        "MDD_lastdays": 803,
        "MDD_recoverdays": 481,
        "Periods": 59
      },
      "5": {
        "AnnualRt": -0.0013175741454474396,
        "AccumRt": -0.006761790514436261,
        "SR": -0.14380584833293286,
        "MDD": 0.03167437228432224,
        "WinRatio": 0.5254237288135594,
        "WinLossRatio": 0.8072912168473376,
        "Calmar": -0.041597482457437523,
        "MDD_date": 20240613,
        "MDD_lastdays": 411,
        "MDD_recoverdays": 144,
        "Periods": 59
      }
    }
  },
  "longshort": {
    "eva": {
      "多头超额": {
        "AnnualRt": -0.0013175741454474396,
        "AccumRt": -0.006761790514436261,
        "SR": -0.14380584833293286,
        "MDD": 0.03167437228432224,
        "WinRatio": 0.5254237288135594,
        "WinLossRatio": 0.8072912168473376,
        "Calmar": -0.041597482457437523,
        "MDD_date": 20240613,
        "MDD_lastdays": 411,
        "MDD_recoverdays": 144,
        "Periods": 59
      },
      "空头超额": {
        "AnnualRt": -0.002717013206001272,
        "AccumRt": -0.01394371177319853,
        "SR": -0.30125654082977593,
        "MDD": 0.025041294863519026,
        "WinRatio": 0.4745762711864407,
        "WinLossRatio": 0.8656331116851086,
        "Calmar": -0.10850130637451601,
        "MDD_date": 20241231,
        "MDD_lastdays": 869,
        "MDD_recoverdays": 1,
        "Periods": 59
      },
      "多空": {
        "AnnualRt": 0.0013994390605538327,
        "AccumRt": 0.007181921258762269,
        "SR": 0.09607048599787166,
        "MDD": 0.03224253713979497,
        "WinRatio": 0.559322033898305,
        "WinLossRatio": 0.8504431964188202,
        "Calmar": 0.04340350309549901,
        "MDD_date": 20231120,
        "MDD_lastdays": 270,
        "MDD_recoverdays": 292,
        "Periods": 59
      }
    }
  },
  "risk_corr": {
    "mean": {}
  }
}