{
  "factor_name": "000001.SZ",
  "timestamp": "2026-06-23T00:39:11.422871",
  "ic": {
    "ic_mean": 0.001369186952700995,
    "ic_std": 0.14043313067048355,
    "icir": 0.00974974314226246,
    "rank_ic_mean": -0.014999874645318016,
    "rank_icir": -0.1031490964809506
  },
  "group": {
    "n_groups": 5,
    "group_eva_exc": {
      "1": {
        "AnnualRt": 0.00243356471367593,
        "AccumRt": 0.012489054110584874,
        "SR": 0.268849159310973,
        "MDD": 0.01976725550691516,
        "WinRatio": 0.4576271186440678,
        "WinLossRatio": 1.5099596929537635,
        "Calmar": 0.1231109049419935,
        "MDD_date": 20231128,
        "MDD_lastdays": 340,
        "MDD_recoverdays": 286,
        "Periods": 59
      },
      "2": {
        "AnnualRt": -0.0035901804540400045,
        "AccumRt": -0.018424806090133306,
        "SR": -0.38179936990451485,
        "MDD": 0.042240193990937924,
        "WinRatio": 0.423728813559322,
        "WinLossRatio": 1.0001421423274077,
        "Calmar": -0.08499441207136099,
        "MDD_date": 20221215,
        "MDD_lastdays": 593,
        "MDD_recoverdays": 534,
        "Periods": 59
      },
      "3": {
        "AnnualRt": 0.0021603385755818673,
        "AccumRt": 0.011086857569886144,
        "SR": 0.22239573518648328,
        "MDD": 0.012807960839655741,
        "WinRatio": 0.4915254237288136,
        "WinLossRatio": 1.2168420938254472,
        "Calmar": 0.1686715475341767,
        "MDD_date": 20240718,
        "MDD_lastdays": 169,
        "MDD_recoverdays": 117,
        "Periods": 59
      },
      "4": {
        "AnnualRt": 0.0060866686697417065,
        "AccumRt": 0.03123678361311444,
        "SR": 0.6515020646895979,
        "MDD": 0.012583671624032955,
        "WinRatio": 0.5254237288135594,
        "WinLossRatio": 1.417676870605338,
        "Calmar": 0.4836957647652747,
        "MDD_date": 20210204,
        "MDD_lastdays": 83,
        "MDD_recoverdays": 94,
        "Periods": 59
      },
      "5": {
        "AnnualRt": -0.006798745066938612,
        "AccumRt": -0.03489115968352896,
        "SR": -0.7350534757179573,
        "MDD": 0.03821112802168969,
        "WinRatio": 0.4067796610169492,
        "WinLossRatio": 0.8491998346944054,
        "Calmar": -0.1779257880866395,
        "MDD_date": 20240401,
        "MDD_lastdays": 1072,
        "MDD_recoverdays": 197,
        "Periods": 59
      }
    }
  },
  "longshort": {
    "eva": {
      "多头超额": {
        "AnnualRt": -0.006798745066938612,
        "AccumRt": -0.03489115968352896,
        "SR": -0.7350534757179573,
        "MDD": 0.03821112802168969,
        "WinRatio": 0.4067796610169492,
        "WinLossRatio": 0.8491998346944054,
        "Calmar": -0.1779257880866395,
        "MDD_date": 20240401,
        "MDD_lastdays": 1072,
        "MDD_recoverdays": 197,
        "Periods": 59
      },
      "空头超额": {
        "AnnualRt": 0.00243356471367593,
        "AccumRt": 0.012489054110584874,
        "SR": 0.268849159310973,
        "MDD": 0.01976725550691516,
        "WinRatio": 0.4576271186440678,
        "WinLossRatio": 1.5099596929537635,
        "Calmar": 0.1231109049419935,
        "MDD_date": 20231128,
        "MDD_lastdays": 340,
        "MDD_recoverdays": 286,
        "Periods": 59
      },
      "多空": {
        "AnnualRt": -0.009232309780614541,
        "AccumRt": -0.047380213794113835,
        "SR": -0.6347584314390237,
        "MDD": 0.05284502087429177,
        "WinRatio": 0.423728813559322,
        "WinLossRatio": 0.8265408396411469,
        "Calmar": -0.1747053862004605,
        "MDD_date": 20241231,
        "MDD_lastdays": 1243,
        "MDD_recoverdays": 1,
        "Periods": 59
      }
    }
  },
  "risk_corr": {
    "mean": {}
  }
}