{
  "factor_name": "000001.SZ",
  "timestamp": "2026-06-22T16:46:51.470695",
  "ic": {
    "ic_mean": 0.019700407786963265,
    "ic_std": 0.15741772820382177,
    "icir": 0.12514732623669625,
    "rank_ic_mean": 0.00027044777762248186,
    "rank_icir": 0.0019351660178847914
  },
  "group": {
    "n_groups": 5,
    "group_eva_exc": {
      "1": {
        "AnnualRt": -0.0016267516014312217,
        "AccumRt": -0.00834848921854503,
        "SR": -0.16045663347777317,
        "MDD": 0.027376685633655362,
        "WinRatio": 0.5254237288135594,
        "WinLossRatio": 0.8060987350644273,
        "Calmar": -0.05942105714328635,
        "MDD_date": 20220926,
        "MDD_lastdays": 409,
        "MDD_recoverdays": 592,
        "Periods": 59
      },
      "2": {
        "AnnualRt": 0.00013147181523669532,
        "AccumRt": 0.0006747133557947205,
        "SR": 0.013457510411998542,
        "MDD": 0.029261670973147913,
        "WinRatio": 0.576271186440678,
        "WinLossRatio": 0.742340566516084,
        "Calmar": 0.004492970184694542,
        "MDD_date": 20240228,
        "MDD_lastdays": 833,
        "MDD_recoverdays": 220,
        "Periods": 59
      },
      "3": {
        "AnnualRt": -0.001400665190933424,
        "AccumRt": -0.007188213759870332,
        "SR": -0.14142718781235836,
        "MDD": 0.024673110689156008,
        "WinRatio": 0.4576271186440678,
        "WinLossRatio": 1.0696788126757366,
        "Calmar": -0.05676889341517141,
        "MDD_date": 20221021,
        "MDD_lastdays": 358,
        "MDD_recoverdays": 326,
        "Periods": 59
      },
      "4": {
        "AnnualRt": -2.1552383269420167e-06,
        "AccumRt": -1.106068309386643e-05,
        "SR": -0.00021609669408929422,
        "MDD": 0.025311331891024524,
        "WinRatio": 0.4406779661016949,
        "WinLossRatio": 1.2690127930004629,
        "Calmar": -8.514914727605745e-05,
        "MDD_date": 20240909,
        "MDD_lastdays": 394,
        "MDD_recoverdays": 82,
        "Periods": 59
      },
      "5": {
        "AnnualRt": 0.002962583030405721,
        "AccumRt": 0.015203976112042161,
        "SR": 0.3036827522793334,
        "MDD": 0.013250621079410996,
        "WinRatio": 0.5423728813559322,
        "WinLossRatio": 1.098321727801402,
        "Calmar": 0.22358069200311106,
        "MDD_date": 20230426,
        "MDD_lastdays": 202,
        "MDD_recoverdays": 228,
        "Periods": 59
      }
    }
  },
  "longshort": {
    "eva": {
      "多头超额": {
        "AnnualRt": 0.002962583030405721,
        "AccumRt": 0.015203976112042161,
        "SR": 0.3036827522793334,
        "MDD": 0.013250621079410996,
        "WinRatio": 0.5423728813559322,
        "WinLossRatio": 1.098321727801402,
        "Calmar": 0.22358069200311106,
        "MDD_date": 20230426,
        "MDD_lastdays": 202,
        "MDD_recoverdays": 228,
        "Periods": 59
      },
      "空头超额": {
        "AnnualRt": -0.0016267516014312217,
        "AccumRt": -0.00834848921854503,
        "SR": -0.16045663347777317,
        "MDD": 0.027376685633655362,
        "WinRatio": 0.5254237288135594,
        "WinLossRatio": 0.8060987350644273,
        "Calmar": -0.05942105714328635,
        "MDD_date": 20220926,
        "MDD_lastdays": 409,
        "MDD_recoverdays": 592,
        "Periods": 59
      },
      "多空": {
        "AnnualRt": 0.004589334631836943,
        "AccumRt": 0.02355246533058719,
        "SR": 0.2887834334264042,
        "MDD": 0.022960203046056615,
        "WinRatio": 0.5423728813559322,
        "WinLossRatio": 1.049306826031307,
        "Calmar": 0.19988214488482736,
        "MDD_date": 20201019,
        "MDD_lastdays": 171,
        "MDD_recoverdays": 250,
        "Periods": 59
      }
    }
  },
  "risk_corr": {
    "mean": {}
  }
}