{
  "factor_name": "000001.SZ",
  "timestamp": "2026-06-23T09:45:13.540031",
  "ic": {
    "ic_mean": NaN,
    "ic_std": NaN,
    "icir": NaN,
    "rank_ic_mean": NaN,
    "rank_icir": NaN
  },
  "group": {
    "n_groups": 5,
    "group_eva_exc": {
      "1": {
        "AnnualRt": -0.005222106775841993,
        "AccumRt": -0.026799851973621114,
        "SR": -0.5605593243280443,
        "MDD": 0.04210321612915302,
        "WinRatio": 0.4576271186440678,
        "WinLossRatio": 0.7613641119852455,
        "Calmar": -0.1240310659362222,
        "MDD_date": 20241121,
        "MDD_lastdays": 1108,
        "MDD_recoverdays": 29,
        "Periods": 59
      },
      "2": {
        "AnnualRt": 0.005970456704923236,
        "AccumRt": 0.03064038380966605,
        "SR": 0.6680125877280111,
        "MDD": 0.0108320956359651,
        "WinRatio": 0.559322033898305,
        "WinLossRatio": 1.2592881629693793,
        "Calmar": 0.5511820524460584,
        "MDD_date": 20210205,
        "MDD_lastdays": 175,
        "MDD_recoverdays": 80,
        "Periods": 59
      },
      "3": {
        "AnnualRt": 0.001007725087871963,
        "AccumRt": 0.0051716451509589145,
        "SR": 0.11235751321458548,
        "MDD": 0.0220134898650991,
        "WinRatio": 0.5423728813559322,
        "WinLossRatio": 0.9115336551618818,
        "Calmar": 0.045777616091197015,
        "MDD_date": 20241230,
        "MDD_lastdays": 206,
        "MDD_recoverdays": 2,
        "Periods": 59
      },
      "4": {
        "AnnualRt": 0.0019910048620828597,
        "AccumRt": 0.010217836952209236,
        "SR": 0.21713967290052374,
        "MDD": 0.01723497175900901,
        "WinRatio": 0.576271186440678,
        "WinLossRatio": 0.8757639853565405,
        "Calmar": 0.115521214071159,
        "MDD_date": 20230118,
        "MDD_lastdays": 437,
        "MDD_recoverdays": 391,
        "Periods": 59
      },
      "5": {
        "AnnualRt": -0.0034718002555547277,
        "AccumRt": -0.017817278911506862,
        "SR": -0.36964129627752507,
        "MDD": 0.0275429742207719,
        "WinRatio": 0.4406779661016949,
        "WinLossRatio": 0.9708726946143807,
        "Calmar": -0.12605030334510584,
        "MDD_date": 20240115,
        "MDD_lastdays": 1024,
        "MDD_recoverdays": 252,
        "Periods": 59
      }
    }
  },
  "longshort": {
    "eva": {
      "多头超额": {
        "AnnualRt": -0.0034718002555547277,
        "AccumRt": -0.017817278911506862,
        "SR": -0.36964129627752507,
        "MDD": 0.0275429742207719,
        "WinRatio": 0.4406779661016949,
        "WinLossRatio": 0.9708726946143807,
        "Calmar": -0.12605030334510584,
        "MDD_date": 20240115,
        "MDD_lastdays": 1024,
        "MDD_recoverdays": 252,
        "Periods": 59
      },
      "空头超额": {
        "AnnualRt": -0.005222106775841993,
        "AccumRt": -0.026799851973621114,
        "SR": -0.5605593243280443,
        "MDD": 0.04210321612915302,
        "WinRatio": 0.4576271186440678,
        "WinLossRatio": 0.7613641119852455,
        "Calmar": -0.1240310659362222,
        "MDD_date": 20241121,
        "MDD_lastdays": 1108,
        "MDD_recoverdays": 29,
        "Periods": 59
      },
      "多空": {
        "AnnualRt": 0.0017503065202872665,
        "AccumRt": 0.008982573062114252,
        "SR": 0.1165183923613532,
        "MDD": 0.02929402921981039,
        "WinRatio": 0.559322033898305,
        "WinLossRatio": 0.8618824646693303,
        "Calmar": 0.059749599727428535,
        "MDD_date": 20200911,
        "MDD_lastdays": 140,
        "MDD_recoverdays": 434,
        "Periods": 59
      }
    }
  },
  "risk_corr": {
    "mean": {}
  }
}