{
  "factor_name": "000001.SZ",
  "timestamp": "2026-06-23T00:15:19.251713",
  "ic": {
    "ic_mean": 0.0174311164545656,
    "ic_std": 0.17756604057534328,
    "icir": 0.09816694902970131,
    "rank_ic_mean": 0.002979489006305369,
    "rank_icir": 0.01655442036423794
  },
  "group": {
    "n_groups": 5,
    "group_eva_exc": {
      "1": {
        "AnnualRt": 0.0009493402426917566,
        "AccumRt": 0.004872014125494095,
        "SR": 0.09678689546174744,
        "MDD": 0.019147101062715333,
        "WinRatio": 0.5254237288135594,
        "WinLossRatio": 0.9688860789711539,
        "Calmar": 0.04958140867289738,
        "MDD_date": 20230203,
        "MDD_lastdays": 723,
        "MDD_recoverdays": 498,
        "Periods": 59
      },
      "2": {
        "AnnualRt": -0.00256673285701977,
        "AccumRt": -0.013172473022225462,
        "SR": -0.25022209029687964,
        "MDD": 0.031802880486498264,
        "WinRatio": 0.5254237288135594,
        "WinLossRatio": 0.7615233826499201,
        "Calmar": -0.08070755911903836,
        "MDD_date": 20240422,
        "MDD_lastdays": 816,
        "MDD_recoverdays": 182,
        "Periods": 59
      },
      "3": {
        "AnnualRt": 0.005591423112136901,
        "AccumRt": 0.02869518341148658,
        "SR": 0.5468032355003337,
        "MDD": 0.012696436416259171,
        "WinRatio": 0.576271186440678,
        "WinLossRatio": 1.129173210729454,
        "Calmar": 0.44039310943789506,
        "MDD_date": 20221027,
        "MDD_lastdays": 41,
        "MDD_recoverdays": 362,
        "Periods": 59
      },
      "4": {
        "AnnualRt": -0.0064799665191785805,
        "AccumRt": -0.03325518817642448,
        "SR": -0.644910988192947,
        "MDD": 0.033328258059364124,
        "WinRatio": 0.3728813559322034,
        "WinLossRatio": 0.9532852990143412,
        "Calmar": -0.19442859892756761,
        "MDD_date": 20241231,
        "MDD_lastdays": 1265,
        "MDD_recoverdays": 1,
        "Periods": 59
      },
      "5": {
        "AnnualRt": 0.0026811296385275954,
        "AccumRt": 0.01375955730492362,
        "SR": 0.2636564991294023,
        "MDD": 0.018910386982899263,
        "WinRatio": 0.4915254237288136,
        "WinLossRatio": 1.2497144817117678,
        "Calmar": 0.14178079173906655,
        "MDD_date": 20230509,
        "MDD_lastdays": 281,
        "MDD_recoverdays": 398,
        "Periods": 59
      }
    }
  },
  "longshort": {
    "eva": {
      "多头超额": {
        "AnnualRt": 0.0026811296385275954,
        "AccumRt": 0.01375955730492362,
        "SR": 0.2636564991294023,
        "MDD": 0.018910386982899263,
        "WinRatio": 0.4915254237288136,
        "WinLossRatio": 1.2497144817117678,
        "Calmar": 0.14178079173906655,
        "MDD_date": 20230509,
        "MDD_lastdays": 281,
        "MDD_recoverdays": 398,
        "Periods": 59
      },
      "空头超额": {
        "AnnualRt": 0.0009493402426917566,
        "AccumRt": 0.004872014125494095,
        "SR": 0.09678689546174744,
        "MDD": 0.019147101062715333,
        "WinRatio": 0.5254237288135594,
        "WinLossRatio": 0.9688860789711539,
        "Calmar": 0.04958140867289738,
        "MDD_date": 20230203,
        "MDD_lastdays": 723,
        "MDD_recoverdays": 498,
        "Periods": 59
      },
      "多空": {
        "AnnualRt": 0.0017317893958358386,
        "AccumRt": 0.008887543179429525,
        "SR": 0.11130841429343512,
        "MDD": 0.03205439646468755,
        "WinRatio": 0.5254237288135594,
        "WinLossRatio": 0.9775559528304071,
        "Calmar": 0.054026579403659944,
        "MDD_date": 20240613,
        "MDD_lastdays": 677,
        "MDD_recoverdays": 144,
        "Periods": 59
      }
    }
  },
  "risk_corr": {
    "mean": {}
  }
}