{
  "factor_name": "000001.SZ",
  "timestamp": "2026-06-23T09:24:23.685965",
  "ic": {
    "ic_mean": -0.017198233425160768,
    "ic_std": 0.16001513954834684,
    "icir": -0.1074787890302374,
    "rank_ic_mean": -0.024992712515702096,
    "rank_icir": -0.1569819982324853
  },
  "group": {
    "n_groups": 5,
    "group_eva_exc": {
      "1": {
        "AnnualRt": 0.0054782337375303275,
        "AccumRt": 0.02811429554100564,
        "SR": 0.6237094103587896,
        "MDD": 0.0168772152836405,
        "WinRatio": 0.6101694915254238,
        "WinLossRatio": 0.9985589223870139,
        "Calmar": 0.32459346198187766,
        "MDD_date": 20220509,
        "MDD_lastdays": 400,
        "MDD_recoverdays": 241,
        "Periods": 59
      },
      "2": {
        "AnnualRt": 0.00030856089514245017,
        "AccumRt": 0.0015835345138710544,
        "SR": 0.03402469128438722,
        "MDD": 0.02255911286062051,
        "WinRatio": 0.5423728813559322,
        "WinLossRatio": 0.8649635018771776,
        "Calmar": 0.013677882505791182,
        "MDD_date": 20241002,
        "MDD_lastdays": 231,
        "MDD_recoverdays": 65,
        "Periods": 59
      },
      "3": {
        "AnnualRt": -0.009467786761378107,
        "AccumRt": -0.04858868165939245,
        "SR": -1.0129383772165874,
        "MDD": 0.04879465507031733,
        "WinRatio": 0.4067796610169492,
        "WinLossRatio": 0.7526590595694752,
        "Calmar": -0.19403327572936432,
        "MDD_date": 20240905,
        "MDD_lastdays": 1198,
        "MDD_recoverdays": 84,
        "Periods": 59
      },
      "4": {
        "AnnualRt": 0.007760538002476794,
        "AccumRt": 0.03982708102871091,
        "SR": 0.8370398251848037,
        "MDD": 0.0136958186167353,
        "WinRatio": 0.559322033898305,
        "WinLossRatio": 1.3911564677250456,
        "Calmar": 0.5666355710197547,
        "MDD_date": 20240129,
        "MDD_lastdays": 506,
        "MDD_recoverdays": 94,
        "Periods": 59
      },
      "5": {
        "AnnualRt": -0.0045030627614918665,
        "AccumRt": -0.02310971809197626,
        "SR": -0.4984506670689501,
        "MDD": 0.03293894204687353,
        "WinRatio": 0.4067796610169492,
        "WinLossRatio": 1.0342226025341597,
        "Calmar": -0.13670939264181026,
        "MDD_date": 20241129,
        "MDD_lastdays": 1242,
        "MDD_recoverdays": 23,
        "Periods": 59
      }
    }
  },
  "longshort": {
    "eva": {
      "多头超额": {
        "AnnualRt": -0.0045030627614918665,
        "AccumRt": -0.02310971809197626,
        "SR": -0.4984506670689501,
        "MDD": 0.03293894204687353,
        "WinRatio": 0.4067796610169492,
        "WinLossRatio": 1.0342226025341597,
        "Calmar": -0.13670939264181026,
        "MDD_date": 20241129,
        "MDD_lastdays": 1242,
        "MDD_recoverdays": 23,
        "Periods": 59
      },
      "空头超额": {
        "AnnualRt": 0.0054782337375303275,
        "AccumRt": 0.02811429554100564,
        "SR": 0.6237094103587896,
        "MDD": 0.0168772152836405,
        "WinRatio": 0.6101694915254238,
        "WinLossRatio": 0.9985589223870139,
        "Calmar": 0.32459346198187766,
        "MDD_date": 20220509,
        "MDD_lastdays": 400,
        "MDD_recoverdays": 241,
        "Periods": 59
      },
      "多空": {
        "AnnualRt": -0.009981296499022194,
        "AccumRt": -0.0512240136329819,
        "SR": -0.7029713995983168,
        "MDD": 0.0663431697103617,
        "WinRatio": 0.3898305084745763,
        "WinLossRatio": 0.9840218483371781,
        "Calmar": -0.15044949679971775,
        "MDD_date": 20241129,
        "MDD_lastdays": 1245,
        "MDD_recoverdays": 23,
        "Periods": 59
      }
    }
  },
  "risk_corr": {
    "mean": {}
  }
}