{
  "factor_name": "000001.SZ",
  "timestamp": "2026-06-22T16:50:08.494641",
  "ic": {
    "ic_mean": -8.67167593313519e-05,
    "ic_std": 0.15100976686680953,
    "icir": -0.0005742460314360725,
    "rank_ic_mean": -0.004311595295942475,
    "rank_icir": -0.02804650128229666
  },
  "group": {
    "n_groups": 5,
    "group_eva_exc": {
      "1": {
        "AnnualRt": -0.0026696058600567014,
        "AccumRt": -0.013700417273810994,
        "SR": -0.28703757249450296,
        "MDD": 0.03461722558291058,
        "WinRatio": 0.4067796610169492,
        "WinLossRatio": 1.2221195050651337,
        "Calmar": -0.0771178456708732,
        "MDD_date": 20240405,
        "MDD_lastdays": 1040,
        "MDD_recoverdays": 193,
        "Periods": 59
      },
      "2": {
        "AnnualRt": 0.005355228781316653,
        "AccumRt": 0.027483034105717064,
        "SR": 0.5713188382097006,
        "MDD": 0.014807368803379517,
        "WinRatio": 0.5423728813559322,
        "WinLossRatio": 1.2846792069547532,
        "Calmar": 0.36165971499909005,
        "MDD_date": 20230329,
        "MDD_lastdays": 361,
        "MDD_recoverdays": 85,
        "Periods": 59
      },
      "3": {
        "AnnualRt": 0.0014956535078166778,
        "AccumRt": 0.007675693802115191,
        "SR": 0.1619709502893136,
        "MDD": 0.017096038837935867,
        "WinRatio": 0.4915254237288136,
        "WinLossRatio": 1.1760270687505792,
        "Calmar": 0.08748538313435765,
        "MDD_date": 20231204,
        "MDD_lastdays": 218,
        "MDD_recoverdays": 115,
        "Periods": 59
      },
      "4": {
        "AnnualRt": -0.0048809205969198785,
        "AccumRt": -0.02504888450339282,
        "SR": -0.5464953050496252,
        "MDD": 0.04635950796764765,
        "WinRatio": 0.423728813559322,
        "WinLossRatio": 0.9780157614691891,
        "Calmar": -0.10528413287574294,
        "MDD_date": 20240613,
        "MDD_lastdays": 805,
        "MDD_recoverdays": 144,
        "Periods": 59
      },
      "5": {
        "AnnualRt": 0.0007646805529040476,
        "AccumRt": 0.003924340597503573,
        "SR": 0.08528531394735753,
        "MDD": 0.014132249927863327,
        "WinRatio": 0.5254237288135594,
        "WinLossRatio": 0.9678651960853413,
        "Calmar": 0.054108903876402124,
        "MDD_date": 20210520,
        "MDD_lastdays": 140,
        "MDD_recoverdays": 326,
        "Periods": 59
      }
    }
  },
  "longshort": {
    "eva": {
      "多头超额": {
        "AnnualRt": 0.0007646805529040476,
        "AccumRt": 0.003924340597503573,
        "SR": 0.08528531394735753,
        "MDD": 0.014132249927863327,
        "WinRatio": 0.5254237288135594,
        "WinLossRatio": 0.9678651960853413,
        "Calmar": 0.054108903876402124,
        "MDD_date": 20210520,
        "MDD_lastdays": 140,
        "MDD_recoverdays": 326,
        "Periods": 59
      },
      "空头超额": {
        "AnnualRt": -0.0026696058600567014,
        "AccumRt": -0.013700417273810994,
        "SR": -0.28703757249450296,
        "MDD": 0.03461722558291058,
        "WinRatio": 0.4067796610169492,
        "WinLossRatio": 1.2221195050651337,
        "Calmar": -0.0771178456708732,
        "MDD_date": 20240405,
        "MDD_lastdays": 1040,
        "MDD_recoverdays": 193,
        "Periods": 59
      },
      "多空": {
        "AnnualRt": 0.003434286412960771,
        "AccumRt": 0.017624757871314678,
        "SR": 0.23723958286899466,
        "MDD": 0.028292230331848023,
        "WinRatio": 0.5254237288135594,
        "WinLossRatio": 1.0671098248557118,
        "Calmar": 0.1213862029496791,
        "MDD_date": 20241111,
        "MDD_lastdays": 160,
        "MDD_recoverdays": 37,
        "Periods": 59
      }
    }
  },
  "risk_corr": {
    "mean": {}
  }
}