{
  "factor_name": "000001.SZ",
  "timestamp": "2026-06-23T00:07:03.168754",
  "ic": {
    "ic_mean": -0.018693244311642456,
    "ic_std": 0.1550155075961026,
    "icir": -0.12058951134326668,
    "rank_ic_mean": -0.019262548606129158,
    "rank_icir": -0.121275143918837
  },
  "group": {
    "n_groups": 5,
    "group_eva_exc": {
      "1": {
        "AnnualRt": 0.004026456879389484,
        "AccumRt": 0.020663776705026837,
        "SR": 0.4265612475739255,
        "MDD": 0.02747024410422816,
        "WinRatio": 0.6101694915254238,
        "WinLossRatio": 0.8673707511251687,
        "Calmar": 0.14657521295086492,
        "MDD_date": 20220301,
        "MDD_lastdays": 488,
        "MDD_recoverdays": 476,
        "Periods": 59
      },
      "2": {
        "AnnualRt": -2.576957308069049e-05,
        "AccumRt": -0.0001322494490501036,
        "SR": -0.0027691350457236053,
        "MDD": 0.03253250391435669,
        "WinRatio": 0.4745762711864407,
        "WinLossRatio": 1.1049504236889995,
        "Calmar": -0.0007921177278124694,
        "MDD_date": 20241231,
        "MDD_lastdays": 435,
        "MDD_recoverdays": 1,
        "Periods": 59
      },
      "3": {
        "AnnualRt": -0.0030350841337740595,
        "AccumRt": -0.015576051774528477,
        "SR": -0.3170290284123127,
        "MDD": 0.043988046573358086,
        "WinRatio": 0.3898305084745763,
        "WinLossRatio": 1.2393680489609198,
        "Calmar": -0.06899792944232028,
        "MDD_date": 20240404,
        "MDD_lastdays": 860,
        "MDD_recoverdays": 194,
        "Periods": 59
      },
      "4": {
        "AnnualRt": 0.005227449058526616,
        "AccumRt": 0.026827268568358598,
        "SR": 0.5534452407076217,
        "MDD": 0.01522561905205444,
        "WinRatio": 0.576271186440678,
        "WinLossRatio": 1.1296673721167905,
        "Calmar": 0.3433324478075169,
        "MDD_date": 20200826,
        "MDD_lastdays": 128,
        "MDD_recoverdays": 132,
        "Periods": 59
      },
      "5": {
        "AnnualRt": -0.006033137255060579,
        "AccumRt": -0.03096206039297089,
        "SR": -0.6731556579489519,
        "MDD": 0.04439345498161096,
        "WinRatio": 0.3728813559322034,
        "WinLossRatio": 1.0746962686922679,
        "Calmar": -0.13590150299317044,
        "MDD_date": 20241230,
        "MDD_lastdays": 1139,
        "MDD_recoverdays": 2,
        "Periods": 59
      }
    }
  },
  "longshort": {
    "eva": {
      "多头超额": {
        "AnnualRt": -0.006033137255060579,
        "AccumRt": -0.03096206039297089,
        "SR": -0.6731556579489519,
        "MDD": 0.04439345498161096,
        "WinRatio": 0.3728813559322034,
        "WinLossRatio": 1.0746962686922679,
        "Calmar": -0.13590150299317044,
        "MDD_date": 20241230,
        "MDD_lastdays": 1139,
        "MDD_recoverdays": 2,
        "Periods": 59
      },
      "空头超额": {
        "AnnualRt": 0.004026456879389484,
        "AccumRt": 0.020663776705026837,
        "SR": 0.4265612475739255,
        "MDD": 0.02747024410422816,
        "WinRatio": 0.6101694915254238,
        "WinLossRatio": 0.8673707511251687,
        "Calmar": 0.14657521295086492,
        "MDD_date": 20220301,
        "MDD_lastdays": 488,
        "MDD_recoverdays": 476,
        "Periods": 59
      },
      "多空": {
        "AnnualRt": -0.010059594134450064,
        "AccumRt": -0.05162583709799773,
        "SR": -0.7010172973171198,
        "MDD": 0.07591730367529914,
        "WinRatio": 0.423728813559322,
        "WinLossRatio": 0.8484740412950206,
        "Calmar": -0.13250726313299122,
        "MDD_date": 20241230,
        "MDD_lastdays": 648,
        "MDD_recoverdays": 2,
        "Periods": 59
      }
    }
  },
  "risk_corr": {
    "mean": {}
  }
}