{
  "factor_name": "000001.SZ",
  "timestamp": "2026-06-23T00:05:26.939257",
  "ic": {
    "ic_mean": -0.015149050812937956,
    "ic_std": 0.15676311151430775,
    "icir": -0.09663657901785971,
    "rank_ic_mean": -0.01740175418138378,
    "rank_icir": -0.1083566361023161
  },
  "group": {
    "n_groups": 5,
    "group_eva_exc": {
      "1": {
        "AnnualRt": 0.0038187467880571122,
        "AccumRt": 0.0195978085163091,
        "SR": 0.4352227913411455,
        "MDD": 0.02368255394200014,
        "WinRatio": 0.559322033898305,
        "WinLossRatio": 1.0299134528769067,
        "Calmar": 0.16124725388188413,
        "MDD_date": 20211230,
        "MDD_lastdays": 392,
        "MDD_recoverdays": 383,
        "Periods": 59
      },
      "2": {
        "AnnualRt": -0.006010502395837261,
        "AccumRt": -0.030845898295436824,
        "SR": -0.6606432964879682,
        "MDD": 0.04267768573273467,
        "WinRatio": 0.4915254237288136,
        "WinLossRatio": 0.6701771244967633,
        "Calmar": -0.14083477800266664,
        "MDD_date": 20241224,
        "MDD_lastdays": 757,
        "MDD_recoverdays": 6,
        "Periods": 59
      },
      "3": {
        "AnnualRt": 0.004838645035320985,
        "AccumRt": 0.024831926321267295,
        "SR": 0.5158021943725972,
        "MDD": 0.014022336936548863,
        "WinRatio": 0.6101694915254238,
        "WinLossRatio": 0.9587351911987855,
        "Calmar": 0.3450669497684926,
        "MDD_date": 20241007,
        "MDD_lastdays": 169,
        "MDD_recoverdays": 62,
        "Periods": 59
      },
      "4": {
        "AnnualRt": 0.0012164597856955256,
        "AccumRt": 0.0062428716201894385,
        "SR": 0.13015704517411603,
        "MDD": 0.020524200499469125,
        "WinRatio": 0.5084745762711864,
        "WinLossRatio": 1.068883276686604,
        "Calmar": 0.059269533335877825,
        "MDD_date": 20230516,
        "MDD_lastdays": 491,
        "MDD_recoverdays": 426,
        "Periods": 59
      },
      "5": {
        "AnnualRt": -0.003767665331571879,
        "AccumRt": -0.019335658481626883,
        "SR": -0.40113476119212843,
        "MDD": 0.032719633785703195,
        "WinRatio": 0.4745762711864407,
        "WinLossRatio": 0.8253417732821233,
        "Calmar": -0.1151499847537461,
        "MDD_date": 20231127,
        "MDD_lastdays": 927,
        "MDD_recoverdays": 287,
        "Periods": 59
      }
    }
  },
  "longshort": {
    "eva": {
      "多头超额": {
        "AnnualRt": -0.003767665331571879,
        "AccumRt": -0.019335658481626883,
        "SR": -0.40113476119212843,
        "MDD": 0.032719633785703195,
        "WinRatio": 0.4745762711864407,
        "WinLossRatio": 0.8253417732821233,
        "Calmar": -0.1151499847537461,
        "MDD_date": 20231127,
        "MDD_lastdays": 927,
        "MDD_recoverdays": 287,
        "Periods": 59
      },
      "空头超额": {
        "AnnualRt": 0.0038187467880571122,
        "AccumRt": 0.0195978085163091,
        "SR": 0.4352227913411455,
        "MDD": 0.02368255394200014,
        "WinRatio": 0.559322033898305,
        "WinLossRatio": 1.0299134528769067,
        "Calmar": 0.16124725388188413,
        "MDD_date": 20211230,
        "MDD_lastdays": 392,
        "MDD_recoverdays": 383,
        "Periods": 59
      },
      "多空": {
        "AnnualRt": -0.007586412119628991,
        "AccumRt": -0.038933466997935984,
        "SR": -0.5260149186587112,
        "MDD": 0.04655048075655832,
        "WinRatio": 0.4576271186440678,
        "WinLossRatio": 0.8261910093139928,
        "Calmar": -0.16297172438031524,
        "MDD_date": 20241106,
        "MDD_lastdays": 652,
        "MDD_recoverdays": 40,
        "Periods": 59
      }
    }
  },
  "risk_corr": {
    "mean": {}
  }
}