{
  "factor_name": "000001.SZ",
  "timestamp": "2026-06-22T16:43:45.945038",
  "ic": {
    "ic_mean": 0.004700171916346365,
    "ic_std": 0.16222240100755098,
    "icir": 0.028973630566148417,
    "rank_ic_mean": 0.0020854734123739935,
    "rank_icir": 0.012968849001263171
  },
  "group": {
    "n_groups": 5,
    "group_eva_exc": {
      "1": {
        "AnnualRt": -0.004571868305967225,
        "AccumRt": -0.023462828146223802,
        "SR": -0.5184204294562992,
        "MDD": 0.034809192144908185,
        "WinRatio": 0.3728813559322034,
        "WinLossRatio": 1.1983235389204572,
        "Calmar": -0.13134083339064187,
        "MDD_date": 20240326,
        "MDD_lastdays": 678,
        "MDD_recoverdays": 201,
        "Periods": 59
      },
      "2": {
        "AnnualRt": 0.001798134778392899,
        "AccumRt": 0.009228027682712359,
        "SR": 0.19994883974216188,
        "MDD": 0.01614389299140151,
        "WinRatio": 0.559322033898305,
        "WinLossRatio": 0.9236680833717539,
        "Calmar": 0.11138173297795109,
        "MDD_date": 20231204,
        "MDD_lastdays": 295,
        "MDD_recoverdays": 192,
        "Periods": 59
      },
      "3": {
        "AnnualRt": 0.0053996230755591285,
        "AccumRt": 0.027710865623769454,
        "SR": 0.5788349578096866,
        "MDD": 0.013753026966782711,
        "WinRatio": 0.5932203389830508,
        "WinLossRatio": 1.0720269007787797,
        "Calmar": 0.39261342892736867,
        "MDD_date": 20240916,
        "MDD_lastdays": 197,
        "MDD_recoverdays": 77,
        "Periods": 59
      },
      "4": {
        "AnnualRt": -0.0005247943361548474,
        "AccumRt": -0.002693244533146677,
        "SR": -0.05557806033917824,
        "MDD": 0.01726487272327315,
        "WinRatio": 0.5254237288135594,
        "WinLossRatio": 0.86234092013585,
        "Calmar": -0.03039665247270671,
        "MDD_date": 20241010,
        "MDD_lastdays": 300,
        "MDD_recoverdays": 59,
        "Periods": 59
      },
      "5": {
        "AnnualRt": -0.002930251576174542,
        "AccumRt": -0.01503805108892775,
        "SR": -0.29568123449542794,
        "MDD": 0.02418910213433667,
        "WinRatio": 0.4576271186440678,
        "WinLossRatio": 0.9753439138447515,
        "Calmar": -0.1211393279461589,
        "MDD_date": 20231116,
        "MDD_lastdays": 990,
        "MDD_recoverdays": 294,
        "Periods": 59
      }
    }
  },
  "longshort": {
    "eva": {
      "多头超额": {
        "AnnualRt": -0.002930251576174542,
        "AccumRt": -0.01503805108892775,
        "SR": -0.29568123449542794,
        "MDD": 0.02418910213433667,
        "WinRatio": 0.4576271186440678,
        "WinLossRatio": 0.9753439138447515,
        "Calmar": -0.1211393279461589,
        "MDD_date": 20231116,
        "MDD_lastdays": 990,
        "MDD_recoverdays": 294,
        "Periods": 59
      },
      "空头超额": {
        "AnnualRt": -0.004571868305967225,
        "AccumRt": -0.023462828146223802,
        "SR": -0.5184204294562992,
        "MDD": 0.034809192144908185,
        "WinRatio": 0.3728813559322034,
        "WinLossRatio": 1.1983235389204572,
        "Calmar": -0.13134083339064187,
        "MDD_date": 20240326,
        "MDD_lastdays": 678,
        "MDD_recoverdays": 201,
        "Periods": 59
      },
      "多空": {
        "AnnualRt": 0.0016416167297926834,
        "AccumRt": 0.008424777057296051,
        "SR": 0.11072209635134019,
        "MDD": 0.02564674579845616,
        "WinRatio": 0.5423728813559322,
        "WinLossRatio": 0.9041596562404888,
        "Calmar": 0.06400877299183519,
        "MDD_date": 20210706,
        "MDD_lastdays": 316,
        "MDD_recoverdays": 226,
        "Periods": 59
      }
    }
  },
  "risk_corr": {
    "mean": {}
  }
}