{
  "factor_name": "000001.SZ",
  "timestamp": "2026-06-22T16:40:58.909395",
  "ic": {
    "ic_mean": 0.032644310087837906,
    "ic_std": 0.14585115519629532,
    "icir": 0.2238193454409272,
    "rank_ic_mean": 0.03369298861125956,
    "rank_icir": 0.21497765051523535
  },
  "group": {
    "n_groups": 5,
    "group_eva_exc": {
      "1": {
        "AnnualRt": -0.009823948567250919,
        "AccumRt": -0.050416504047131716,
        "SR": -1.1738477235467464,
        "MDD": 0.05725823824037024,
        "WinRatio": 0.3898305084745763,
        "WinLossRatio": 0.6874813690015589,
        "Calmar": -0.17157266568366905,
        "MDD_date": 20241230,
        "MDD_lastdays": 1148,
        "MDD_recoverdays": 2,
        "Periods": 59
      },
      "2": {
        "AnnualRt": -0.001100859154428106,
        "AccumRt": -0.005649609180525039,
        "SR": -0.1138814635622852,
        "MDD": 0.02876715236821814,
        "WinRatio": 0.5084745762711864,
        "WinLossRatio": 0.8958241545342467,
        "Calmar": -0.038267922397641686,
        "MDD_date": 20240820,
        "MDD_lastdays": 563,
        "MDD_recoverdays": 96,
        "Periods": 59
      },
      "3": {
        "AnnualRt": 0.005443875526949168,
        "AccumRt": 0.027937969204303137,
        "SR": 0.5851185213316954,
        "MDD": 0.015827540550462538,
        "WinRatio": 0.576271186440678,
        "WinLossRatio": 1.0974484996137175,
        "Calmar": 0.3439495548656218,
        "MDD_date": 20230220,
        "MDD_lastdays": 68,
        "MDD_recoverdays": 166,
        "Periods": 59
      },
      "4": {
        "AnnualRt": 0.006567465309564907,
        "AccumRt": 0.033704231968687104,
        "SR": 0.6991422963337954,
        "MDD": 0.012150804765946877,
        "WinRatio": 0.559322033898305,
        "WinLossRatio": 1.2734783447126516,
        "Calmar": 0.5404963239941518,
        "MDD_date": 20231019,
        "MDD_lastdays": 177,
        "MDD_recoverdays": 184,
        "Periods": 59
      },
      "5": {
        "AnnualRt": 0.0002907441851961909,
        "AccumRt": 0.0014920991584268517,
        "SR": 0.03199331893579367,
        "MDD": 0.03560051228350436,
        "WinRatio": 0.5084745762711864,
        "WinLossRatio": 0.9848264896622084,
        "Calmar": 0.008166853973360052,
        "MDD_date": 20220624,
        "MDD_lastdays": 611,
        "MDD_recoverdays": 647,
        "Periods": 59
      }
    }
  },
  "longshort": {
    "eva": {
      "多头超额": {
        "AnnualRt": 0.0002907441851961909,
        "AccumRt": 0.0014920991584268517,
        "SR": 0.03199331893579367,
        "MDD": 0.03560051228350436,
        "WinRatio": 0.5084745762711864,
        "WinLossRatio": 0.9848264896622084,
        "Calmar": 0.008166853973360052,
        "MDD_date": 20220624,
        "MDD_lastdays": 611,
        "MDD_recoverdays": 647,
        "Periods": 59
      },
      "空头超额": {
        "AnnualRt": -0.009823948567250919,
        "AccumRt": -0.050416504047131716,
        "SR": -1.1738477235467464,
        "MDD": 0.05725823824037024,
        "WinRatio": 0.3898305084745763,
        "WinLossRatio": 0.6874813690015589,
        "Calmar": -0.17157266568366905,
        "MDD_date": 20241230,
        "MDD_lastdays": 1148,
        "MDD_recoverdays": 2,
        "Periods": 59
      },
      "多空": {
        "AnnualRt": 0.010114692752447089,
        "AccumRt": 0.05190860320555846,
        "SR": 0.7301713998241746,
        "MDD": 0.02388325474889852,
        "WinRatio": 0.5932203389830508,
        "WinLossRatio": 1.0788415766318677,
        "Calmar": 0.4235056259622057,
        "MDD_date": 20220103,
        "MDD_lastdays": 100,
        "MDD_recoverdays": 251,
        "Periods": 59
      }
    }
  },
  "risk_corr": {
    "mean": {}
  }
}