{
  "factor_name": "000001.SZ",
  "timestamp": "2026-06-23T01:46:23.112725",
  "ic": {
    "ic_mean": -0.04355026261779499,
    "ic_std": 0.19690417847141992,
    "icir": -0.22117490322388556,
    "rank_ic_mean": -0.04952821164224227,
    "rank_icir": -0.24795205465932796
  },
  "group": {
    "n_groups": 5,
    "group_eva_exc": {
      "1": {
        "AnnualRt": 0.0050620645682454765,
        "AccumRt": 0.025978515364235788,
        "SR": 0.4646320833620003,
        "MDD": 0.03755597726331383,
        "WinRatio": 0.5423728813559322,
        "WinLossRatio": 1.1531894996425414,
        "Calmar": 0.134787188008826,
        "MDD_date": 20240208,
        "MDD_lastdays": 516,
        "MDD_recoverdays": 234,
        "Periods": 59
      },
      "2": {
        "AnnualRt": 0.004366552275242119,
        "AccumRt": 0.022409146276542558,
        "SR": 0.3749570157417006,
        "MDD": 0.019647896721242564,
        "WinRatio": 0.5423728813559322,
        "WinLossRatio": 1.1291778193940798,
        "Calmar": 0.22224018871807116,
        "MDD_date": 20200826,
        "MDD_lastdays": 133,
        "MDD_recoverdays": 94,
        "Periods": 59
      },
      "3": {
        "AnnualRt": -0.00016428221169040172,
        "AccumRt": -0.0008430963103951417,
        "SR": -0.013822052952421894,
        "MDD": 0.05712259092925365,
        "WinRatio": 0.5423728813559322,
        "WinLossRatio": 0.8351839792383569,
        "Calmar": -0.0028759586884611957,
        "MDD_date": 20221019,
        "MDD_lastdays": 675,
        "MDD_recoverdays": 575,
        "Periods": 59
      },
      "4": {
        "AnnualRt": -0.0019422091087825896,
        "AccumRt": -0.00996741714627225,
        "SR": -0.1720208588235482,
        "MDD": 0.02775400671243744,
        "WinRatio": 0.5254237288135594,
        "WinLossRatio": 0.7999816293866112,
        "Calmar": -0.069979413383662,
        "MDD_date": 20241224,
        "MDD_lastdays": 836,
        "MDD_recoverdays": 6,
        "Periods": 59
      },
      "5": {
        "AnnualRt": -0.008132079843581974,
        "AccumRt": -0.041733833757262695,
        "SR": -0.7091349261404903,
        "MDD": 0.04668786680404968,
        "WinRatio": 0.4067796610169492,
        "WinLossRatio": 0.8779822924638431,
        "Calmar": -0.17417972591706848,
        "MDD_date": 20240911,
        "MDD_lastdays": 1144,
        "MDD_recoverdays": 80,
        "Periods": 59
      }
    }
  },
  "longshort": {
    "eva": {
      "多头超额": {
        "AnnualRt": -0.008132079843581974,
        "AccumRt": -0.041733833757262695,
        "SR": -0.7091349261404903,
        "MDD": 0.04668786680404968,
        "WinRatio": 0.4067796610169492,
        "WinLossRatio": 0.8779822924638431,
        "Calmar": -0.17417972591706848,
        "MDD_date": 20240911,
        "MDD_lastdays": 1144,
        "MDD_recoverdays": 80,
        "Periods": 59
      },
      "空头超额": {
        "AnnualRt": 0.0050620645682454765,
        "AccumRt": 0.025978515364235788,
        "SR": 0.4646320833620003,
        "MDD": 0.03755597726331383,
        "WinRatio": 0.5423728813559322,
        "WinLossRatio": 1.1531894996425414,
        "Calmar": 0.134787188008826,
        "MDD_date": 20240208,
        "MDD_lastdays": 516,
        "MDD_recoverdays": 234,
        "Periods": 59
      },
      "多空": {
        "AnnualRt": -0.01319414441182745,
        "AccumRt": -0.06771234912149848,
        "SR": -0.7368552605201945,
        "MDD": 0.06838171378262614,
        "WinRatio": 0.423728813559322,
        "WinLossRatio": 0.8256069736591852,
        "Calmar": -0.19294843141500365,
        "MDD_date": 20241231,
        "MDD_lastdays": 1282,
        "MDD_recoverdays": 1,
        "Periods": 59
      }
    }
  },
  "risk_corr": {
    "mean": {}
  }
}