{
  "factor_name": "000001.SZ",
  "timestamp": "2026-06-23T01:52:22.096206",
  "ic": {
    "ic_mean": -0.004613947651774516,
    "ic_std": 0.1849824492691868,
    "icir": -0.024942623854332744,
    "rank_ic_mean": 0.0008675060655006238,
    "rank_icir": 0.004734601105264972
  },
  "group": {
    "n_groups": 5,
    "group_eva_exc": {
      "1": {
        "AnnualRt": -0.0010918967391774822,
        "AccumRt": -0.0056036140654588396,
        "SR": -0.09844986938224626,
        "MDD": 0.0359288962272013,
        "WinRatio": 0.5084745762711864,
        "WinLossRatio": 0.8991580786507116,
        "Calmar": -0.030390489378597202,
        "MDD_date": 20240812,
        "MDD_lastdays": 575,
        "MDD_recoverdays": 102,
        "Periods": 59
      },
      "2": {
        "AnnualRt": 0.002162782107053773,
        "AccumRt": 0.011099397773399966,
        "SR": 0.19813374210926088,
        "MDD": 0.04091964234474177,
        "WinRatio": 0.4915254237288136,
        "WinLossRatio": 1.2124862234055638,
        "Calmar": 0.052854374650508004,
        "MDD_date": 20241120,
        "MDD_lastdays": 648,
        "MDD_recoverdays": 30,
        "Periods": 59
      },
      "3": {
        "AnnualRt": 0.003696715355190245,
        "AccumRt": 0.01897154320283634,
        "SR": 0.31792531980091776,
        "MDD": 0.01595626691963592,
        "WinRatio": 0.5423728813559322,
        "WinLossRatio": 1.0442193304383094,
        "Calmar": 0.231677959124702,
        "MDD_date": 20230829,
        "MDD_lastdays": 100,
        "MDD_recoverdays": 248,
        "Periods": 59
      },
      "4": {
        "AnnualRt": -0.0018894624440845666,
        "AccumRt": -0.009696721263041996,
        "SR": -0.16926705254806174,
        "MDD": 0.040665378978595235,
        "WinRatio": 0.4406779661016949,
        "WinLossRatio": 1.1278714818062783,
        "Calmar": -0.04646366249479958,
        "MDD_date": 20230105,
        "MDD_lastdays": 759,
        "MDD_recoverdays": 339,
        "Periods": 59
      },
      "5": {
        "AnnualRt": -0.0022771168352152234,
        "AccumRt": -0.011686163598324528,
        "SR": -0.2108131463260161,
        "MDD": 0.036155537767078805,
        "WinRatio": 0.4576271186440678,
        "WinLossRatio": 1.0227640919014902,
        "Calmar": -0.06298113583276965,
        "MDD_date": 20220601,
        "MDD_lastdays": 541,
        "MDD_recoverdays": 675,
        "Periods": 59
      }
    }
  },
  "longshort": {
    "eva": {
      "多头超额": {
        "AnnualRt": -0.0022771168352152234,
        "AccumRt": -0.011686163598324528,
        "SR": -0.2108131463260161,
        "MDD": 0.036155537767078805,
        "WinRatio": 0.4576271186440678,
        "WinLossRatio": 1.0227640919014902,
        "Calmar": -0.06298113583276965,
        "MDD_date": 20220601,
        "MDD_lastdays": 541,
        "MDD_recoverdays": 675,
        "Periods": 59
      },
      "空头超额": {
        "AnnualRt": -0.0010918967391774822,
        "AccumRt": -0.0056036140654588396,
        "SR": -0.09844986938224626,
        "MDD": 0.0359288962272013,
        "WinRatio": 0.5084745762711864,
        "WinLossRatio": 0.8991580786507116,
        "Calmar": -0.030390489378597202,
        "MDD_date": 20240812,
        "MDD_lastdays": 575,
        "MDD_recoverdays": 102,
        "Periods": 59
      },
      "多空": {
        "AnnualRt": -0.0011852200960377412,
        "AccumRt": -0.006082549532865689,
        "SR": -0.06999708678642545,
        "MDD": 0.04644855193029218,
        "WinRatio": 0.5423728813559322,
        "WinLossRatio": 0.8045221384547193,
        "Calmar": -0.025516836301300937,
        "MDD_date": 20220601,
        "MDD_lastdays": 351,
        "MDD_recoverdays": 556,
        "Periods": 59
      }
    }
  },
  "risk_corr": {
    "mean": {}
  }
}