{
  "factor_name": "000001.SZ",
  "timestamp": "2026-06-23T01:55:17.327719",
  "ic": {
    "ic_mean": 0.03816392529308254,
    "ic_std": 0.13595916161578261,
    "icir": 0.2807013873837564,
    "rank_ic_mean": 0.03476064408818266,
    "rank_icir": 0.2620284973806993
  },
  "group": {
    "n_groups": 5,
    "group_eva_exc": {
      "1": {
        "AnnualRt": -0.010351328164681109,
        "AccumRt": -0.05312301614114345,
        "SR": -1.1395925147301365,
        "MDD": 0.0572310580257831,
        "WinRatio": 0.288135593220339,
        "WinLossRatio": 1.0820381649989312,
        "Calmar": -0.18086906867976726,
        "MDD_date": 20241231,
        "MDD_lastdays": 1239,
        "MDD_recoverdays": 1,
        "Periods": 59
      },
      "2": {
        "AnnualRt": 0.0027164654534594336,
        "AccumRt": 0.013940900707153814,
        "SR": 0.3047575368837929,
        "MDD": 0.021161727245952444,
        "WinRatio": 0.576271186440678,
        "WinLossRatio": 0.8848684992230369,
        "Calmar": 0.12836690606051573,
        "MDD_date": 20231207,
        "MDD_lastdays": 728,
        "MDD_recoverdays": 182,
        "Periods": 59
      },
      "3": {
        "AnnualRt": -0.0007146814627830773,
        "AccumRt": -0.0036677452670027533,
        "SR": -0.07467522737835317,
        "MDD": 0.026021580076672657,
        "WinRatio": 0.4915254237288136,
        "WinLossRatio": 0.9840406845216443,
        "Calmar": -0.027464952576948302,
        "MDD_date": 20240417,
        "MDD_lastdays": 443,
        "MDD_recoverdays": 185,
        "Periods": 59
      },
      "4": {
        "AnnualRt": 0.006143689945252853,
        "AccumRt": 0.031529416799037646,
        "SR": 0.7202687895999266,
        "MDD": 0.007800217442006541,
        "WinRatio": 0.4915254237288136,
        "WinLossRatio": 2.0269937008347862,
        "Calmar": 0.7876306001634283,
        "MDD_date": 20230425,
        "MDD_lastdays": 159,
        "MDD_recoverdays": 58,
        "Periods": 59
      },
      "5": {
        "AnnualRt": 0.0029027429351726804,
        "AccumRt": 0.014896876743306198,
        "SR": 0.33025222798714376,
        "MDD": 0.014455437040272301,
        "WinRatio": 0.5932203389830508,
        "WinLossRatio": 0.8769485681346927,
        "Calmar": 0.20080630748733147,
        "MDD_date": 20210308,
        "MDD_lastdays": 135,
        "MDD_recoverdays": 278,
        "Periods": 59
      }
    }
  },
  "longshort": {
    "eva": {
      "多头超额": {
        "AnnualRt": 0.0029027429351726804,
        "AccumRt": 0.014896876743306198,
        "SR": 0.33025222798714376,
        "MDD": 0.014455437040272301,
        "WinRatio": 0.5932203389830508,
        "WinLossRatio": 0.8769485681346927,
        "Calmar": 0.20080630748733147,
        "MDD_date": 20210308,
        "MDD_lastdays": 135,
        "MDD_recoverdays": 278,
        "Periods": 59
      },
      "空头超额": {
        "AnnualRt": -0.010351328164681109,
        "AccumRt": -0.05312301614114345,
        "SR": -1.1395925147301365,
        "MDD": 0.0572310580257831,
        "WinRatio": 0.288135593220339,
        "WinLossRatio": 1.0820381649989312,
        "Calmar": -0.18086906867976726,
        "MDD_date": 20241231,
        "MDD_lastdays": 1239,
        "MDD_recoverdays": 1,
        "Periods": 59
      },
      "多空": {
        "AnnualRt": 0.013254071099853767,
        "AccumRt": 0.06801989288444954,
        "SR": 0.9299489111214788,
        "MDD": 0.016903999682575055,
        "WinRatio": 0.6779661016949152,
        "WinLossRatio": 0.974089490408118,
        "Calmar": 0.78407899602106,
        "MDD_date": 20220928,
        "MDD_lastdays": 47,
        "MDD_recoverdays": 164,
        "Periods": 59
      }
    }
  },
  "risk_corr": {
    "mean": {}
  }
}