{
  "factor_name": "000001.SZ",
  "timestamp": "2026-06-22T16:43:05.402436",
  "ic": {
    "ic_mean": 0.027104634835166976,
    "ic_std": 0.17062152724144544,
    "icir": 0.15885823596462936,
    "rank_ic_mean": 0.02805981925002033,
    "rank_icir": 0.16781250608702838
  },
  "group": {
    "n_groups": 5,
    "group_eva_exc": {
      "1": {
        "AnnualRt": -0.005801974220750755,
        "AccumRt": -0.02977573170089287,
        "SR": -0.5859834931922974,
        "MDD": 0.057321858851905216,
        "WinRatio": 0.4406779661016949,
        "WinLossRatio": 0.8790975605226952,
        "Calmar": -0.10121748207329662,
        "MDD_date": 20241127,
        "MDD_lastdays": 608,
        "MDD_recoverdays": 25,
        "Periods": 59
      },
      "2": {
        "AnnualRt": 0.004725360867497313,
        "AccumRt": 0.024250551971996215,
        "SR": 0.4729561855963492,
        "MDD": 0.02075734115050676,
        "WinRatio": 0.559322033898305,
        "WinLossRatio": 1.098552121631235,
        "Calmar": 0.22764769501232343,
        "MDD_date": 20201221,
        "MDD_lastdays": 107,
        "MDD_recoverdays": 760,
        "Periods": 59
      },
      "3": {
        "AnnualRt": 0.003085149234192955,
        "AccumRt": 0.015832985869878247,
        "SR": 0.28606305040690266,
        "MDD": 0.02726397769462141,
        "WinRatio": 0.4915254237288136,
        "WinLossRatio": 1.2312666379213537,
        "Calmar": 0.11315844183666524,
        "MDD_date": 20240212,
        "MDD_lastdays": 332,
        "MDD_recoverdays": 200,
        "Periods": 59
      },
      "4": {
        "AnnualRt": -0.006800377992768153,
        "AccumRt": -0.034899539858886164,
        "SR": -0.6539454510278884,
        "MDD": 0.04068625975212126,
        "WinRatio": 0.3389830508474576,
        "WinLossRatio": 1.1993853043069973,
        "Calmar": -0.1671418811706722,
        "MDD_date": 20220708,
        "MDD_lastdays": 628,
        "MDD_recoverdays": 648,
        "Periods": 59
      },
      "5": {
        "AnnualRt": 0.004228667313220606,
        "AccumRt": 0.021701520651448147,
        "SR": 0.3740382272965348,
        "MDD": 0.02450803904881349,
        "WinRatio": 0.5423728813559322,
        "WinLossRatio": 1.1118110572237072,
        "Calmar": 0.17254205058177957,
        "MDD_date": 20240702,
        "MDD_lastdays": 922,
        "MDD_recoverdays": 63,
        "Periods": 59
      }
    }
  },
  "longshort": {
    "eva": {
      "多头超额": {
        "AnnualRt": 0.004228667313220606,
        "AccumRt": 0.021701520651448147,
        "SR": 0.3740382272965348,
        "MDD": 0.02450803904881349,
        "WinRatio": 0.5423728813559322,
        "WinLossRatio": 1.1118110572237072,
        "Calmar": 0.17254205058177957,
        "MDD_date": 20240702,
        "MDD_lastdays": 922,
        "MDD_recoverdays": 63,
        "Periods": 59
      },
      "空头超额": {
        "AnnualRt": -0.005801974220750755,
        "AccumRt": -0.02977573170089287,
        "SR": -0.5859834931922974,
        "MDD": 0.057321858851905216,
        "WinRatio": 0.4406779661016949,
        "WinLossRatio": 0.8790975605226952,
        "Calmar": -0.10121748207329662,
        "MDD_date": 20241127,
        "MDD_lastdays": 608,
        "MDD_recoverdays": 25,
        "Periods": 59
      },
      "多空": {
        "AnnualRt": 0.01003064153397136,
        "AccumRt": 0.05147725235234102,
        "SR": 0.599907293386791,
        "MDD": 0.03564796556040928,
        "WinRatio": 0.6271186440677966,
        "WinLossRatio": 0.910964529813386,
        "Calmar": 0.2813804764530915,
        "MDD_date": 20210820,
        "MDD_lastdays": 194,
        "MDD_recoverdays": 586,
        "Periods": 59
      }
    }
  },
  "risk_corr": {
    "mean": {}
  }
}