{
  "factor_name": "000001.SZ",
  "timestamp": "2026-06-23T01:50:28.545097",
  "ic": {
    "ic_mean": 0.015111583990496896,
    "ic_std": 0.15809973332554542,
    "icir": 0.09558260265613742,
    "rank_ic_mean": 0.01327698343354249,
    "rank_icir": 0.084504499944239
  },
  "group": {
    "n_groups": 5,
    "group_eva_exc": {
      "1": {
        "AnnualRt": -0.0020062997131911637,
        "AccumRt": -0.010296330128097053,
        "SR": -0.15679302399182304,
        "MDD": 0.02906252683708188,
        "WinRatio": 0.4067796610169492,
        "WinLossRatio": 1.313811019158653,
        "Calmar": -0.06903390487819719,
        "MDD_date": 20230522,
        "MDD_lastdays": 425,
        "MDD_recoverdays": 117,
        "Periods": 59
      },
      "2": {
        "AnnualRt": -0.004353165288148331,
        "AccumRt": -0.022340444258777237,
        "SR": -0.49977940474902494,
        "MDD": 0.02992573376779284,
        "WinRatio": 0.4576271186440678,
        "WinLossRatio": 0.8068186060575343,
        "Calmar": -0.14546561571143043,
        "MDD_date": 20221004,
        "MDD_lastdays": 669,
        "MDD_recoverdays": 586,
        "Periods": 59
      },
      "3": {
        "AnnualRt": -0.0018857948529765116,
        "AccumRt": -0.009677899185475458,
        "SR": -0.21954143596510886,
        "MDD": 0.03181307720495008,
        "WinRatio": 0.4576271186440678,
        "WinLossRatio": 1.0076646527344997,
        "Calmar": -0.05927734814295437,
        "MDD_date": 20231121,
        "MDD_lastdays": 985,
        "MDD_recoverdays": 291,
        "Periods": 59
      },
      "4": {
        "AnnualRt": 0.0037738020236066376,
        "AccumRt": 0.019367151985149267,
        "SR": 0.4482567671900177,
        "MDD": 0.014927101260108988,
        "WinRatio": 0.559322033898305,
        "WinLossRatio": 1.1038827028357976,
        "Calmar": 0.2528154634879916,
        "MDD_date": 20211020,
        "MDD_lastdays": 375,
        "MDD_recoverdays": 158,
        "Periods": 59
      },
      "5": {
        "AnnualRt": 0.006154136437977968,
        "AccumRt": 0.031583028199702934,
        "SR": 0.701506595140071,
        "MDD": 0.007837182470086579,
        "WinRatio": 0.6440677966101694,
        "WinLossRatio": 1.0974446918117033,
        "Calmar": 0.7852485841011665,
        "MDD_date": 20230810,
        "MDD_lastdays": 59,
        "MDD_recoverdays": 310,
        "Periods": 59
      }
    }
  },
  "longshort": {
    "eva": {
      "多头超额": {
        "AnnualRt": 0.006154136437977968,
        "AccumRt": 0.031583028199702934,
        "SR": 0.701506595140071,
        "MDD": 0.007837182470086579,
        "WinRatio": 0.6440677966101694,
        "WinLossRatio": 1.0974446918117033,
        "Calmar": 0.7852485841011665,
        "MDD_date": 20230810,
        "MDD_lastdays": 59,
        "MDD_recoverdays": 310,
        "Periods": 59
      },
      "空头超额": {
        "AnnualRt": -0.0020062997131911637,
        "AccumRt": -0.010296330128097053,
        "SR": -0.15679302399182304,
        "MDD": 0.02906252683708188,
        "WinRatio": 0.4067796610169492,
        "WinLossRatio": 1.313811019158653,
        "Calmar": -0.06903390487819719,
        "MDD_date": 20230522,
        "MDD_lastdays": 425,
        "MDD_recoverdays": 117,
        "Periods": 59
      },
      "多空": {
        "AnnualRt": 0.008160436151169154,
        "AccumRt": 0.0418793583278001,
        "SR": 0.48655216412347946,
        "MDD": 0.03618650906013099,
        "WinRatio": 0.5932203389830508,
        "WinLossRatio": 0.9934430510352706,
        "Calmar": 0.22551045577811848,
        "MDD_date": 20231103,
        "MDD_lastdays": 120,
        "MDD_recoverdays": 303,
        "Periods": 59
      }
    }
  },
  "risk_corr": {
    "mean": {}
  }
}