{
  "factor_name": "000001.SZ",
  "timestamp": "2026-06-22T16:03:33.389527",
  "ic": {
    "ic_mean": -0.028962106812407264,
    "ic_std": 0.12320260158858193,
    "icir": -0.23507707174173334,
    "rank_ic_mean": -0.024348279658649562,
    "rank_icir": -0.1935716060107895
  },
  "group": {
    "n_groups": 5,
    "group_eva_exc": {
      "1": {
        "AnnualRt": -0.0014492921366260035,
        "AccumRt": -0.00743776724516465,
        "SR": -0.16306247852720093,
        "MDD": 0.023956176896048342,
        "WinRatio": 0.4576271186440678,
        "WinLossRatio": 1.0376042849823999,
        "Calmar": -0.06049763878914542,
        "MDD_date": 20230907,
        "MDD_lastdays": 633,
        "MDD_recoverdays": 344,
        "Periods": 59
      },
      "2": {
        "AnnualRt": 0.006427959540569913,
        "AccumRt": 0.0329882883622048,
        "SR": 0.7123954237226594,
        "MDD": 0.011953175284469597,
        "WinRatio": 0.5423728813559322,
        "WinLossRatio": 1.4189263145136468,
        "Calmar": 0.5377616731615714,
        "MDD_date": 20231101,
        "MDD_lastdays": 47,
        "MDD_recoverdays": 91,
        "Periods": 59
      },
      "3": {
        "AnnualRt": 0.0070336996784264956,
        "AccumRt": 0.03609694674968478,
        "SR": 0.7935978809351832,
        "MDD": 0.01778335127899322,
        "WinRatio": 0.576271186440678,
        "WinLossRatio": 1.2062088851487325,
        "Calmar": 0.3955216071525917,
        "MDD_date": 20240529,
        "MDD_lastdays": 125,
        "MDD_recoverdays": 145,
        "Periods": 59
      },
      "4": {
        "AnnualRt": -0.0012076551720351565,
        "AccumRt": -0.006197686342884423,
        "SR": -0.13470237758192719,
        "MDD": 0.019123006323515268,
        "WinRatio": 0.5084745762711864,
        "WinLossRatio": 0.8775277639692631,
        "Calmar": -0.06315195171745153,
        "MDD_date": 20221014,
        "MDD_lastdays": 675,
        "MDD_recoverdays": 416,
        "Periods": 59
      },
      "5": {
        "AnnualRt": -0.01041161910976145,
        "AccumRt": -0.05343242927129577,
        "SR": -1.1525316207791454,
        "MDD": 0.05570678078177593,
        "WinRatio": 0.3220338983050847,
        "WinLossRatio": 0.8710325606867118,
        "Calmar": -0.18690039100531788,
        "MDD_date": 20241231,
        "MDD_lastdays": 1266,
        "MDD_recoverdays": 1,
        "Periods": 59
      }
    }
  },
  "longshort": {
    "eva": {
      "多头超额": {
        "AnnualRt": -0.01041161910976145,
        "AccumRt": -0.05343242927129577,
        "SR": -1.1525316207791454,
        "MDD": 0.05570678078177593,
        "WinRatio": 0.3220338983050847,
        "WinLossRatio": 0.8710325606867118,
        "Calmar": -0.18690039100531788,
        "MDD_date": 20241231,
        "MDD_lastdays": 1266,
        "MDD_recoverdays": 1,
        "Periods": 59
      },
      "空头超额": {
        "AnnualRt": -0.0014492921366260035,
        "AccumRt": -0.00743776724516465,
        "SR": -0.16306247852720093,
        "MDD": 0.023956176896048342,
        "WinRatio": 0.4576271186440678,
        "WinLossRatio": 1.0376042849823999,
        "Calmar": -0.06049763878914542,
        "MDD_date": 20230907,
        "MDD_lastdays": 633,
        "MDD_recoverdays": 344,
        "Periods": 59
      },
      "多空": {
        "AnnualRt": -0.008962326973135447,
        "AccumRt": -0.04599466202613112,
        "SR": -0.6277300639801896,
        "MDD": 0.056038268166184846,
        "WinRatio": 0.4745762711864407,
        "WinLossRatio": 0.6614035727166974,
        "Calmar": -0.1599322617636421,
        "MDD_date": 20241231,
        "MDD_lastdays": 699,
        "MDD_recoverdays": 1,
        "Periods": 59
      }
    }
  },
  "risk_corr": {
    "mean": {}
  }
}