{
  "factor_name": "000001.SZ",
  "timestamp": "2026-06-23T00:09:34.640041",
  "ic": {
    "ic_mean": 0.00417738966354692,
    "ic_std": 0.14876653663710468,
    "icir": 0.02808017016445763,
    "rank_ic_mean": 0.0003915447360052349,
    "rank_icir": 0.0026946827301024307
  },
  "group": {
    "n_groups": 5,
    "group_eva_exc": {
      "1": {
        "AnnualRt": -0.0032336603609914583,
        "AccumRt": -0.016595144972608167,
        "SR": -0.35227303782848585,
        "MDD": 0.03484986984504068,
        "WinRatio": 0.4067796610169492,
        "WinLossRatio": 1.1391951711980373,
        "Calmar": -0.09278830524675905,
        "MDD_date": 20240326,
        "MDD_lastdays": 1079,
        "MDD_recoverdays": 201,
        "Periods": 59
      },
      "2": {
        "AnnualRt": 0.00021253070009636245,
        "AccumRt": 0.001090707552894532,
        "SR": 0.023526670298360808,
        "MDD": 0.017257095876510697,
        "WinRatio": 0.5932203389830508,
        "WinLossRatio": 0.6995421238663767,
        "Calmar": 0.012315554228660585,
        "MDD_date": 20221230,
        "MDD_lastdays": 453,
        "MDD_recoverdays": 434,
        "Periods": 59
      },
      "3": {
        "AnnualRt": 0.0031634533730708937,
        "AccumRt": 0.01623484271059983,
        "SR": 0.3285275131332185,
        "MDD": 0.027665795326953235,
        "WinRatio": 0.4745762711864407,
        "WinLossRatio": 1.4439220548817304,
        "Calmar": 0.114345289397443,
        "MDD_date": 20241220,
        "MDD_lastdays": 288,
        "MDD_recoverdays": 8,
        "Periods": 59
      },
      "4": {
        "AnnualRt": -0.0008682118249229111,
        "AccumRt": -0.00445566308550438,
        "SR": -0.09608030547941211,
        "MDD": 0.024691335498161604,
        "WinRatio": 0.4745762711864407,
        "WinLossRatio": 1.0247426347887925,
        "Calmar": -0.03516261098908781,
        "MDD_date": 20220620,
        "MDD_lastdays": 280,
        "MDD_recoverdays": 662,
        "Periods": 59
      },
      "5": {
        "AnnualRt": 0.0006001474549987511,
        "AccumRt": 0.003079956739053591,
        "SR": 0.06548434386183968,
        "MDD": 0.019315815144642423,
        "WinRatio": 0.4406779661016949,
        "WinLossRatio": 1.3254651418064474,
        "Calmar": 0.031070262916924447,
        "MDD_date": 20231116,
        "MDD_lastdays": 226,
        "MDD_recoverdays": 294,
        "Periods": 59
      }
    }
  },
  "longshort": {
    "eva": {
      "多头超额": {
        "AnnualRt": 0.0006001474549987511,
        "AccumRt": 0.003079956739053591,
        "SR": 0.06548434386183968,
        "MDD": 0.019315815144642423,
        "WinRatio": 0.4406779661016949,
        "WinLossRatio": 1.3254651418064474,
        "Calmar": 0.031070262916924447,
        "MDD_date": 20231116,
        "MDD_lastdays": 226,
        "MDD_recoverdays": 294,
        "Periods": 59
      },
      "空头超额": {
        "AnnualRt": -0.0032336603609914583,
        "AccumRt": -0.016595144972608167,
        "SR": -0.35227303782848585,
        "MDD": 0.03484986984504068,
        "WinRatio": 0.4067796610169492,
        "WinLossRatio": 1.1391951711980373,
        "Calmar": -0.09278830524675905,
        "MDD_date": 20240326,
        "MDD_lastdays": 1079,
        "MDD_recoverdays": 201,
        "Periods": 59
      },
      "多空": {
        "AnnualRt": 0.003833807815990188,
        "AccumRt": 0.019675101711661647,
        "SR": 0.26363923827882463,
        "MDD": 0.030857931669684757,
        "WinRatio": 0.4915254237288136,
        "WinLossRatio": 1.248231696251087,
        "Calmar": 0.12424059580625009,
        "MDD_date": 20241106,
        "MDD_lastdays": 159,
        "MDD_recoverdays": 40,
        "Periods": 59
      }
    }
  },
  "risk_corr": {
    "mean": {}
  }
}