{
  "factor_name": "000001.SZ",
  "timestamp": "2026-06-23T00:08:43.179598",
  "ic": {
    "ic_mean": 0.034822093257814435,
    "ic_std": 0.15276886220055202,
    "icir": 0.22793973036272705,
    "rank_ic_mean": 0.029212465657334787,
    "rank_icir": 0.19424462283397673
  },
  "group": {
    "n_groups": 5,
    "group_eva_exc": {
      "1": {
        "AnnualRt": -0.006810882425307122,
        "AccumRt": -0.03495344860667615,
        "SR": -0.7259021789415288,
        "MDD": 0.045750424008324186,
        "WinRatio": 0.423728813559322,
        "WinLossRatio": 0.76016270048403,
        "Calmar": -0.1488703672793917,
        "MDD_date": 20241225,
        "MDD_lastdays": 1119,
        "MDD_recoverdays": 5,
        "Periods": 59
      },
      "2": {
        "AnnualRt": -0.0017259735313975557,
        "AccumRt": -0.008857696163132256,
        "SR": -0.17583599126996255,
        "MDD": 0.031096684650737116,
        "WinRatio": 0.5254237288135594,
        "WinLossRatio": 0.7890800595951513,
        "Calmar": -0.05550345803042522,
        "MDD_date": 20220817,
        "MDD_lastdays": 633,
        "MDD_recoverdays": 620,
        "Periods": 59
      },
      "3": {
        "AnnualRt": 0.004113782135529386,
        "AccumRt": 0.02111192991953681,
        "SR": 0.4270656018205472,
        "MDD": 0.020574746578190806,
        "WinRatio": 0.5423728813559322,
        "WinLossRatio": 1.1765988215952987,
        "Calmar": 0.1999432712279425,
        "MDD_date": 20240222,
        "MDD_lastdays": 361,
        "MDD_recoverdays": 224,
        "Periods": 59
      },
      "4": {
        "AnnualRt": -0.003272009646312105,
        "AccumRt": -0.016791953504873725,
        "SR": -0.3490028539421357,
        "MDD": 0.033297744558727915,
        "WinRatio": 0.4745762711864407,
        "WinLossRatio": 0.8477458790430855,
        "Calmar": -0.09826520353476778,
        "MDD_date": 20241129,
        "MDD_lastdays": 487,
        "MDD_recoverdays": 23,
        "Periods": 59
      },
      "5": {
        "AnnualRt": 0.00765719630476153,
        "AccumRt": 0.03929673143603618,
        "SR": 0.7904671519543768,
        "MDD": 0.012658051718412833,
        "WinRatio": 0.6440677966101694,
        "WinLossRatio": 0.9945695361181843,
        "Calmar": 0.6049269251778385,
        "MDD_date": 20210108,
        "MDD_lastdays": 135,
        "MDD_recoverdays": 129,
        "Periods": 59
      }
    }
  },
  "longshort": {
    "eva": {
      "多头超额": {
        "AnnualRt": 0.00765719630476153,
        "AccumRt": 0.03929673143603618,
        "SR": 0.7904671519543768,
        "MDD": 0.012658051718412833,
        "WinRatio": 0.6440677966101694,
        "WinLossRatio": 0.9945695361181843,
        "Calmar": 0.6049269251778385,
        "MDD_date": 20210108,
        "MDD_lastdays": 135,
        "MDD_recoverdays": 129,
        "Periods": 59
      },
      "空头超额": {
        "AnnualRt": -0.006810882425307122,
        "AccumRt": -0.03495344860667615,
        "SR": -0.7259021789415288,
        "MDD": 0.045750424008324186,
        "WinRatio": 0.423728813559322,
        "WinLossRatio": 0.76016270048403,
        "Calmar": -0.1488703672793917,
        "MDD_date": 20241225,
        "MDD_lastdays": 1119,
        "MDD_recoverdays": 5,
        "Periods": 59
      },
      "多空": {
        "AnnualRt": 0.014468078730068674,
        "AccumRt": 0.07425018004271244,
        "SR": 0.9599632134750746,
        "MDD": 0.017687000799634034,
        "WinRatio": 0.5932203389830508,
        "WinLossRatio": 1.4084691562954026,
        "Calmar": 0.8180063366293304,
        "MDD_date": 20230908,
        "MDD_lastdays": 213,
        "MDD_recoverdays": 136,
        "Periods": 59
      }
    }
  },
  "risk_corr": {
    "mean": {}
  }
}