{
  "factor_name": "000001.SZ",
  "timestamp": "2026-06-23T01:44:21.795551",
  "ic": {
    "ic_mean": 0.02698911990045699,
    "ic_std": 0.13933264637708112,
    "icir": 0.1937027724817293,
    "rank_ic_mean": 0.021668610920844305,
    "rank_icir": 0.15358960201282504
  },
  "group": {
    "n_groups": 5,
    "group_eva_exc": {
      "1": {
        "AnnualRt": -0.0036206793062680217,
        "AccumRt": -0.01858132619976749,
        "SR": -0.39983823939826063,
        "MDD": 0.03453236756255473,
        "WinRatio": 0.4067796610169492,
        "WinLossRatio": 1.0754688837703754,
        "Calmar": -0.10484885809550212,
        "MDD_date": 20241219,
        "MDD_lastdays": 1015,
        "MDD_recoverdays": 9,
        "Periods": 59
      },
      "2": {
        "AnnualRt": -0.00354888465383318,
        "AccumRt": -0.01821287604347188,
        "SR": -0.4041927937128438,
        "MDD": 0.02660798873951775,
        "WinRatio": 0.4067796610169492,
        "WinLossRatio": 1.1006479429596885,
        "Calmar": -0.13337665949032945,
        "MDD_date": 20241226,
        "MDD_lastdays": 853,
        "MDD_recoverdays": 4,
        "Periods": 59
      },
      "3": {
        "AnnualRt": 0.003832401916889362,
        "AccumRt": 0.019667886637476206,
        "SR": 0.424320665699889,
        "MDD": 0.019235034484091806,
        "WinRatio": 0.559322033898305,
        "WinLossRatio": 1.0763363206959646,
        "Calmar": 0.19924070944915237,
        "MDD_date": 20220715,
        "MDD_lastdays": 303,
        "MDD_recoverdays": 196,
        "Periods": 59
      },
      "4": {
        "AnnualRt": 0.0028271220315160064,
        "AccumRt": 0.014508790265740146,
        "SR": 0.312968424829038,
        "MDD": 0.01577931800974275,
        "WinRatio": 0.5423728813559322,
        "WinLossRatio": 1.0782047459788169,
        "Calmar": 0.1791663004554718,
        "MDD_date": 20230215,
        "MDD_lastdays": 100,
        "MDD_recoverdays": 219,
        "Periods": 59
      },
      "5": {
        "AnnualRt": 0.0001995552366923637,
        "AccumRt": 0.0010241174747052106,
        "SR": 0.022066963886586865,
        "MDD": 0.024077571153500177,
        "WinRatio": 0.5084745762711864,
        "WinLossRatio": 0.9821849638964402,
        "Calmar": 0.008288013579947585,
        "MDD_date": 20230406,
        "MDD_lastdays": 722,
        "MDD_recoverdays": 454,
        "Periods": 59
      }
    }
  },
  "longshort": {
    "eva": {
      "多头超额": {
        "AnnualRt": 0.0001995552366923637,
        "AccumRt": 0.0010241174747052106,
        "SR": 0.022066963886586865,
        "MDD": 0.024077571153500177,
        "WinRatio": 0.5084745762711864,
        "WinLossRatio": 0.9821849638964402,
        "Calmar": 0.008288013579947585,
        "MDD_date": 20230406,
        "MDD_lastdays": 722,
        "MDD_recoverdays": 454,
        "Periods": 59
      },
      "空头超额": {
        "AnnualRt": -0.0036206793062680217,
        "AccumRt": -0.01858132619976749,
        "SR": -0.39983823939826063,
        "MDD": 0.03453236756255473,
        "WinRatio": 0.4067796610169492,
        "WinLossRatio": 1.0754688837703754,
        "Calmar": -0.10484885809550212,
        "MDD_date": 20241219,
        "MDD_lastdays": 1015,
        "MDD_recoverdays": 9,
        "Periods": 59
      },
      "多空": {
        "AnnualRt": 0.0038202345429603638,
        "AccumRt": 0.01960544367447259,
        "SR": 0.26217694550166776,
        "MDD": 0.03417780203079912,
        "WinRatio": 0.5423728813559322,
        "WinLossRatio": 1.0111129525562301,
        "Calmar": 0.11177531368219006,
        "MDD_date": 20210209,
        "MDD_lastdays": 160,
        "MDD_recoverdays": 638,
        "Periods": 59
      }
    }
  },
  "risk_corr": {
    "mean": {}
  }
}