{
  "factor_name": "000001.SZ",
  "timestamp": "2026-06-23T00:11:22.678455",
  "ic": {
    "ic_mean": 0.0041563089985187365,
    "ic_std": 0.15190036382166822,
    "icir": 0.0273620740197717,
    "rank_ic_mean": 0.0051425871998074905,
    "rank_icir": 0.035367339732638205
  },
  "group": {
    "n_groups": 5,
    "group_eva_exc": {
      "1": {
        "AnnualRt": 0.0022070646954668108,
        "AccumRt": 0.011326656017135672,
        "SR": 0.21983769210619575,
        "MDD": 0.022550346787118758,
        "WinRatio": 0.559322033898305,
        "WinLossRatio": 0.9421291176410681,
        "Calmar": 0.0978727607296724,
        "MDD_date": 20231120,
        "MDD_lastdays": 258,
        "MDD_recoverdays": 292,
        "Periods": 59
      },
      "2": {
        "AnnualRt": -0.00705764895656688,
        "AccumRt": -0.03621985444510123,
        "SR": -0.7054902967323105,
        "MDD": 0.050774810498254164,
        "WinRatio": 0.3728813559322034,
        "WinLossRatio": 0.9514229048685968,
        "Calmar": -0.1389990211151955,
        "MDD_date": 20240821,
        "MDD_lastdays": 1184,
        "MDD_recoverdays": 95,
        "Periods": 59
      },
      "3": {
        "AnnualRt": 0.0005559725308089681,
        "AccumRt": 0.0028532510281116252,
        "SR": 0.052964118317546285,
        "MDD": 0.015908731077178273,
        "WinRatio": 0.5254237288135594,
        "WinLossRatio": 0.944508822613812,
        "Calmar": 0.0349476352395279,
        "MDD_date": 20230621,
        "MDD_lastdays": 646,
        "MDD_recoverdays": 400,
        "Periods": 59
      },
      "4": {
        "AnnualRt": 0.004264588655443208,
        "AccumRt": 0.021885868979734546,
        "SR": 0.42086886961171704,
        "MDD": 0.01599709035576291,
        "WinRatio": 0.6440677966101694,
        "WinLossRatio": 0.7735036431040783,
        "Calmar": 0.26658527023365225,
        "MDD_date": 20240710,
        "MDD_lastdays": 219,
        "MDD_recoverdays": 125,
        "Periods": 59
      },
      "5": {
        "AnnualRt": -5.809158590640913e-06,
        "AccumRt": -2.9812601887169166e-05,
        "SR": -0.0005887342531664123,
        "MDD": 0.01667783743405593,
        "WinRatio": 0.5254237288135594,
        "WinLossRatio": 0.9028504020104076,
        "Calmar": -0.0003483160579787572,
        "MDD_date": 20240307,
        "MDD_lastdays": 212,
        "MDD_recoverdays": 214,
        "Periods": 59
      }
    }
  },
  "longshort": {
    "eva": {
      "多头超额": {
        "AnnualRt": -5.809158590640913e-06,
        "AccumRt": -2.9812601887169166e-05,
        "SR": -0.0005887342531664123,
        "MDD": 0.01667783743405593,
        "WinRatio": 0.5254237288135594,
        "WinLossRatio": 0.9028504020104076,
        "Calmar": -0.0003483160579787572,
        "MDD_date": 20240307,
        "MDD_lastdays": 212,
        "MDD_recoverdays": 214,
        "Periods": 59
      },
      "空头超额": {
        "AnnualRt": 0.0022070646954668108,
        "AccumRt": 0.011326656017135672,
        "SR": 0.21983769210619575,
        "MDD": 0.022550346787118758,
        "WinRatio": 0.559322033898305,
        "WinLossRatio": 0.9421291176410681,
        "Calmar": 0.0978727607296724,
        "MDD_date": 20231120,
        "MDD_lastdays": 258,
        "MDD_recoverdays": 292,
        "Periods": 59
      },
      "多空": {
        "AnnualRt": -0.0022128738540574517,
        "AccumRt": -0.011356468619022841,
        "SR": -0.14147777673287854,
        "MDD": 0.03871957847447138,
        "WinRatio": 0.559322033898305,
        "WinLossRatio": 0.7084842900505547,
        "Calmar": -0.05715128989631034,
        "MDD_date": 20220907,
        "MDD_lastdays": 161,
        "MDD_recoverdays": 605,
        "Periods": 59
      }
    }
  },
  "risk_corr": {
    "mean": {}
  }
}