{
  "factor_name": "000001.SZ",
  "timestamp": "2026-06-23T00:36:06.402961",
  "ic": {
    "ic_mean": -0.002893989323950005,
    "ic_std": 0.13048559238772447,
    "icir": -0.022178611990746184,
    "rank_ic_mean": -0.0010563714005245,
    "rank_icir": -0.008489401281915053
  },
  "group": {
    "n_groups": 5,
    "group_eva_exc": {
      "1": {
        "AnnualRt": -0.002253761490639895,
        "AccumRt": -0.011566303969963942,
        "SR": -0.24653977476849898,
        "MDD": 0.03272801079380472,
        "WinRatio": 0.4915254237288136,
        "WinLossRatio": 0.8699427911178857,
        "Calmar": -0.06886338142697396,
        "MDD_date": 20240326,
        "MDD_lastdays": 1054,
        "MDD_recoverdays": 201,
        "Periods": 59
      },
      "2": {
        "AnnualRt": 0.0063427176302024305,
        "AccumRt": 0.03255082687819888,
        "SR": 0.707778642822552,
        "MDD": 0.011854575581169091,
        "WinRatio": 0.5932203389830508,
        "WinLossRatio": 1.224054324438141,
        "Calmar": 0.5350438391297443,
        "MDD_date": 20210728,
        "MDD_lastdays": 84,
        "MDD_recoverdays": 252,
        "Periods": 59
      },
      "3": {
        "AnnualRt": -0.00861465025716278,
        "AccumRt": -0.04421038511975939,
        "SR": -0.902940040645993,
        "MDD": 0.051341215483712954,
        "WinRatio": 0.4406779661016949,
        "WinLossRatio": 0.6149099549070015,
        "Calmar": -0.16779209794703084,
        "MDD_date": 20241224,
        "MDD_lastdays": 1212,
        "MDD_recoverdays": 6,
        "Periods": 59
      },
      "4": {
        "AnnualRt": -0.0003638288351288517,
        "AccumRt": -0.0018671695818812672,
        "SR": -0.04029107409372731,
        "MDD": 0.02372553727339044,
        "WinRatio": 0.5254237288135594,
        "WinLossRatio": 0.8771313384131004,
        "Calmar": -0.015334903944911155,
        "MDD_date": 20241007,
        "MDD_lastdays": 534,
        "MDD_recoverdays": 62,
        "Periods": 59
      },
      "5": {
        "AnnualRt": 0.004555333876654961,
        "AccumRt": 0.02337797345499326,
        "SR": 0.5049126204310401,
        "MDD": 0.015265014341731664,
        "WinRatio": 0.6101694915254238,
        "WinLossRatio": 0.9522255159461339,
        "Calmar": 0.2984166129606272,
        "MDD_date": 20220526,
        "MDD_lastdays": 104,
        "MDD_recoverdays": 209,
        "Periods": 59
      }
    }
  },
  "longshort": {
    "eva": {
      "多头超额": {
        "AnnualRt": 0.004555333876654961,
        "AccumRt": 0.02337797345499326,
        "SR": 0.5049126204310401,
        "MDD": 0.015265014341731664,
        "WinRatio": 0.6101694915254238,
        "WinLossRatio": 0.9522255159461339,
        "Calmar": 0.2984166129606272,
        "MDD_date": 20220526,
        "MDD_lastdays": 104,
        "MDD_recoverdays": 209,
        "Periods": 59
      },
      "空头超额": {
        "AnnualRt": -0.002253761490639895,
        "AccumRt": -0.011566303969963942,
        "SR": -0.24653977476849898,
        "MDD": 0.03272801079380472,
        "WinRatio": 0.4915254237288136,
        "WinLossRatio": 0.8699427911178857,
        "Calmar": -0.06886338142697396,
        "MDD_date": 20240326,
        "MDD_lastdays": 1054,
        "MDD_recoverdays": 201,
        "Periods": 59
      },
      "多空": {
        "AnnualRt": 0.0068090953672948346,
        "AccumRt": 0.03494427742495709,
        "SR": 0.4756005522832069,
        "MDD": 0.02137756498389043,
        "WinRatio": 0.5254237288135594,
        "WinLossRatio": 1.2761969626869434,
        "Calmar": 0.31851594755651497,
        "MDD_date": 20220524,
        "MDD_lastdays": 107,
        "MDD_recoverdays": 194,
        "Periods": 59
      }
    }
  },
  "risk_corr": {
    "mean": {}
  }
}