{
  "factor_name": "000001.SZ",
  "timestamp": "2026-06-23T01:43:43.569668",
  "ic": {
    "ic_mean": 0.15051760700796493,
    "ic_std": 0.31813207355491663,
    "icir": 0.4731293054674736,
    "rank_ic_mean": 0.016149325580198198,
    "rank_icir": 0.060734493014893115
  },
  "group": {
    "n_groups": 5,
    "group_eva_exc": {
      "1": {
        "AnnualRt": -0.00624022895918899,
        "AccumRt": -0.032024855018557896,
        "SR": -0.4422689896732687,
        "MDD": 0.04237398298498429,
        "WinRatio": 0.4576271186440678,
        "WinLossRatio": 0.8680380787589339,
        "Calmar": -0.14726557476082167,
        "MDD_date": 20210218,
        "MDD_lastdays": 227,
        "MDD_recoverdays": 1009,
        "Periods": 59
      },
      "2": {
        "AnnualRt": -0.00230030886160091,
        "AccumRt": -0.011805185077735869,
        "SR": -0.1538338424529961,
        "MDD": 0.04822243455043118,
        "WinRatio": 0.4576271186440678,
        "WinLossRatio": 1.0614581111150903,
        "Calmar": -0.04770204746081908,
        "MDD_date": 20230719,
        "MDD_lastdays": 712,
        "MDD_recoverdays": 380,
        "Periods": 59
      },
      "3": {
        "AnnualRt": 0.0013339960469908397,
        "AccumRt": 0.006846067713156989,
        "SR": 0.0798802114143313,
        "MDD": 0.030750060071221275,
        "WinRatio": 0.5254237288135594,
        "WinLossRatio": 0.9601523856392296,
        "Calmar": 0.0433819005199055,
        "MDD_date": 20210519,
        "MDD_lastdays": 189,
        "MDD_recoverdays": 345,
        "Periods": 59
      },
      "4": {
        "AnnualRt": 0.01005400756077725,
        "AccumRt": 0.051597166801908845,
        "SR": 0.6991787434468154,
        "MDD": 0.024033499824420157,
        "WinRatio": 0.5423728813559322,
        "WinLossRatio": 1.286098307782361,
        "Calmar": 0.41833306152778843,
        "MDD_date": 20230120,
        "MDD_lastdays": 500,
        "MDD_recoverdays": 252,
        "Periods": 59
      },
      "5": {
        "AnnualRt": -0.002624970253907832,
        "AccumRt": -0.013471347343054996,
        "SR": -0.1864528531556678,
        "MDD": 0.036151936962395825,
        "WinRatio": 0.5423728813559322,
        "WinLossRatio": 0.7627963090453608,
        "Calmar": -0.07260939452948949,
        "MDD_date": 20241206,
        "MDD_lastdays": 547,
        "MDD_recoverdays": 18,
        "Periods": 59
      }
    }
  },
  "longshort": {
    "eva": {
      "多头超额": {
        "AnnualRt": -0.002624970253907832,
        "AccumRt": -0.013471347343054996,
        "SR": -0.1864528531556678,
        "MDD": 0.036151936962395825,
        "WinRatio": 0.5423728813559322,
        "WinLossRatio": 0.7627963090453608,
        "Calmar": -0.07260939452948949,
        "MDD_date": 20241206,
        "MDD_lastdays": 547,
        "MDD_recoverdays": 18,
        "Periods": 59
      },
      "空头超额": {
        "AnnualRt": -0.00624022895918899,
        "AccumRt": -0.032024855018557896,
        "SR": -0.4422689896732687,
        "MDD": 0.04237398298498429,
        "WinRatio": 0.4576271186440678,
        "WinLossRatio": 0.8680380787589339,
        "Calmar": -0.14726557476082167,
        "MDD_date": 20210218,
        "MDD_lastdays": 227,
        "MDD_recoverdays": 1009,
        "Periods": 59
      },
      "多空": {
        "AnnualRt": 0.0036152587052811357,
        "AccumRt": 0.01855350767550279,
        "SR": 0.16199671855998243,
        "MDD": 0.056142530427003234,
        "WinRatio": 0.5423728813559322,
        "WinLossRatio": 0.9273227089128087,
        "Calmar": 0.06439429569320376,
        "MDD_date": 20220630,
        "MDD_lastdays": 316,
        "MDD_recoverdays": 654,
        "Periods": 59
      }
    }
  },
  "risk_corr": {
    "mean": {}
  }
}