{
  "factor_name": "000001.SZ",
  "timestamp": "2026-06-22T16:59:24.107201",
  "ic": {
    "ic_mean": -0.047767054015998296,
    "ic_std": 0.1678668833482384,
    "icir": -0.28455317131793023,
    "rank_ic_mean": 0.011875682522059243,
    "rank_icir": 0.07938339855074411
  },
  "group": {
    "n_groups": 5,
    "group_eva_exc": {
      "1": {
        "AnnualRt": -0.0019888433948867606,
        "AccumRt": -0.010206744302558857,
        "SR": -0.22560804913473734,
        "MDD": 0.01974365448954074,
        "WinRatio": 0.5084745762711864,
        "WinLossRatio": 0.8094886134435008,
        "Calmar": -0.1007332961554993,
        "MDD_date": 20220704,
        "MDD_lastdays": 464,
        "MDD_recoverdays": 297,
        "Periods": 59
      },
      "2": {
        "AnnualRt": 5.453886219739693e-05,
        "AccumRt": 0.00027989344079704104,
        "SR": 0.006030679081284204,
        "MDD": 0.03568827993768331,
        "WinRatio": 0.4745762711864407,
        "WinLossRatio": 1.1116149135218518,
        "Calmar": 0.0015282009189747827,
        "MDD_date": 20221116,
        "MDD_lastdays": 577,
        "MDD_recoverdays": 555,
        "Periods": 59
      },
      "3": {
        "AnnualRt": -0.007368459947028909,
        "AccumRt": -0.03781493644815237,
        "SR": -0.7851289586841848,
        "MDD": 0.04807088497250722,
        "WinRatio": 0.4406779661016949,
        "WinLossRatio": 0.7324152909525701,
        "Calmar": -0.15328321813178789,
        "MDD_date": 20241225,
        "MDD_lastdays": 1178,
        "MDD_recoverdays": 5,
        "Periods": 59
      },
      "4": {
        "AnnualRt": 0.008532296864102363,
        "AccumRt": 0.04378774750657333,
        "SR": 0.9438046726178151,
        "MDD": 0.013515601772385533,
        "WinRatio": 0.5932203389830508,
        "WinLossRatio": 1.2751064013157405,
        "Calmar": 0.6312924135967934,
        "MDD_date": 20230516,
        "MDD_lastdays": 234,
        "MDD_recoverdays": 147,
        "Periods": 59
      },
      "5": {
        "AnnualRt": 0.0005313021327305288,
        "AccumRt": 0.0027266425451730747,
        "SR": 0.05862680678747478,
        "MDD": 0.027652284516708425,
        "WinRatio": 0.4745762711864407,
        "WinLossRatio": 1.1494372800246957,
        "Calmar": 0.019213679521107866,
        "MDD_date": 20240610,
        "MDD_lastdays": 309,
        "MDD_recoverdays": 147,
        "Periods": 59
      }
    }
  },
  "longshort": {
    "eva": {
      "多头超额": {
        "AnnualRt": 0.0005313021327305288,
        "AccumRt": 0.0027266425451730747,
        "SR": 0.05862680678747478,
        "MDD": 0.027652284516708425,
        "WinRatio": 0.4745762711864407,
        "WinLossRatio": 1.1494372800246957,
        "Calmar": 0.019213679521107866,
        "MDD_date": 20240610,
        "MDD_lastdays": 309,
        "MDD_recoverdays": 147,
        "Periods": 59
      },
      "空头超额": {
        "AnnualRt": -0.0019888433948867606,
        "AccumRt": -0.010206744302558857,
        "SR": -0.22560804913473734,
        "MDD": 0.01974365448954074,
        "WinRatio": 0.5084745762711864,
        "WinLossRatio": 0.8094886134435008,
        "Calmar": -0.1007332961554993,
        "MDD_date": 20220704,
        "MDD_lastdays": 464,
        "MDD_recoverdays": 297,
        "Periods": 59
      },
      "多空": {
        "AnnualRt": 0.0025201455276172894,
        "AccumRt": 0.012933386847731931,
        "SR": 0.17811939271948352,
        "MDD": 0.030596408335852532,
        "WinRatio": 0.559322033898305,
        "WinLossRatio": 0.8887495523527721,
        "Calmar": 0.08236736482119082,
        "MDD_date": 20240724,
        "MDD_lastdays": 340,
        "MDD_recoverdays": 115,
        "Periods": 59
      }
    }
  },
  "risk_corr": {
    "mean": {}
  }
}