{
  "factor_name": "000001.SZ",
  "timestamp": "2026-06-23T01:44:57.895508",
  "ic": {
    "ic_mean": 0.0006993835459020637,
    "ic_std": 0.14243072741975266,
    "icir": 0.004910341739959909,
    "rank_ic_mean": 0.0043311537574771426,
    "rank_icir": 0.029953622787068746
  },
  "group": {
    "n_groups": 5,
    "group_eva_exc": {
      "1": {
        "AnnualRt": 0.0015253690973188853,
        "AccumRt": 0.00782819420744052,
        "SR": 0.12380033154724332,
        "MDD": 0.020764348464747395,
        "WinRatio": 0.4745762711864407,
        "WinLossRatio": 1.2296791666169364,
        "Calmar": 0.07346096603553806,
        "MDD_date": 20230530,
        "MDD_lastdays": 431,
        "MDD_recoverdays": 73,
        "Periods": 59
      },
      "2": {
        "AnnualRt": -0.002086395762621882,
        "AccumRt": -0.010707383053775499,
        "SR": -0.24312140168563176,
        "MDD": 0.022072718103352096,
        "WinRatio": 0.4915254237288136,
        "WinLossRatio": 0.8565944749433934,
        "Calmar": -0.09452373526688719,
        "MDD_date": 20231218,
        "MDD_lastdays": 843,
        "MDD_recoverdays": 272,
        "Periods": 59
      },
      "3": {
        "AnnualRt": 0.0020127822976459594,
        "AccumRt": 0.010329598751519065,
        "SR": 0.23588201333380482,
        "MDD": 0.015072820308773327,
        "WinRatio": 0.5423728813559322,
        "WinLossRatio": 0.9946416680392929,
        "Calmar": 0.1335372051423179,
        "MDD_date": 20230413,
        "MDD_lastdays": 183,
        "MDD_recoverdays": 421,
        "Periods": 59
      },
      "4": {
        "AnnualRt": -0.004145002708327282,
        "AccumRt": -0.021272153899135615,
        "SR": -0.4675137229309522,
        "MDD": 0.03360155432544998,
        "WinRatio": 0.4406779661016949,
        "WinLossRatio": 0.968339211835415,
        "Calmar": -0.12335746936527389,
        "MDD_date": 20241010,
        "MDD_lastdays": 1158,
        "MDD_recoverdays": 59,
        "Periods": 59
      },
      "5": {
        "AnnualRt": 0.005175956572640342,
        "AccumRt": 0.02656300913079024,
        "SR": 0.5799281326532398,
        "MDD": 0.010774241030492626,
        "WinRatio": 0.576271186440678,
        "WinLossRatio": 1.0873855465594648,
        "Calmar": 0.4804010378078282,
        "MDD_date": 20240731,
        "MDD_lastdays": 320,
        "MDD_recoverdays": 110,
        "Periods": 59
      }
    }
  },
  "longshort": {
    "eva": {
      "多头超额": {
        "AnnualRt": 0.005175956572640342,
        "AccumRt": 0.02656300913079024,
        "SR": 0.5799281326532398,
        "MDD": 0.010774241030492626,
        "WinRatio": 0.576271186440678,
        "WinLossRatio": 1.0873855465594648,
        "Calmar": 0.4804010378078282,
        "MDD_date": 20240731,
        "MDD_lastdays": 320,
        "MDD_recoverdays": 110,
        "Periods": 59
      },
      "空头超额": {
        "AnnualRt": 0.0015253690973188853,
        "AccumRt": 0.00782819420744052,
        "SR": 0.12380033154724332,
        "MDD": 0.020764348464747395,
        "WinRatio": 0.4745762711864407,
        "WinLossRatio": 1.2296791666169364,
        "Calmar": 0.07346096603553806,
        "MDD_date": 20230530,
        "MDD_lastdays": 431,
        "MDD_recoverdays": 73,
        "Periods": 59
      },
      "多空": {
        "AnnualRt": 0.003650587475321457,
        "AccumRt": 0.01873481492334972,
        "SR": 0.21940938920094644,
        "MDD": 0.03476920999512367,
        "WinRatio": 0.4915254237288136,
        "WinLossRatio": 1.233492939896015,
        "Calmar": 0.10499483525318654,
        "MDD_date": 20240124,
        "MDD_lastdays": 189,
        "MDD_recoverdays": 245,
        "Periods": 59
      }
    }
  },
  "risk_corr": {
    "mean": {}
  }
}