{
  "factor_name": "000001.SZ",
  "timestamp": "2026-06-23T01:54:12.583598",
  "ic": {
    "ic_mean": 0.0047858882571241565,
    "ic_std": 0.1572865802201629,
    "icir": 0.030427823215592065,
    "rank_ic_mean": -0.01679128779158835,
    "rank_icir": -0.10708220306582457
  },
  "group": {
    "n_groups": 5,
    "group_eva_exc": {
      "1": {
        "AnnualRt": 0.00016467661626448358,
        "AccumRt": 0.0008451203946693298,
        "SR": 0.017760528759583356,
        "MDD": 0.04316929136856407,
        "WinRatio": 0.4915254237288136,
        "WinLossRatio": 1.047502299902658,
        "Calmar": 0.003814670360431288,
        "MDD_date": 20240610,
        "MDD_lastdays": 628,
        "MDD_recoverdays": 147,
        "Periods": 59
      },
      "2": {
        "AnnualRt": 0.007281591241592548,
        "AccumRt": 0.03736912625185296,
        "SR": 0.7982627280468908,
        "MDD": 0.012672640685306047,
        "WinRatio": 0.6101694915254238,
        "WinLossRatio": 1.1254975841859771,
        "Calmar": 0.5745914701136889,
        "MDD_date": 20220408,
        "MDD_lastdays": 338,
        "MDD_recoverdays": 106,
        "Periods": 59
      },
      "3": {
        "AnnualRt": -0.00016697241281289185,
        "AccumRt": -0.0008569024225557609,
        "SR": -0.017932991261124367,
        "MDD": 0.011132187095061474,
        "WinRatio": 0.559322033898305,
        "WinLossRatio": 0.7768571847408946,
        "Calmar": -0.014999066345818525,
        "MDD_date": 20201222,
        "MDD_lastdays": 169,
        "MDD_recoverdays": 470,
        "Periods": 59
      },
      "4": {
        "AnnualRt": -0.005631158678397247,
        "AccumRt": -0.028899106337534675,
        "SR": -0.6096481061827295,
        "MDD": 0.03689845272361103,
        "WinRatio": 0.3728813559322034,
        "WinLossRatio": 1.055035918851889,
        "Calmar": -0.15261232552426007,
        "MDD_date": 20220125,
        "MDD_lastdays": 484,
        "MDD_recoverdays": 766,
        "Periods": 59
      },
      "5": {
        "AnnualRt": -0.001512884908106756,
        "AccumRt": -0.007764125348403872,
        "SR": -0.16811433597335554,
        "MDD": 0.024677438058765655,
        "WinRatio": 0.4915254237288136,
        "WinLossRatio": 0.9297017895914231,
        "Calmar": -0.06130640079022973,
        "MDD_date": 20241226,
        "MDD_lastdays": 235,
        "MDD_recoverdays": 4,
        "Periods": 59
      }
    }
  },
  "longshort": {
    "eva": {
      "多头超额": {
        "AnnualRt": -0.001512884908106756,
        "AccumRt": -0.007764125348403872,
        "SR": -0.16811433597335554,
        "MDD": 0.024677438058765655,
        "WinRatio": 0.4915254237288136,
        "WinLossRatio": 0.9297017895914231,
        "Calmar": -0.06130640079022973,
        "MDD_date": 20241226,
        "MDD_lastdays": 235,
        "MDD_recoverdays": 4,
        "Periods": 59
      },
      "空头超额": {
        "AnnualRt": 0.00016467661626448358,
        "AccumRt": 0.0008451203946693298,
        "SR": 0.017760528759583356,
        "MDD": 0.04316929136856407,
        "WinRatio": 0.4915254237288136,
        "WinLossRatio": 1.047502299902658,
        "Calmar": 0.003814670360431288,
        "MDD_date": 20240610,
        "MDD_lastdays": 628,
        "MDD_recoverdays": 147,
        "Periods": 59
      },
      "多空": {
        "AnnualRt": -0.0016775615243712395,
        "AccumRt": -0.008609245743073202,
        "SR": -0.11756068335403314,
        "MDD": 0.03852063331334421,
        "WinRatio": 0.4745762711864407,
        "WinLossRatio": 1.0181119690898528,
        "Calmar": -0.043549687013845206,
        "MDD_date": 20220113,
        "MDD_lastdays": 366,
        "MDD_recoverdays": 314,
        "Periods": 59
      }
    }
  },
  "risk_corr": {
    "mean": {}
  }
}