{
  "factor_name": "000001.SZ",
  "timestamp": "2026-06-23T01:35:53.415950",
  "ic": {
    "ic_mean": 0.0013013965301278904,
    "ic_std": 0.15361163280234275,
    "icir": 0.008471992038535527,
    "rank_ic_mean": -0.006439047277810669,
    "rank_icir": -0.041175319985614384
  },
  "group": {
    "n_groups": 5,
    "group_eva_exc": {
      "1": {
        "AnnualRt": 0.00442362171983267,
        "AccumRt": 0.022702026666181263,
        "SR": 0.47403835681882744,
        "MDD": 0.016617254327883746,
        "WinRatio": 0.5254237288135594,
        "WinLossRatio": 1.224991347140305,
        "Calmar": 0.2662065364438597,
        "MDD_date": 20220527,
        "MDD_lastdays": 99,
        "MDD_recoverdays": 490,
        "Periods": 59
      },
      "2": {
        "AnnualRt": -0.006651994835863901,
        "AccumRt": -0.03413803749765354,
        "SR": -0.6550131167355235,
        "MDD": 0.05689287422233147,
        "WinRatio": 0.3898305084745763,
        "WinLossRatio": 0.9783467436159973,
        "Calmar": -0.11692140583139803,
        "MDD_date": 20220415,
        "MDD_lastdays": 560,
        "MDD_recoverdays": 708,
        "Periods": 59
      },
      "3": {
        "AnnualRt": 0.0009167607961554633,
        "AccumRt": 0.004704816405869838,
        "SR": 0.08778776104825002,
        "MDD": 0.04382516513807,
        "WinRatio": 0.5254237288135594,
        "WinLossRatio": 0.9567134147065073,
        "Calmar": 0.02091859307927838,
        "MDD_date": 20211119,
        "MDD_lastdays": 437,
        "MDD_recoverdays": 813,
        "Periods": 59
      },
      "4": {
        "AnnualRt": -0.0009276590074277475,
        "AccumRt": -0.0047607460261192,
        "SR": -0.09185515740770206,
        "MDD": 0.027123068716230492,
        "WinRatio": 0.4915254237288136,
        "WinLossRatio": 0.9741710349391203,
        "Calmar": -0.03420184556302196,
        "MDD_date": 20241231,
        "MDD_lastdays": 657,
        "MDD_recoverdays": 1,
        "Periods": 59
      },
      "5": {
        "AnnualRt": 0.002292703805498852,
        "AccumRt": 0.01176615592982011,
        "SR": 0.2257609856242978,
        "MDD": 0.029934497103736635,
        "WinRatio": 0.559322033898305,
        "WinLossRatio": 0.9175571231450635,
        "Calmar": 0.07659069058530002,
        "MDD_date": 20241118,
        "MDD_lastdays": 628,
        "MDD_recoverdays": 32,
        "Periods": 59
      }
    }
  },
  "longshort": {
    "eva": {
      "多头超额": {
        "AnnualRt": 0.002292703805498852,
        "AccumRt": 0.01176615592982011,
        "SR": 0.2257609856242978,
        "MDD": 0.029934497103736635,
        "WinRatio": 0.559322033898305,
        "WinLossRatio": 0.9175571231450635,
        "Calmar": 0.07659069058530002,
        "MDD_date": 20241118,
        "MDD_lastdays": 628,
        "MDD_recoverdays": 32,
        "Periods": 59
      },
      "空头超额": {
        "AnnualRt": 0.00442362171983267,
        "AccumRt": 0.022702026666181263,
        "SR": 0.47403835681882744,
        "MDD": 0.016617254327883746,
        "WinRatio": 0.5254237288135594,
        "WinLossRatio": 1.224991347140305,
        "Calmar": 0.2662065364438597,
        "MDD_date": 20220527,
        "MDD_lastdays": 99,
        "MDD_recoverdays": 490,
        "Periods": 59
      },
      "多空": {
        "AnnualRt": -0.0021309179143338174,
        "AccumRt": -0.010935870736361153,
        "SR": -0.13775562820787726,
        "MDD": 0.05402532839345231,
        "WinRatio": 0.5254237288135594,
        "WinLossRatio": 0.8223105561189112,
        "Calmar": -0.039442942369825144,
        "MDD_date": 20240809,
        "MDD_lastdays": 1013,
        "MDD_recoverdays": 103,
        "Periods": 59
      }
    }
  },
  "risk_corr": {
    "mean": {}
  }
}