{
  "factor_name": "000001.SZ",
  "timestamp": "2026-06-23T00:35:35.307480",
  "ic": {
    "ic_mean": 0.023401144105854182,
    "ic_std": 0.14530441028032998,
    "icir": 0.16104909727590025,
    "rank_ic_mean": 0.026565915224009338,
    "rank_icir": 0.18721858095243374
  },
  "group": {
    "n_groups": 5,
    "group_eva_exc": {
      "1": {
        "AnnualRt": -0.00667081201845429,
        "AccumRt": -0.03423460727870742,
        "SR": -0.7656032682944562,
        "MDD": 0.051807266944827624,
        "WinRatio": 0.3898305084745763,
        "WinLossRatio": 0.9290195779632674,
        "Calmar": -0.12876209095450644,
        "MDD_date": 20241216,
        "MDD_lastdays": 1190,
        "MDD_recoverdays": 12,
        "Periods": 59
      },
      "2": {
        "AnnualRt": -0.002006317173362733,
        "AccumRt": -0.010296419733697548,
        "SR": -0.22337964511400832,
        "MDD": 0.01721804876379207,
        "WinRatio": 0.4576271186440678,
        "WinLossRatio": 0.9755366549243482,
        "Calmar": -0.11652407313317804,
        "MDD_date": 20241230,
        "MDD_lastdays": 573,
        "MDD_recoverdays": 2,
        "Periods": 59
      },
      "3": {
        "AnnualRt": 0.005227777272276032,
        "AccumRt": 0.026828952961320596,
        "SR": 0.5699269606786957,
        "MDD": 0.014893480134964276,
        "WinRatio": 0.559322033898305,
        "WinLossRatio": 1.3723309976222615,
        "Calmar": 0.3510111286886657,
        "MDD_date": 20201021,
        "MDD_lastdays": 185,
        "MDD_recoverdays": 598,
        "Periods": 59
      },
      "4": {
        "AnnualRt": 0.003268087213840138,
        "AccumRt": 0.016771823581427592,
        "SR": 0.3638140179120857,
        "MDD": 0.01402787140277173,
        "WinRatio": 0.559322033898305,
        "WinLossRatio": 1.0554490369326832,
        "Calmar": 0.23297099894959156,
        "MDD_date": 20241202,
        "MDD_lastdays": 186,
        "MDD_recoverdays": 22,
        "Periods": 59
      },
      "5": {
        "AnnualRt": 0.000594213788658542,
        "AccumRt": 0.0030495051633956383,
        "SR": 0.06707443523612494,
        "MDD": 0.01999081124469715,
        "WinRatio": 0.4915254237288136,
        "WinLossRatio": 1.0915419114859763,
        "Calmar": 0.029724345919986905,
        "MDD_date": 20220909,
        "MDD_lastdays": 636,
        "MDD_recoverdays": 296,
        "Periods": 59
      }
    }
  },
  "longshort": {
    "eva": {
      "多头超额": {
        "AnnualRt": 0.000594213788658542,
        "AccumRt": 0.0030495051633956383,
        "SR": 0.06707443523612494,
        "MDD": 0.01999081124469715,
        "WinRatio": 0.4915254237288136,
        "WinLossRatio": 1.0915419114859763,
        "Calmar": 0.029724345919986905,
        "MDD_date": 20220909,
        "MDD_lastdays": 636,
        "MDD_recoverdays": 296,
        "Periods": 59
      },
      "空头超额": {
        "AnnualRt": -0.00667081201845429,
        "AccumRt": -0.03423460727870742,
        "SR": -0.7656032682944562,
        "MDD": 0.051807266944827624,
        "WinRatio": 0.3898305084745763,
        "WinLossRatio": 0.9290195779632674,
        "Calmar": -0.12876209095450644,
        "MDD_date": 20241216,
        "MDD_lastdays": 1190,
        "MDD_recoverdays": 12,
        "Periods": 59
      },
      "多空": {
        "AnnualRt": 0.007265025807112832,
        "AccumRt": 0.03728411244210306,
        "SR": 0.5172608019480636,
        "MDD": 0.02415511011348015,
        "WinRatio": 0.5254237288135594,
        "WinLossRatio": 1.3123479094836448,
        "Calmar": 0.300765584300047,
        "MDD_date": 20200526,
        "MDD_lastdays": 65,
        "MDD_recoverdays": 750,
        "Periods": 59
      }
    }
  },
  "risk_corr": {
    "mean": {}
  }
}