{
  "factor_name": "000001.SZ",
  "timestamp": "2026-06-23T01:51:20.188262",
  "ic": {
    "ic_mean": 0.010726337952482063,
    "ic_std": 0.14634298952974728,
    "icir": 0.073295878312652,
    "rank_ic_mean": 0.0012092773350506005,
    "rank_icir": 0.00828065081680174
  },
  "group": {
    "n_groups": 5,
    "group_eva_exc": {
      "1": {
        "AnnualRt": 8.571053162030937e-05,
        "AccumRt": 0.00043986644827542776,
        "SR": 0.009339494528034323,
        "MDD": 0.018835520159789065,
        "WinRatio": 0.4915254237288136,
        "WinLossRatio": 1.0418218018076206,
        "Calmar": 0.004550473302207398,
        "MDD_date": 20211112,
        "MDD_lastdays": 315,
        "MDD_recoverdays": 640,
        "Periods": 59
      },
      "2": {
        "AnnualRt": -0.004529113577129817,
        "AccumRt": -0.023243410877830217,
        "SR": -0.49715224875096925,
        "MDD": 0.04144283255075987,
        "WinRatio": 0.4067796610169492,
        "WinLossRatio": 1.0137287152227072,
        "Calmar": -0.1092858112819022,
        "MDD_date": 20240930,
        "MDD_lastdays": 850,
        "MDD_recoverdays": 67,
        "Periods": 59
      },
      "3": {
        "AnnualRt": 0.004867706758276288,
        "AccumRt": 0.024981071083473916,
        "SR": 0.5245695765753933,
        "MDD": 0.016219056196022374,
        "WinRatio": 0.6271186440677966,
        "WinLossRatio": 0.8309745541760082,
        "Calmar": 0.3001226889805132,
        "MDD_date": 20210705,
        "MDD_lastdays": 372,
        "MDD_recoverdays": 213,
        "Periods": 59
      },
      "4": {
        "AnnualRt": -0.0001281851296619611,
        "AccumRt": -0.0006578460854251844,
        "SR": -0.014024012317714454,
        "MDD": 0.023461091744832574,
        "WinRatio": 0.5423728813559322,
        "WinLossRatio": 0.8344823771726108,
        "Calmar": -0.0054637325089611204,
        "MDD_date": 20240731,
        "MDD_lastdays": 690,
        "MDD_recoverdays": 110,
        "Periods": 59
      },
      "5": {
        "AnnualRt": 0.0004723977023671821,
        "AccumRt": 0.0024243450085483786,
        "SR": 0.05065424520285427,
        "MDD": 0.02192822434905728,
        "WinRatio": 0.4915254237288136,
        "WinLossRatio": 1.0704552775842697,
        "Calmar": 0.021542907207053045,
        "MDD_date": 20241225,
        "MDD_lastdays": 430,
        "MDD_recoverdays": 5,
        "Periods": 59
      }
    }
  },
  "longshort": {
    "eva": {
      "多头超额": {
        "AnnualRt": 0.0004723977023671821,
        "AccumRt": 0.0024243450085483786,
        "SR": 0.05065424520285427,
        "MDD": 0.02192822434905728,
        "WinRatio": 0.4915254237288136,
        "WinLossRatio": 1.0704552775842697,
        "Calmar": 0.021542907207053045,
        "MDD_date": 20241225,
        "MDD_lastdays": 430,
        "MDD_recoverdays": 5,
        "Periods": 59
      },
      "空头超额": {
        "AnnualRt": 8.571053162030937e-05,
        "AccumRt": 0.00043986644827542776,
        "SR": 0.009339494528034323,
        "MDD": 0.018835520159789065,
        "WinRatio": 0.4915254237288136,
        "WinLossRatio": 1.0418218018076206,
        "Calmar": 0.004550473302207398,
        "MDD_date": 20211112,
        "MDD_lastdays": 315,
        "MDD_recoverdays": 640,
        "Periods": 59
      },
      "多空": {
        "AnnualRt": 0.00038668717074687273,
        "AccumRt": 0.001984478560272951,
        "SR": 0.025996329410589287,
        "MDD": 0.0262245146342982,
        "WinRatio": 0.5254237288135594,
        "WinLossRatio": 0.920447317607434,
        "Calmar": 0.014745255580102786,
        "MDD_date": 20240611,
        "MDD_lastdays": 394,
        "MDD_recoverdays": 146,
        "Periods": 59
      }
    }
  },
  "risk_corr": {
    "mean": {}
  }
}