{
  "factor_name": "000001.SZ",
  "timestamp": "2026-06-23T00:30:58.007956",
  "ic": {
    "ic_mean": -0.047767054015998296,
    "ic_std": 0.1678668833482384,
    "icir": -0.28455317131793023,
    "rank_ic_mean": 0.011875682522059243,
    "rank_icir": 0.07938339855074411
  },
  "group": {
    "n_groups": 5,
    "group_eva_exc": {
      "1": {
        "AnnualRt": -0.0017220488586384784,
        "AccumRt": -0.008837554742532672,
        "SR": -0.19449248285211707,
        "MDD": 0.01853856994803471,
        "WinRatio": 0.5084745762711864,
        "WinLossRatio": 0.8297529016773675,
        "Calmar": -0.0928900591289154,
        "MDD_date": 20220704,
        "MDD_lastdays": 464,
        "MDD_recoverdays": 292,
        "Periods": 59
      },
      "2": {
        "AnnualRt": -4.1696026766607636e-05,
        "AccumRt": -0.0002139840093662304,
        "SR": -0.004617944753757062,
        "MDD": 0.036259193768310105,
        "WinRatio": 0.4745762711864407,
        "WinLossRatio": 1.103728618417371,
        "Calmar": -0.0011499435710853898,
        "MDD_date": 20221116,
        "MDD_lastdays": 577,
        "MDD_recoverdays": 555,
        "Periods": 59
      },
      "3": {
        "AnnualRt": -0.0067322935386471055,
        "AccumRt": -0.034550130440336946,
        "SR": -0.7151258957111569,
        "MDD": 0.04636397203094311,
        "WinRatio": 0.4406779661016949,
        "WinLossRatio": 0.7784461611571937,
        "Calmar": -0.14520527995647142,
        "MDD_date": 20241225,
        "MDD_lastdays": 1178,
        "MDD_recoverdays": 5,
        "Periods": 59
      },
      "4": {
        "AnnualRt": 0.007968994818694307,
        "AccumRt": 0.040896881409539176,
        "SR": 0.8816089093163155,
        "MDD": 0.01355350149270751,
        "WinRatio": 0.576271186440678,
        "WinLossRatio": 1.3089768990412882,
        "Calmar": 0.5879657609498211,
        "MDD_date": 20230516,
        "MDD_lastdays": 234,
        "MDD_recoverdays": 147,
        "Periods": 59
      },
      "5": {
        "AnnualRt": 0.0005313021327305288,
        "AccumRt": 0.0027266425451730747,
        "SR": 0.05862680678747478,
        "MDD": 0.027652284516708425,
        "WinRatio": 0.4745762711864407,
        "WinLossRatio": 1.1494372800246957,
        "Calmar": 0.019213679521107866,
        "MDD_date": 20240610,
        "MDD_lastdays": 309,
        "MDD_recoverdays": 147,
        "Periods": 59
      }
    }
  },
  "longshort": {
    "eva": {
      "多头超额": {
        "AnnualRt": 0.0005313021327305288,
        "AccumRt": 0.0027266425451730747,
        "SR": 0.05862680678747478,
        "MDD": 0.027652284516708425,
        "WinRatio": 0.4745762711864407,
        "WinLossRatio": 1.1494372800246957,
        "Calmar": 0.019213679521107866,
        "MDD_date": 20240610,
        "MDD_lastdays": 309,
        "MDD_recoverdays": 147,
        "Periods": 59
      },
      "空头超额": {
        "AnnualRt": -0.0017220488586384784,
        "AccumRt": -0.008837554742532672,
        "SR": -0.19449248285211707,
        "MDD": 0.01853856994803471,
        "WinRatio": 0.5084745762711864,
        "WinLossRatio": 0.8297529016773675,
        "Calmar": -0.0928900591289154,
        "MDD_date": 20220704,
        "MDD_lastdays": 464,
        "MDD_recoverdays": 292,
        "Periods": 59
      },
      "多空": {
        "AnnualRt": 0.0022533509913689855,
        "AccumRt": 0.011564197287705635,
        "SR": 0.15908063810177722,
        "MDD": 0.030636857314497723,
        "WinRatio": 0.559322033898305,
        "WinLossRatio": 0.8773316102020438,
        "Calmar": 0.0735503308396672,
        "MDD_date": 20240724,
        "MDD_lastdays": 340,
        "MDD_recoverdays": 115,
        "Periods": 59
      }
    }
  },
  "risk_corr": {
    "mean": {}
  }
}