{
  "factor_name": "000001.SZ",
  "timestamp": "2026-06-23T00:03:45.960080",
  "ic": {
    "ic_mean": -0.01946172814822468,
    "ic_std": 0.16382639163217327,
    "icir": -0.11879482880829478,
    "rank_ic_mean": -0.011280909737788041,
    "rank_icir": -0.06685063563973594
  },
  "group": {
    "n_groups": 5,
    "group_eva_exc": {
      "1": {
        "AnnualRt": 0.004414817317887699,
        "AccumRt": 0.022656842475399674,
        "SR": 0.48108103079136666,
        "MDD": 0.02125165284412034,
        "WinRatio": 0.5932203389830508,
        "WinLossRatio": 0.9360041598835805,
        "Calmar": 0.2077399508767686,
        "MDD_date": 20210108,
        "MDD_lastdays": 245,
        "MDD_recoverdays": 535,
        "Periods": 59
      },
      "2": {
        "AnnualRt": 0.00044219358421758724,
        "AccumRt": 0.002269337474204658,
        "SR": 0.04865628100929499,
        "MDD": 0.017106619750665075,
        "WinRatio": 0.4915254237288136,
        "WinLossRatio": 1.0694136927109263,
        "Calmar": 0.02584926716456625,
        "MDD_date": 20201117,
        "MDD_lastdays": 207,
        "MDD_recoverdays": 225,
        "Periods": 59
      },
      "3": {
        "AnnualRt": -0.006144370906921499,
        "AccumRt": -0.031532911494321136,
        "SR": -0.6747097482796793,
        "MDD": 0.04059271959940147,
        "WinRatio": 0.3898305084745763,
        "WinLossRatio": 0.8659249829747756,
        "Calmar": -0.15136632794152813,
        "MDD_date": 20241125,
        "MDD_lastdays": 1027,
        "MDD_recoverdays": 27,
        "Periods": 59
      },
      "4": {
        "AnnualRt": 0.0024453738084040852,
        "AccumRt": 0.012549658384729767,
        "SR": 0.2656729410880648,
        "MDD": 0.019464406166460835,
        "WinRatio": 0.5084745762711864,
        "WinLossRatio": 1.192773170470006,
        "Calmar": 0.12563310627054808,
        "MDD_date": 20230911,
        "MDD_lastdays": 497,
        "MDD_recoverdays": 342,
        "Periods": 59
      },
      "5": {
        "AnnualRt": -0.0013542616459716707,
        "AccumRt": -0.006950070767126615,
        "SR": -0.14981826342513407,
        "MDD": 0.02051842311105445,
        "WinRatio": 0.4915254237288136,
        "WinLossRatio": 0.9247106806016488,
        "Calmar": -0.06600222827270057,
        "MDD_date": 20241230,
        "MDD_lastdays": 1054,
        "MDD_recoverdays": 2,
        "Periods": 59
      }
    }
  },
  "longshort": {
    "eva": {
      "多头超额": {
        "AnnualRt": -0.0013542616459716707,
        "AccumRt": -0.006950070767126615,
        "SR": -0.14981826342513407,
        "MDD": 0.02051842311105445,
        "WinRatio": 0.4915254237288136,
        "WinLossRatio": 0.9247106806016488,
        "Calmar": -0.06600222827270057,
        "MDD_date": 20241230,
        "MDD_lastdays": 1054,
        "MDD_recoverdays": 2,
        "Periods": 59
      },
      "空头超额": {
        "AnnualRt": 0.004414817317887699,
        "AccumRt": 0.022656842475399674,
        "SR": 0.48108103079136666,
        "MDD": 0.02125165284412034,
        "WinRatio": 0.5932203389830508,
        "WinLossRatio": 0.9360041598835805,
        "Calmar": 0.2077399508767686,
        "MDD_date": 20210108,
        "MDD_lastdays": 245,
        "MDD_recoverdays": 535,
        "Periods": 59
      },
      "多空": {
        "AnnualRt": -0.00576907896385937,
        "AccumRt": -0.02960691324252629,
        "SR": -0.40617334088694224,
        "MDD": 0.06310717259237397,
        "WinRatio": 0.4067796610169492,
        "WinLossRatio": 1.0882871153796723,
        "Calmar": -0.09141716744502859,
        "MDD_date": 20241230,
        "MDD_lastdays": 1054,
        "MDD_recoverdays": 2,
        "Periods": 59
      }
    }
  },
  "risk_corr": {
    "mean": {}
  }
}