{
  "factor_name": "000001.SZ",
  "timestamp": "2026-06-23T00:32:40.275953",
  "ic": {
    "ic_mean": 0.011492804163405337,
    "ic_std": 0.17798039603512297,
    "icir": 0.06457342729553948,
    "rank_ic_mean": 0.02521684462511643,
    "rank_icir": 0.1454896956188575
  },
  "group": {
    "n_groups": 5,
    "group_eva_exc": {
      "1": {
        "AnnualRt": -0.004402108666649527,
        "AccumRt": -0.022591621677245377,
        "SR": -0.408545364729427,
        "MDD": 0.033569688567233524,
        "WinRatio": 0.423728813559322,
        "WinLossRatio": 0.9625531472568354,
        "Calmar": -0.13113343776880634,
        "MDD_date": 20241231,
        "MDD_lastdays": 391,
        "MDD_recoverdays": 1,
        "Periods": 59
      },
      "2": {
        "AnnualRt": 0.0003528134460722911,
        "AccumRt": 0.001810638605242998,
        "SR": 0.033666002530044,
        "MDD": 0.021127576960196848,
        "WinRatio": 0.5254237288135594,
        "WinLossRatio": 0.9296163785135052,
        "Calmar": 0.01669919114420795,
        "MDD_date": 20231120,
        "MDD_lastdays": 402,
        "MDD_recoverdays": 292,
        "Periods": 59
      },
      "3": {
        "AnnualRt": -0.00594559862010963,
        "AccumRt": -0.03051281211840262,
        "SR": -0.5193293494284422,
        "MDD": 0.042197413515072335,
        "WinRatio": 0.4745762711864407,
        "WinLossRatio": 0.7163254561862472,
        "Calmar": -0.14089959845491346,
        "MDD_date": 20231020,
        "MDD_lastdays": 865,
        "MDD_recoverdays": 313,
        "Periods": 59
      },
      "4": {
        "AnnualRt": 0.006247585138360702,
        "AccumRt": 0.03206260693006713,
        "SR": 0.5884578698494037,
        "MDD": 0.02162689135709639,
        "WinRatio": 0.576271186440678,
        "WinLossRatio": 1.0925390473184422,
        "Calmar": 0.2888804051956683,
        "MDD_date": 20210330,
        "MDD_lastdays": 89,
        "MDD_recoverdays": 371,
        "Periods": 59
      },
      "5": {
        "AnnualRt": 0.0037045432936181305,
        "AccumRt": 0.01901171618284825,
        "SR": 0.35182035955294855,
        "MDD": 0.017037525685371757,
        "WinRatio": 0.4576271186440678,
        "WinLossRatio": 1.5060001149958542,
        "Calmar": 0.21743434827504401,
        "MDD_date": 20240502,
        "MDD_lastdays": 120,
        "MDD_recoverdays": 174,
        "Periods": 59
      }
    }
  },
  "longshort": {
    "eva": {
      "多头超额": {
        "AnnualRt": 0.0037045432936181305,
        "AccumRt": 0.01901171618284825,
        "SR": 0.35182035955294855,
        "MDD": 0.017037525685371757,
        "WinRatio": 0.4576271186440678,
        "WinLossRatio": 1.5060001149958542,
        "Calmar": 0.21743434827504401,
        "MDD_date": 20240502,
        "MDD_lastdays": 120,
        "MDD_recoverdays": 174,
        "Periods": 59
      },
      "空头超额": {
        "AnnualRt": -0.004402108666649527,
        "AccumRt": -0.022591621677245377,
        "SR": -0.408545364729427,
        "MDD": 0.033569688567233524,
        "WinRatio": 0.423728813559322,
        "WinLossRatio": 0.9625531472568354,
        "Calmar": -0.13113343776880634,
        "MDD_date": 20241231,
        "MDD_lastdays": 391,
        "MDD_recoverdays": 1,
        "Periods": 59
      },
      "多空": {
        "AnnualRt": 0.008106651960267636,
        "AccumRt": 0.041603337860093514,
        "SR": 0.4824152187716252,
        "MDD": 0.020455606882877286,
        "WinRatio": 0.559322033898305,
        "WinLossRatio": 1.1282423863018667,
        "Calmar": 0.39630464188542097,
        "MDD_date": 20230704,
        "MDD_lastdays": 404,
        "MDD_recoverdays": 42,
        "Periods": 59
      }
    }
  },
  "risk_corr": {
    "mean": {}
  }
}