{
  "factor_name": "000001.SZ",
  "timestamp": "2026-06-23T01:53:35.051032",
  "ic": {
    "ic_mean": -0.020970946664194728,
    "ic_std": 0.1597762476027719,
    "icir": -0.13125196628933042,
    "rank_ic_mean": -0.02027277748474573,
    "rank_icir": -0.15998055493374364
  },
  "group": {
    "n_groups": 5,
    "group_eva_exc": {
      "1": {
        "AnnualRt": -0.0033595864006445903,
        "AccumRt": -0.01724139740810804,
        "SR": -0.367595412187052,
        "MDD": 0.029103581583862614,
        "WinRatio": 0.5254237288135594,
        "WinLossRatio": 0.6910988746258044,
        "Calmar": -0.11543549686363748,
        "MDD_date": 20220916,
        "MDD_lastdays": 490,
        "MDD_recoverdays": 598,
        "Periods": 59
      },
      "2": {
        "AnnualRt": 0.0050323709219081,
        "AccumRt": 0.02582612757123237,
        "SR": 0.5598031562475067,
        "MDD": 0.021011777795656328,
        "WinRatio": 0.5423728813559322,
        "WinLossRatio": 1.220646171579748,
        "Calmar": 0.23950238627349368,
        "MDD_date": 20230410,
        "MDD_lastdays": 203,
        "MDD_recoverdays": 452,
        "Periods": 59
      },
      "3": {
        "AnnualRt": 0.001194242845358334,
        "AccumRt": 0.0061288542823789705,
        "SR": 0.13064939619977514,
        "MDD": 0.02554245796800747,
        "WinRatio": 0.5254237288135594,
        "WinLossRatio": 0.9996799510307379,
        "Calmar": 0.04675520448557266,
        "MDD_date": 20230516,
        "MDD_lastdays": 792,
        "MDD_recoverdays": 426,
        "Periods": 59
      },
      "4": {
        "AnnualRt": 0.003113930753620087,
        "AccumRt": 0.015980692627578286,
        "SR": 0.34953659502771606,
        "MDD": 0.01590330458926148,
        "WinRatio": 0.4745762711864407,
        "WinLossRatio": 1.457951144038612,
        "Calmar": 0.19580400640271534,
        "MDD_date": 20200827,
        "MDD_lastdays": 143,
        "MDD_recoverdays": 138,
        "Periods": 59
      },
      "5": {
        "AnnualRt": -0.006527598488290687,
        "AccumRt": -0.033499635441907816,
        "SR": -0.7137017994483109,
        "MDD": 0.04025736678417169,
        "WinRatio": 0.3389830508474576,
        "WinLossRatio": 0.9940597433182887,
        "Calmar": -0.16214668294840376,
        "MDD_date": 20241204,
        "MDD_lastdays": 1219,
        "MDD_recoverdays": 20,
        "Periods": 59
      }
    }
  },
  "longshort": {
    "eva": {
      "多头超额": {
        "AnnualRt": -0.006527598488290687,
        "AccumRt": -0.033499635441907816,
        "SR": -0.7137017994483109,
        "MDD": 0.04025736678417169,
        "WinRatio": 0.3389830508474576,
        "WinLossRatio": 0.9940597433182887,
        "Calmar": -0.16214668294840376,
        "MDD_date": 20241204,
        "MDD_lastdays": 1219,
        "MDD_recoverdays": 20,
        "Periods": 59
      },
      "空头超额": {
        "AnnualRt": -0.0033595864006445903,
        "AccumRt": -0.01724139740810804,
        "SR": -0.367595412187052,
        "MDD": 0.029103581583862614,
        "WinRatio": 0.5254237288135594,
        "WinLossRatio": 0.6910988746258044,
        "Calmar": -0.11543549686363748,
        "MDD_date": 20220916,
        "MDD_lastdays": 490,
        "MDD_recoverdays": 598,
        "Periods": 59
      },
      "多空": {
        "AnnualRt": -0.0031680120876460983,
        "AccumRt": -0.016258238033799777,
        "SR": -0.2176540489441041,
        "MDD": 0.042672039968445596,
        "WinRatio": 0.3898305084745763,
        "WinLossRatio": 1.3082820056150946,
        "Calmar": -0.0742409336415303,
        "MDD_date": 20240502,
        "MDD_lastdays": 425,
        "MDD_recoverdays": 174,
        "Periods": 59
      }
    }
  },
  "risk_corr": {
    "mean": {}
  }
}