{
  "factor_name": "000001.SZ",
  "timestamp": "2026-06-22T17:06:48.314434",
  "ic": {
    "ic_mean": -0.003498163404502047,
    "ic_std": 0.17119383266479554,
    "icir": -0.02043393357137808,
    "rank_ic_mean": 0.0025289047960025666,
    "rank_icir": 0.014436840043303706
  },
  "group": {
    "n_groups": 5,
    "group_eva_exc": {
      "1": {
        "AnnualRt": 0.004598934896331155,
        "AccumRt": 0.023601733887971488,
        "SR": 0.4881615373565285,
        "MDD": 0.01917167613795956,
        "WinRatio": 0.6271186440677966,
        "WinLossRatio": 0.8313509012280198,
        "Calmar": 0.23988173299179355,
        "MDD_date": 20201019,
        "MDD_lastdays": 184,
        "MDD_recoverdays": 366,
        "Periods": 59
      },
      "2": {
        "AnnualRt": -0.005837456449097803,
        "AccumRt": -0.029957826496769924,
        "SR": -0.6523462581820515,
        "MDD": 0.03689615607580721,
        "WinRatio": 0.4067796610169492,
        "WinLossRatio": 0.9100282614951191,
        "Calmar": -0.15821313301862955,
        "MDD_date": 20241121,
        "MDD_lastdays": 1253,
        "MDD_recoverdays": 29,
        "Periods": 59
      },
      "3": {
        "AnnualRt": -0.0002610357105451269,
        "AccumRt": -0.0013396352665175915,
        "SR": -0.028335692567422487,
        "MDD": 0.03181323817028814,
        "WinRatio": 0.4576271186440678,
        "WinLossRatio": 1.1607350009207142,
        "Calmar": -0.008205254339337274,
        "MDD_date": 20230524,
        "MDD_lastdays": 677,
        "MDD_recoverdays": 420,
        "Periods": 59
      },
      "4": {
        "AnnualRt": -0.00011739849749505454,
        "AccumRt": -0.00060248908914462,
        "SR": -0.012462925056105294,
        "MDD": 0.0388073108016328,
        "WinRatio": 0.4576271186440678,
        "WinLossRatio": 1.1751161020294054,
        "Calmar": -0.003025164461798138,
        "MDD_date": 20240524,
        "MDD_lastdays": 825,
        "MDD_recoverdays": 158,
        "Periods": 59
      },
      "5": {
        "AnnualRt": 0.0014633170165421652,
        "AccumRt": 0.007509742928894392,
        "SR": 0.15920011719852242,
        "MDD": 0.021250307928681766,
        "WinRatio": 0.559322033898305,
        "WinLossRatio": 0.8669042067709459,
        "Calmar": 0.06886097940101427,
        "MDD_date": 20241230,
        "MDD_lastdays": 129,
        "MDD_recoverdays": 2,
        "Periods": 59
      }
    }
  },
  "longshort": {
    "eva": {
      "多头超额": {
        "AnnualRt": 0.0014633170165421652,
        "AccumRt": 0.007509742928894392,
        "SR": 0.15920011719852242,
        "MDD": 0.021250307928681766,
        "WinRatio": 0.559322033898305,
        "WinLossRatio": 0.8669042067709459,
        "Calmar": 0.06886097940101427,
        "MDD_date": 20241230,
        "MDD_lastdays": 129,
        "MDD_recoverdays": 2,
        "Periods": 59
      },
      "空头超额": {
        "AnnualRt": 0.004598934896331155,
        "AccumRt": 0.023601733887971488,
        "SR": 0.4881615373565285,
        "MDD": 0.01917167613795956,
        "WinRatio": 0.6271186440677966,
        "WinLossRatio": 0.8313509012280198,
        "Calmar": 0.23988173299179355,
        "MDD_date": 20201019,
        "MDD_lastdays": 184,
        "MDD_recoverdays": 366,
        "Periods": 59
      },
      "多空": {
        "AnnualRt": -0.0031356178797889893,
        "AccumRt": -0.016091990959077096,
        "SR": -0.21094108161923855,
        "MDD": 0.04327626382823779,
        "WinRatio": 0.5423728813559322,
        "WinLossRatio": 0.7397955929612017,
        "Calmar": -0.07245583611917525,
        "MDD_date": 20241205,
        "MDD_lastdays": 980,
        "MDD_recoverdays": 19,
        "Periods": 59
      }
    }
  },
  "risk_corr": {
    "mean": {}
  }
}