{
  "factor_name": "000001.SZ",
  "timestamp": "2026-06-22T15:42:18.549893",
  "ic": {
    "ic_mean": 0.009774322037460027,
    "ic_std": 0.1291777633654515,
    "icir": 0.07566567018046205,
    "rank_ic_mean": 0.012429935973079271,
    "rank_icir": 0.08881370775978427
  },
  "group": {
    "n_groups": 5,
    "group_eva_exc": {
      "1": {
        "AnnualRt": -0.005535754974867462,
        "AccumRt": -0.02840949453101982,
        "SR": -0.6101822487848314,
        "MDD": 0.035283946510053954,
        "WinRatio": 0.4745762711864407,
        "WinLossRatio": 0.6898544085102178,
        "Calmar": -0.15689160432464894,
        "MDD_date": 20240910,
        "MDD_lastdays": 1196,
        "MDD_recoverdays": 81,
        "Periods": 59
      },
      "2": {
        "AnnualRt": 0.0033767859001981124,
        "AccumRt": 0.017329665239816716,
        "SR": 0.36552455351700114,
        "MDD": 0.013652143571638908,
        "WinRatio": 0.5423728813559322,
        "WinLossRatio": 1.0771722415971798,
        "Calmar": 0.24734473985558425,
        "MDD_date": 20210202,
        "MDD_lastdays": 157,
        "MDD_recoverdays": 185,
        "Periods": 59
      },
      "3": {
        "AnnualRt": 0.0033609333284558003,
        "AccumRt": 0.017248309841635168,
        "SR": 0.36469163004101085,
        "MDD": 0.02547735262807571,
        "WinRatio": 0.5254237288135594,
        "WinLossRatio": 1.166409980975316,
        "Calmar": 0.1319184680417735,
        "MDD_date": 20241001,
        "MDD_lastdays": 366,
        "MDD_recoverdays": 66,
        "Periods": 59
      },
      "4": {
        "AnnualRt": -0.0014373375278203568,
        "AccumRt": -0.007376416192774071,
        "SR": -0.15862792947212281,
        "MDD": 0.019694798394328306,
        "WinRatio": 0.4745762711864407,
        "WinLossRatio": 0.9829635468948228,
        "Calmar": -0.07298056568247381,
        "MDD_date": 20241128,
        "MDD_lastdays": 1220,
        "MDD_recoverdays": 24,
        "Periods": 59
      },
      "5": {
        "AnnualRt": 0.0005312132072594891,
        "AccumRt": 0.0027261861796556985,
        "SR": 0.05899461632772363,
        "MDD": 0.0339545938696042,
        "WinRatio": 0.5084745762711864,
        "WinLossRatio": 1.0106133562775166,
        "Calmar": 0.01564481110566384,
        "MDD_date": 20230315,
        "MDD_lastdays": 520,
        "MDD_recoverdays": 470,
        "Periods": 59
      }
    }
  },
  "longshort": {
    "eva": {
      "多头超额": {
        "AnnualRt": 0.0005312132072594891,
        "AccumRt": 0.0027261861796556985,
        "SR": 0.05899461632772363,
        "MDD": 0.0339545938696042,
        "WinRatio": 0.5084745762711864,
        "WinLossRatio": 1.0106133562775166,
        "Calmar": 0.01564481110566384,
        "MDD_date": 20230315,
        "MDD_lastdays": 520,
        "MDD_recoverdays": 470,
        "Periods": 59
      },
      "空头超额": {
        "AnnualRt": -0.005535754974867462,
        "AccumRt": -0.02840949453101982,
        "SR": -0.6101822487848314,
        "MDD": 0.035283946510053954,
        "WinRatio": 0.4745762711864407,
        "WinLossRatio": 0.6898544085102178,
        "Calmar": -0.15689160432464894,
        "MDD_date": 20240910,
        "MDD_lastdays": 1196,
        "MDD_recoverdays": 81,
        "Periods": 59
      },
      "多空": {
        "AnnualRt": 0.006066968182126951,
        "AccumRt": 0.031135680710675517,
        "SR": 0.4226824289873201,
        "MDD": 0.03665578831341432,
        "WinRatio": 0.5423728813559322,
        "WinLossRatio": 1.160265580237191,
        "Calmar": 0.16551187305680512,
        "MDD_date": 20220707,
        "MDD_lastdays": 174,
        "MDD_recoverdays": 568,
        "Periods": 59
      }
    }
  },
  "risk_corr": {
    "mean": {}
  }
}