{
  "factor_name": "000001.SZ",
  "timestamp": "2026-06-22T15:25:55.003050",
  "ic": {
    "ic_mean": -0.0056562753992316726,
    "ic_std": 0.14792698869777898,
    "icir": -0.03823694005417551,
    "rank_ic_mean": -0.005826878019487067,
    "rank_icir": -0.040191030603497276
  },
  "group": {
    "n_groups": 5,
    "group_eva_exc": {
      "1": {
        "AnnualRt": 0.004095695277343936,
        "AccumRt": 0.02101910816332908,
        "SR": 0.4982865498922786,
        "MDD": 0.012170277486842074,
        "WinRatio": 0.4576271186440678,
        "WinLossRatio": 1.776990558589342,
        "Calmar": 0.33653261248743155,
        "MDD_date": 20241230,
        "MDD_lastdays": 124,
        "MDD_recoverdays": 2,
        "Periods": 59
      },
      "2": {
        "AnnualRt": -0.004676344024120057,
        "AccumRt": -0.02399899753178414,
        "SR": -0.5072741615669073,
        "MDD": 0.03519788581404326,
        "WinRatio": 0.4406779661016949,
        "WinLossRatio": 0.8980268715573416,
        "Calmar": -0.13285866227380874,
        "MDD_date": 20230203,
        "MDD_lastdays": 737,
        "MDD_recoverdays": 498,
        "Periods": 59
      },
      "3": {
        "AnnualRt": -0.004860698442836982,
        "AccumRt": -0.024945104408639396,
        "SR": -0.5248285636387471,
        "MDD": 0.03423569295071216,
        "WinRatio": 0.4576271186440678,
        "WinLossRatio": 0.7934666896248161,
        "Calmar": -0.14197751013349566,
        "MDD_date": 20240828,
        "MDD_lastdays": 1187,
        "MDD_recoverdays": 90,
        "Periods": 59
      },
      "4": {
        "AnnualRt": 0.005946408813247462,
        "AccumRt": 0.030516970029585977,
        "SR": 0.6296376522643012,
        "MDD": 0.02107940006178488,
        "WinRatio": 0.5932203389830508,
        "WinLossRatio": 1.0672434324429352,
        "Calmar": 0.2820957330767579,
        "MDD_date": 20220801,
        "MDD_lastdays": 208,
        "MDD_recoverdays": 599,
        "Periods": 59
      },
      "5": {
        "AnnualRt": -2.882809493294616e-05,
        "AccumRt": -0.0001479457831958797,
        "SR": -0.0031398429163732302,
        "MDD": 0.02672507535754476,
        "WinRatio": 0.559322033898305,
        "WinLossRatio": 0.7863382275304042,
        "Calmar": -0.0010786908754144148,
        "MDD_date": 20231017,
        "MDD_lastdays": 298,
        "MDD_recoverdays": 316,
        "Periods": 59
      }
    }
  },
  "longshort": {
    "eva": {
      "多头超额": {
        "AnnualRt": -2.882809493294616e-05,
        "AccumRt": -0.0001479457831958797,
        "SR": -0.0031398429163732302,
        "MDD": 0.02672507535754476,
        "WinRatio": 0.559322033898305,
        "WinLossRatio": 0.7863382275304042,
        "Calmar": -0.0010786908754144148,
        "MDD_date": 20231017,
        "MDD_lastdays": 298,
        "MDD_recoverdays": 316,
        "Periods": 59
      },
      "空头超额": {
        "AnnualRt": 0.004095695277343936,
        "AccumRt": 0.02101910816332908,
        "SR": 0.4982865498922786,
        "MDD": 0.012170277486842074,
        "WinRatio": 0.4576271186440678,
        "WinLossRatio": 1.776990558589342,
        "Calmar": 0.33653261248743155,
        "MDD_date": 20241230,
        "MDD_lastdays": 124,
        "MDD_recoverdays": 2,
        "Periods": 59
      },
      "多空": {
        "AnnualRt": -0.004124523372276882,
        "AccumRt": -0.02116705394652496,
        "SR": -0.30140351241619284,
        "MDD": 0.05470931876078344,
        "WinRatio": 0.5084745762711864,
        "WinLossRatio": 0.7907396335267668,
        "Calmar": -0.07538977756808424,
        "MDD_date": 20231019,
        "MDD_lastdays": 946,
        "MDD_recoverdays": 314,
        "Periods": 59
      }
    }
  },
  "risk_corr": {
    "mean": {}
  }
}