{
  "factor_name": "000001.SZ",
  "timestamp": "2026-06-23T09:40:27.171921",
  "ic": {
    "ic_mean": 0.005420589543653548,
    "ic_std": 0.12751956940204517,
    "icir": 0.04250790344628165,
    "rank_ic_mean": 0.004815477823523396,
    "rank_icir": 0.03757559173766617
  },
  "group": {
    "n_groups": 5,
    "group_eva_exc": {
      "1": {
        "AnnualRt": 0.0004838300499481315,
        "AccumRt": 0.002483015816333811,
        "SR": 0.05614754163074724,
        "MDD": 0.01283554774620066,
        "WinRatio": 0.5932203389830508,
        "WinLossRatio": 0.7156034324574515,
        "Calmar": 0.03769453859819468,
        "MDD_date": 20210716,
        "MDD_lastdays": 171,
        "MDD_recoverdays": 84,
        "Periods": 59
      },
      "2": {
        "AnnualRt": 0.0012163466984619151,
        "AccumRt": 0.006242291256506549,
        "SR": 0.12837960805531567,
        "MDD": 0.014025310099180954,
        "WinRatio": 0.5084745762711864,
        "WinLossRatio": 1.0735368387318676,
        "Calmar": 0.08672511979132262,
        "MDD_date": 20230405,
        "MDD_lastdays": 448,
        "MDD_recoverdays": 243,
        "Periods": 59
      },
      "3": {
        "AnnualRt": -0.0066142532526085275,
        "AccumRt": -0.03394434769238697,
        "SR": -0.7244780400735333,
        "MDD": 0.04666416310823818,
        "WinRatio": 0.4576271186440678,
        "WinLossRatio": 0.63213206640414,
        "Calmar": -0.14174160237839634,
        "MDD_date": 20240828,
        "MDD_lastdays": 1027,
        "MDD_recoverdays": 90,
        "Periods": 59
      },
      "4": {
        "AnnualRt": 0.0028788133615713055,
        "AccumRt": 0.014774070171583942,
        "SR": 0.3097299596113902,
        "MDD": 0.010377008642262986,
        "WinRatio": 0.5423728813559322,
        "WinLossRatio": 1.1076079366878868,
        "Calmar": 0.2774222765746394,
        "MDD_date": 20210531,
        "MDD_lastdays": 132,
        "MDD_recoverdays": 255,
        "Periods": 59
      },
      "5": {
        "AnnualRt": 0.0003367543735928398,
        "AccumRt": 0.001728223445278454,
        "SR": 0.036867397884900406,
        "MDD": 0.01454987760256199,
        "WinRatio": 0.4067796610169492,
        "WinLossRatio": 1.4993634861340899,
        "Calmar": 0.023144825186264317,
        "MDD_date": 20220526,
        "MDD_lastdays": 386,
        "MDD_recoverdays": 357,
        "Periods": 59
      }
    }
  },
  "longshort": {
    "eva": {
      "多头超额": {
        "AnnualRt": 0.0003367543735928398,
        "AccumRt": 0.001728223445278454,
        "SR": 0.036867397884900406,
        "MDD": 0.01454987760256199,
        "WinRatio": 0.4067796610169492,
        "WinLossRatio": 1.4993634861340899,
        "Calmar": 0.023144825186264317,
        "MDD_date": 20220526,
        "MDD_lastdays": 386,
        "MDD_recoverdays": 357,
        "Periods": 59
      },
      "空头超额": {
        "AnnualRt": 0.0004838300499481315,
        "AccumRt": 0.002483015816333811,
        "SR": 0.05614754163074724,
        "MDD": 0.01283554774620066,
        "WinRatio": 0.5932203389830508,
        "WinLossRatio": 0.7156034324574515,
        "Calmar": 0.03769453859819468,
        "MDD_date": 20210716,
        "MDD_lastdays": 171,
        "MDD_recoverdays": 84,
        "Periods": 59
      },
      "多空": {
        "AnnualRt": -0.00014707567635529174,
        "AccumRt": -0.0007547923710553572,
        "SR": -0.010700634486116321,
        "MDD": 0.02292499788507807,
        "WinRatio": 0.423728813559322,
        "WinLossRatio": 1.348896009650427,
        "Calmar": -0.0064155153728944776,
        "MDD_date": 20220527,
        "MDD_lastdays": 239,
        "MDD_recoverdays": 413,
        "Periods": 59
      }
    }
  },
  "risk_corr": {
    "mean": {}
  }
}