{
  "factor_name": "000001.SZ",
  "timestamp": "2026-06-23T00:04:19.210927",
  "ic": {
    "ic_mean": -0.012114578372307977,
    "ic_std": 0.14022075077703325,
    "icir": -0.08639647345471368,
    "rank_ic_mean": -0.023396403518366603,
    "rank_icir": -0.16488905898021314
  },
  "group": {
    "n_groups": 5,
    "group_eva_exc": {
      "1": {
        "AnnualRt": 0.003244828131491003,
        "AccumRt": 0.01665245797081183,
        "SR": 0.35739035385356727,
        "MDD": 0.02404384327875675,
        "WinRatio": 0.6271186440677966,
        "WinLossRatio": 0.7492349348944537,
        "Calmar": 0.13495463657250995,
        "MDD_date": 20221005,
        "MDD_lastdays": 250,
        "MDD_recoverdays": 585,
        "Periods": 59
      },
      "2": {
        "AnnualRt": -0.00738352382363126,
        "AccumRt": -0.03789224426287563,
        "SR": -0.8303967291733549,
        "MDD": 0.044603086173151896,
        "WinRatio": 0.3898305084745763,
        "WinLossRatio": 0.8648416824972948,
        "Calmar": -0.16553840680369003,
        "MDD_date": 20241231,
        "MDD_lastdays": 1045,
        "MDD_recoverdays": 1,
        "Periods": 59
      },
      "3": {
        "AnnualRt": 0.0005270598690407175,
        "AccumRt": 0.0027048712479169623,
        "SR": 0.05762542579047932,
        "MDD": 0.015070613640627673,
        "WinRatio": 0.5423728813559322,
        "WinLossRatio": 0.8715215715686019,
        "Calmar": 0.034972688014498536,
        "MDD_date": 20210818,
        "MDD_lastdays": 388,
        "MDD_recoverdays": 90,
        "Periods": 59
      },
      "4": {
        "AnnualRt": 0.005930529302203749,
        "AccumRt": 0.030435476378909643,
        "SR": 0.6586872623942891,
        "MDD": 0.011629239764838761,
        "WinRatio": 0.5423728813559322,
        "WinLossRatio": 1.3590179071540214,
        "Calmar": 0.5099670676783897,
        "MDD_date": 20201113,
        "MDD_lastdays": 155,
        "MDD_recoverdays": 102,
        "Periods": 59
      },
      "5": {
        "AnnualRt": -0.002801966239795339,
        "AccumRt": -0.01437969074262968,
        "SR": -0.31851418316410074,
        "MDD": 0.02990284085323658,
        "WinRatio": 0.4576271186440678,
        "WinLossRatio": 0.9483600013336331,
        "Calmar": -0.09370234264856023,
        "MDD_date": 20211130,
        "MDD_lastdays": 414,
        "MDD_recoverdays": 806,
        "Periods": 59
      }
    }
  },
  "longshort": {
    "eva": {
      "多头超额": {
        "AnnualRt": -0.002801966239795339,
        "AccumRt": -0.01437969074262968,
        "SR": -0.31851418316410074,
        "MDD": 0.02990284085323658,
        "WinRatio": 0.4576271186440678,
        "WinLossRatio": 0.9483600013336331,
        "Calmar": -0.09370234264856023,
        "MDD_date": 20211130,
        "MDD_lastdays": 414,
        "MDD_recoverdays": 806,
        "Periods": 59
      },
      "空头超额": {
        "AnnualRt": 0.003244828131491003,
        "AccumRt": 0.01665245797081183,
        "SR": 0.35739035385356727,
        "MDD": 0.02404384327875675,
        "WinRatio": 0.6271186440677966,
        "WinLossRatio": 0.7492349348944537,
        "Calmar": 0.13495463657250995,
        "MDD_date": 20221005,
        "MDD_lastdays": 250,
        "MDD_recoverdays": 585,
        "Periods": 59
      },
      "多空": {
        "AnnualRt": -0.006046794371286341,
        "AccumRt": -0.03103214871344151,
        "SR": -0.428892885884113,
        "MDD": 0.05198468681921142,
        "WinRatio": 0.4067796610169492,
        "WinLossRatio": 1.0873138889114229,
        "Calmar": -0.11631876118279687,
        "MDD_date": 20211021,
        "MDD_lastdays": 436,
        "MDD_recoverdays": 834,
        "Periods": 59
      }
    }
  },
  "risk_corr": {
    "mean": {}
  }
}