{
  "factor_name": "000001.SZ",
  "timestamp": "2026-06-23T09:30:10.207841",
  "ic": {
    "ic_mean": 0.0337542973371413,
    "ic_std": 0.11973954559738989,
    "icir": 0.28189765685796186,
    "rank_ic_mean": 0.013349722911971963,
    "rank_icir": 0.10932833241696618
  },
  "group": {
    "n_groups": 5,
    "group_eva_exc": {
      "1": {
        "AnnualRt": -0.0015339332349466454,
        "AccumRt": -0.007872145361746186,
        "SR": -0.17217991494684778,
        "MDD": 0.038373693490417304,
        "WinRatio": 0.4576271186440678,
        "WinLossRatio": 1.0636122416295342,
        "Calmar": -0.039973562496132924,
        "MDD_date": 20220201,
        "MDD_lastdays": 467,
        "MDD_recoverdays": 761,
        "Periods": 59
      },
      "2": {
        "AnnualRt": 0.0013697885074476566,
        "AccumRt": 0.007029754620221373,
        "SR": 0.1478177545240412,
        "MDD": 0.027708771926599818,
        "WinRatio": 0.4576271186440678,
        "WinLossRatio": 1.3086170462872686,
        "Calmar": 0.049435193702420624,
        "MDD_date": 20240923,
        "MDD_lastdays": 880,
        "MDD_recoverdays": 72,
        "Periods": 59
      },
      "3": {
        "AnnualRt": -0.0030963290737653563,
        "AccumRt": -0.015890360806563808,
        "SR": -0.3380399453770575,
        "MDD": 0.037211278782601664,
        "WinRatio": 0.4576271186440678,
        "WinLossRatio": 0.9360163260608707,
        "Calmar": -0.08320942399896941,
        "MDD_date": 20240618,
        "MDD_lastdays": 924,
        "MDD_recoverdays": 141,
        "Periods": 59
      },
      "4": {
        "AnnualRt": 0.0038783418456233686,
        "AccumRt": 0.019903650351739133,
        "SR": 0.41502011118375803,
        "MDD": 0.011243662284743605,
        "WinRatio": 0.576271186440678,
        "WinLossRatio": 0.9739545540425157,
        "Calmar": 0.34493581783275773,
        "MDD_date": 20231214,
        "MDD_lastdays": 53,
        "MDD_recoverdays": 76,
        "Periods": 59
      },
      "5": {
        "AnnualRt": -0.0009045403104261738,
        "AccumRt": -0.0046421008731071245,
        "SR": -0.1017271175449521,
        "MDD": 0.023060171379149508,
        "WinRatio": 0.5084745762711864,
        "WinLossRatio": 0.899028372531306,
        "Calmar": -0.03922522064359153,
        "MDD_date": 20241129,
        "MDD_lastdays": 686,
        "MDD_recoverdays": 23,
        "Periods": 59
      }
    }
  },
  "longshort": {
    "eva": {
      "多头超额": {
        "AnnualRt": -0.0009045403104261738,
        "AccumRt": -0.0046421008731071245,
        "SR": -0.1017271175449521,
        "MDD": 0.023060171379149508,
        "WinRatio": 0.5084745762711864,
        "WinLossRatio": 0.899028372531306,
        "Calmar": -0.03922522064359153,
        "MDD_date": 20241129,
        "MDD_lastdays": 686,
        "MDD_recoverdays": 23,
        "Periods": 59
      },
      "空头超额": {
        "AnnualRt": -0.0015339332349466454,
        "AccumRt": -0.007872145361746186,
        "SR": -0.17217991494684778,
        "MDD": 0.038373693490417304,
        "WinRatio": 0.4576271186440678,
        "WinLossRatio": 1.0636122416295342,
        "Calmar": -0.039973562496132924,
        "MDD_date": 20220201,
        "MDD_lastdays": 467,
        "MDD_recoverdays": 761,
        "Periods": 59
      },
      "多空": {
        "AnnualRt": 0.0006293929245204717,
        "AccumRt": 0.003230044488639061,
        "SR": 0.044168595332357494,
        "MDD": 0.04301783080181121,
        "WinRatio": 0.4915254237288136,
        "WinLossRatio": 1.0687599264870982,
        "Calmar": 0.01463097773154038,
        "MDD_date": 20241120,
        "MDD_lastdays": 679,
        "MDD_recoverdays": 30,
        "Periods": 59
      }
    }
  },
  "risk_corr": {
    "mean": {}
  }
}