{
  "factor_name": "000001.SZ",
  "timestamp": "2026-06-22T15:18:15.529739",
  "ic": {
    "ic_mean": -0.0045873141413417425,
    "ic_std": 0.15287635547150763,
    "icir": -0.03000669480374095,
    "rank_ic_mean": -0.008446827432573915,
    "rank_icir": -0.060878818112591444
  },
  "group": {
    "n_groups": 5,
    "group_eva_exc": {
      "1": {
        "AnnualRt": 0.0009163217378811844,
        "AccumRt": 0.004702563158806239,
        "SR": 0.09965804022300168,
        "MDD": 0.024067681710315925,
        "WinRatio": 0.5084745762711864,
        "WinLossRatio": 1.0387728897094544,
        "Calmar": 0.0380727046713614,
        "MDD_date": 20231115,
        "MDD_lastdays": 440,
        "MDD_recoverdays": 295,
        "Periods": 59
      },
      "2": {
        "AnnualRt": -0.0014974373595295538,
        "AccumRt": -0.00768484852910567,
        "SR": -0.1650695028057452,
        "MDD": 0.023292171362109593,
        "WinRatio": 0.4576271186440678,
        "WinLossRatio": 1.0456934256489518,
        "Calmar": -0.06428929859092061,
        "MDD_date": 20211014,
        "MDD_lastdays": 383,
        "MDD_recoverdays": 839,
        "Periods": 59
      },
      "3": {
        "AnnualRt": 0.00561813770579653,
        "AccumRt": 0.028832282706147794,
        "SR": 0.612571554670226,
        "MDD": 0.010669665110160542,
        "WinRatio": 0.6101694915254238,
        "WinLossRatio": 0.9964652147730011,
        "Calmar": 0.5265523938934571,
        "MDD_date": 20221215,
        "MDD_lastdays": 135,
        "MDD_recoverdays": 139,
        "Periods": 59
      },
      "4": {
        "AnnualRt": -0.0029192382648832818,
        "AccumRt": -0.014981530775381002,
        "SR": -0.32612750455479295,
        "MDD": 0.028942643203920815,
        "WinRatio": 0.4406779661016949,
        "WinLossRatio": 0.9892856633911634,
        "Calmar": -0.10086287711579214,
        "MDD_date": 20241125,
        "MDD_lastdays": 443,
        "MDD_recoverdays": 27,
        "Periods": 59
      },
      "5": {
        "AnnualRt": -0.001654917105274612,
        "AccumRt": -0.00849303458426931,
        "SR": -0.18530220286940613,
        "MDD": 0.03080692998123058,
        "WinRatio": 0.5254237288135594,
        "WinLossRatio": 0.8014548347025807,
        "Calmar": -0.05371898810699042,
        "MDD_date": 20221226,
        "MDD_lastdays": 349,
        "MDD_recoverdays": 527,
        "Periods": 59
      }
    }
  },
  "longshort": {
    "eva": {
      "多头超额": {
        "AnnualRt": -0.001654917105274612,
        "AccumRt": -0.00849303458426931,
        "SR": -0.18530220286940613,
        "MDD": 0.03080692998123058,
        "WinRatio": 0.5254237288135594,
        "WinLossRatio": 0.8014548347025807,
        "Calmar": -0.05371898810699042,
        "MDD_date": 20221226,
        "MDD_lastdays": 349,
        "MDD_recoverdays": 527,
        "Periods": 59
      },
      "空头超额": {
        "AnnualRt": 0.0009163217378811844,
        "AccumRt": 0.004702563158806239,
        "SR": 0.09965804022300168,
        "MDD": 0.024067681710315925,
        "WinRatio": 0.5084745762711864,
        "WinLossRatio": 1.0387728897094544,
        "Calmar": 0.0380727046713614,
        "MDD_date": 20231115,
        "MDD_lastdays": 440,
        "MDD_recoverdays": 295,
        "Periods": 59
      },
      "多空": {
        "AnnualRt": -0.0025712388431557965,
        "AccumRt": -0.013195597743075549,
        "SR": -0.17604519770164734,
        "MDD": 0.04295108368832157,
        "WinRatio": 0.5084745762711864,
        "WinLossRatio": 0.8609074203180229,
        "Calmar": -0.05986435317474698,
        "MDD_date": 20221222,
        "MDD_lastdays": 347,
        "MDD_recoverdays": 529,
        "Periods": 59
      }
    }
  },
  "risk_corr": {
    "mean": {}
  }
}