{
  "factor_name": "000001.SZ",
  "timestamp": "2026-06-23T01:55:51.166251",
  "ic": {
    "ic_mean": -0.011940199958670943,
    "ic_std": 0.18059660984996664,
    "icir": -0.06611530509122206,
    "rank_ic_mean": -0.01511717626566245,
    "rank_icir": -0.0805746108986072
  },
  "group": {
    "n_groups": 5,
    "group_eva_exc": {
      "1": {
        "AnnualRt": 0.00505337316427093,
        "AccumRt": 0.02593391107903842,
        "SR": 0.45988237465172654,
        "MDD": 0.012620335660071147,
        "WinRatio": 0.559322033898305,
        "WinLossRatio": 1.1351621879377847,
        "Calmar": 0.4004151157610686,
        "MDD_date": 20231124,
        "MDD_lastdays": 109,
        "MDD_recoverdays": 288,
        "Periods": 59
      },
      "2": {
        "AnnualRt": -0.00348281144719694,
        "AccumRt": -0.017873788347014696,
        "SR": -0.30808162283001145,
        "MDD": 0.0353509153961904,
        "WinRatio": 0.5084745762711864,
        "WinLossRatio": 0.7703406953075813,
        "Calmar": -0.09852111064632477,
        "MDD_date": 20220801,
        "MDD_lastdays": 618,
        "MDD_recoverdays": 632,
        "Periods": 59
      },
      "3": {
        "AnnualRt": -7.051584199817271e-06,
        "AccumRt": -3.618873011346224e-05,
        "SR": -0.0006042578014240663,
        "MDD": 0.040460692627642736,
        "WinRatio": 0.5254237288135594,
        "WinLossRatio": 0.9027847886538107,
        "Calmar": -0.0001742823402632418,
        "MDD_date": 20240613,
        "MDD_lastdays": 672,
        "MDD_recoverdays": 144,
        "Periods": 59
      },
      "4": {
        "AnnualRt": 0.002212085272198853,
        "AccumRt": 0.011352421616924513,
        "SR": 0.18781986512396,
        "MDD": 0.030562009395600054,
        "WinRatio": 0.5084745762711864,
        "WinLossRatio": 1.106194264961031,
        "Calmar": 0.07238023009433804,
        "MDD_date": 20220131,
        "MDD_lastdays": 506,
        "MDD_recoverdays": 472,
        "Periods": 59
      },
      "5": {
        "AnnualRt": -0.004729280780034145,
        "AccumRt": -0.024270668963135233,
        "SR": -0.3750569937207062,
        "MDD": 0.03947121893328409,
        "WinRatio": 0.5084745762711864,
        "WinLossRatio": 0.7114225906361866,
        "Calmar": -0.11981592937445822,
        "MDD_date": 20241225,
        "MDD_lastdays": 657,
        "MDD_recoverdays": 5,
        "Periods": 59
      }
    }
  },
  "longshort": {
    "eva": {
      "多头超额": {
        "AnnualRt": -0.004729280780034145,
        "AccumRt": -0.024270668963135233,
        "SR": -0.3750569937207062,
        "MDD": 0.03947121893328409,
        "WinRatio": 0.5084745762711864,
        "WinLossRatio": 0.7114225906361866,
        "Calmar": -0.11981592937445822,
        "MDD_date": 20241225,
        "MDD_lastdays": 657,
        "MDD_recoverdays": 5,
        "Periods": 59
      },
      "空头超额": {
        "AnnualRt": 0.00505337316427093,
        "AccumRt": 0.02593391107903842,
        "SR": 0.45988237465172654,
        "MDD": 0.012620335660071147,
        "WinRatio": 0.559322033898305,
        "WinLossRatio": 1.1351621879377847,
        "Calmar": 0.4004151157610686,
        "MDD_date": 20231124,
        "MDD_lastdays": 109,
        "MDD_recoverdays": 288,
        "Periods": 59
      },
      "多空": {
        "AnnualRt": -0.009782653944305076,
        "AccumRt": -0.05020458004217365,
        "SR": -0.5128320038303484,
        "MDD": 0.05980182063442241,
        "WinRatio": 0.4745762711864407,
        "WinLossRatio": 0.7362064669300705,
        "Calmar": -0.16358455044551104,
        "MDD_date": 20241225,
        "MDD_lastdays": 1247,
        "MDD_recoverdays": 5,
        "Periods": 59
      }
    }
  },
  "risk_corr": {
    "mean": {}
  }
}