{
  "factor_name": "000001.SZ",
  "timestamp": "2026-06-22T15:38:14.220169",
  "ic": {
    "ic_mean": 0.009684592138839912,
    "ic_std": 0.14692621898626335,
    "icir": 0.06591466251333507,
    "rank_ic_mean": 0.017008965416838003,
    "rank_icir": 0.11309056087796047
  },
  "group": {
    "n_groups": 5,
    "group_eva_exc": {
      "1": {
        "AnnualRt": -0.0015576109013846011,
        "AccumRt": -0.007993659145905774,
        "SR": -0.17393735954680223,
        "MDD": 0.02447596839403665,
        "WinRatio": 0.4745762711864407,
        "WinLossRatio": 0.9631587187655241,
        "Calmar": -0.06363837688906719,
        "MDD_date": 20240108,
        "MDD_lastdays": 360,
        "MDD_recoverdays": 257,
        "Periods": 59
      },
      "2": {
        "AnnualRt": -0.0010224678460161484,
        "AccumRt": -0.005247304985754875,
        "SR": -0.11213191213730599,
        "MDD": 0.020805177282244514,
        "WinRatio": 0.4915254237288136,
        "WinLossRatio": 0.9452689713484593,
        "Calmar": -0.049144875438708206,
        "MDD_date": 20221206,
        "MDD_lastdays": 471,
        "MDD_recoverdays": 541,
        "Periods": 59
      },
      "3": {
        "AnnualRt": -0.00306997124545647,
        "AccumRt": -0.015755092431682605,
        "SR": -0.3318021774714795,
        "MDD": 0.03026589884174402,
        "WinRatio": 0.4915254237288136,
        "WinLossRatio": 0.7906542724990436,
        "Calmar": -0.10143334125012783,
        "MDD_date": 20240819,
        "MDD_lastdays": 1171,
        "MDD_recoverdays": 97,
        "Periods": 59
      },
      "4": {
        "AnnualRt": 0.011568054075360358,
        "AccumRt": 0.05936725351474936,
        "SR": 1.272752589623962,
        "MDD": 0.010189807498497738,
        "WinRatio": 0.7288135593220338,
        "WinLossRatio": 1.0157848617861973,
        "Calmar": 1.1352573713552303,
        "MDD_date": 20220613,
        "MDD_lastdays": 47,
        "MDD_recoverdays": 110,
        "Periods": 59
      },
      "5": {
        "AnnualRt": -0.005756750223383396,
        "AccumRt": -0.029543642146403593,
        "SR": -0.6346609290649534,
        "MDD": 0.04181751369355269,
        "WinRatio": 0.3898305084745763,
        "WinLossRatio": 0.9927109929980601,
        "Calmar": -0.13766361782218908,
        "MDD_date": 20240628,
        "MDD_lastdays": 990,
        "MDD_recoverdays": 133,
        "Periods": 59
      }
    }
  },
  "longshort": {
    "eva": {
      "多头超额": {
        "AnnualRt": -0.005756750223383396,
        "AccumRt": -0.029543642146403593,
        "SR": -0.6346609290649534,
        "MDD": 0.04181751369355269,
        "WinRatio": 0.3898305084745763,
        "WinLossRatio": 0.9927109929980601,
        "Calmar": -0.13766361782218908,
        "MDD_date": 20240628,
        "MDD_lastdays": 990,
        "MDD_recoverdays": 133,
        "Periods": 59
      },
      "空头超额": {
        "AnnualRt": -0.0015576109013846011,
        "AccumRt": -0.007993659145905774,
        "SR": -0.17393735954680223,
        "MDD": 0.02447596839403665,
        "WinRatio": 0.4745762711864407,
        "WinLossRatio": 0.9631587187655241,
        "Calmar": -0.06363837688906719,
        "MDD_date": 20240108,
        "MDD_lastdays": 360,
        "MDD_recoverdays": 257,
        "Periods": 59
      },
      "多空": {
        "AnnualRt": -0.004199139321998795,
        "AccumRt": -0.02154998300049782,
        "SR": -0.29682308187222994,
        "MDD": 0.03975232585973043,
        "WinRatio": 0.4406779661016949,
        "WinLossRatio": 1.0293268333314898,
        "Calmar": -0.10563254428975619,
        "MDD_date": 20240628,
        "MDD_lastdays": 677,
        "MDD_recoverdays": 133,
        "Periods": 59
      }
    }
  },
  "risk_corr": {
    "mean": {}
  }
}