{
  "factor_name": "000001.SZ",
  "timestamp": "2026-06-23T01:57:39.918099",
  "ic": {
    "ic_mean": NaN,
    "ic_std": NaN,
    "icir": NaN,
    "rank_ic_mean": 0.00929647582523002,
    "rank_icir": 0.04875590229808362
  },
  "group": {
    "n_groups": 5,
    "group_eva_exc": {
      "1": {
        "AnnualRt": -0.007380926140518759,
        "AccumRt": -0.037878912953142274,
        "SR": -0.6906191718378187,
        "MDD": 0.04520394485660073,
        "WinRatio": 0.3559322033898305,
        "WinLossRatio": 1.05626983198637,
        "Calmar": -0.1632805757093341,
        "MDD_date": 20241231,
        "MDD_lastdays": 1269,
        "MDD_recoverdays": 1,
        "Periods": 59
      },
      "2": {
        "AnnualRt": 0.0028752412239054044,
        "AccumRt": 0.014755737961082538,
        "SR": 0.2503287171299715,
        "MDD": 0.03894662736139476,
        "WinRatio": 0.5254237288135594,
        "WinLossRatio": 1.074928503923017,
        "Calmar": 0.0738251658410721,
        "MDD_date": 20240329,
        "MDD_lastdays": 602,
        "MDD_recoverdays": 198,
        "Periods": 59
      },
      "3": {
        "AnnualRt": 0.004930487352190112,
        "AccumRt": 0.025303261091439655,
        "SR": 0.4263056603024326,
        "MDD": 0.0189920176262951,
        "WinRatio": 0.576271186440678,
        "WinLossRatio": 0.9751677731521337,
        "Calmar": 0.25960840228811094,
        "MDD_date": 20200914,
        "MDD_lastdays": 115,
        "MDD_recoverdays": 413,
        "Periods": 59
      },
      "4": {
        "AnnualRt": -0.0019025501805018297,
        "AccumRt": -0.00976388752633539,
        "SR": -0.16144933716756263,
        "MDD": 0.04054160923048333,
        "WinRatio": 0.5254237288135594,
        "WinLossRatio": 0.8014936619812293,
        "Calmar": -0.04692833404035915,
        "MDD_date": 20220506,
        "MDD_lastdays": 499,
        "MDD_recoverdays": 693,
        "Periods": 59
      },
      "5": {
        "AnnualRt": 0.002998228510980951,
        "AccumRt": 0.015386908718354242,
        "SR": 0.28586852145767905,
        "MDD": 0.012464148612523984,
        "WinRatio": 0.4576271186440678,
        "WinLossRatio": 1.5306876209591698,
        "Calmar": 0.2405481998159368,
        "MDD_date": 20220510,
        "MDD_lastdays": 263,
        "MDD_recoverdays": 304,
        "Periods": 59
      }
    }
  },
  "longshort": {
    "eva": {
      "多头超额": {
        "AnnualRt": 0.002998228510980951,
        "AccumRt": 0.015386908718354242,
        "SR": 0.28586852145767905,
        "MDD": 0.012464148612523984,
        "WinRatio": 0.4576271186440678,
        "WinLossRatio": 1.5306876209591698,
        "Calmar": 0.2405481998159368,
        "MDD_date": 20220510,
        "MDD_lastdays": 263,
        "MDD_recoverdays": 304,
        "Periods": 59
      },
      "空头超额": {
        "AnnualRt": -0.007380926140518759,
        "AccumRt": -0.037878912953142274,
        "SR": -0.6906191718378187,
        "MDD": 0.04520394485660073,
        "WinRatio": 0.3559322033898305,
        "WinLossRatio": 1.05626983198637,
        "Calmar": -0.1632805757093341,
        "MDD_date": 20241231,
        "MDD_lastdays": 1269,
        "MDD_recoverdays": 1,
        "Periods": 59
      },
      "多空": {
        "AnnualRt": 0.01037915465149971,
        "AccumRt": 0.053265821671496516,
        "SR": 0.6107559578941077,
        "MDD": 0.020836357794481675,
        "WinRatio": 0.5254237288135594,
        "WinLossRatio": 1.4438909044106811,
        "Calmar": 0.49812710809988764,
        "MDD_date": 20220321,
        "MDD_lastdays": 279,
        "MDD_recoverdays": 90,
        "Periods": 59
      }
    }
  },
  "risk_corr": {
    "mean": {}
  }
}