{
  "factor_name": "000001.SZ",
  "timestamp": "2026-06-23T08:36:58.856920",
  "ic": {
    "ic_mean": 0.037237559267598086,
    "ic_std": 0.15217907072735243,
    "icir": 0.24469566734517498,
    "rank_ic_mean": 0.03317098379052028,
    "rank_icir": 0.2299876224958223
  },
  "group": {
    "n_groups": 5,
    "group_eva_exc": {
      "1": {
        "AnnualRt": -0.013221569890899147,
        "AccumRt": -0.06785309668009443,
        "SR": -0.8991131471653332,
        "MDD": 0.07583678157380302,
        "WinRatio": 0.423728813559322,
        "WinLossRatio": 0.7149942690208445,
        "Calmar": -0.1743424446095744,
        "MDD_date": 20241029,
        "MDD_lastdays": 896,
        "MDD_recoverdays": 46,
        "Periods": 59
      },
      "2": {
        "AnnualRt": 0.00019603491019968056,
        "AccumRt": 0.0010060511591447607,
        "SR": 0.024081236614190177,
        "MDD": 0.021206752106146753,
        "WinRatio": 0.5254237288135594,
        "WinLossRatio": 0.917824248824284,
        "Calmar": 0.009243985557923322,
        "MDD_date": 20240102,
        "MDD_lastdays": 383,
        "MDD_recoverdays": 140,
        "Periods": 59
      },
      "3": {
        "AnnualRt": 0.0005051930658481436,
        "AccumRt": 0.002592650813932673,
        "SR": 0.060993021661858104,
        "MDD": 0.012098692751407625,
        "WinRatio": 0.5423728813559322,
        "WinLossRatio": 0.8897525771061057,
        "Calmar": 0.041756004241810904,
        "MDD_date": 20240729,
        "MDD_lastdays": 690,
        "MDD_recoverdays": 112,
        "Periods": 59
      },
      "4": {
        "AnnualRt": 0.004000344430439372,
        "AccumRt": 0.02052976761701486,
        "SR": 0.48479225059018977,
        "MDD": 0.009655338395450297,
        "WinRatio": 0.576271186440678,
        "WinLossRatio": 1.0498294611004937,
        "Calmar": 0.41431426497950385,
        "MDD_date": 20201208,
        "MDD_lastdays": 50,
        "MDD_recoverdays": 419,
        "Periods": 59
      },
      "5": {
        "AnnualRt": 0.00046584591151315813,
        "AccumRt": 0.0023907212178855275,
        "SR": 0.054861445948799575,
        "MDD": 0.016914477700985642,
        "WinRatio": 0.4745762711864407,
        "WinLossRatio": 1.1513792105944998,
        "Calmar": 0.027541253105675994,
        "MDD_date": 20240321,
        "MDD_lastdays": 464,
        "MDD_recoverdays": 204,
        "Periods": 59
      }
    }
  },
  "longshort": {
    "eva": {
      "多头超额": {
        "AnnualRt": 0.00046584591151315813,
        "AccumRt": 0.0023907212178855275,
        "SR": 0.054861445948799575,
        "MDD": 0.016914477700985642,
        "WinRatio": 0.4745762711864407,
        "WinLossRatio": 1.1513792105944998,
        "Calmar": 0.027541253105675994,
        "MDD_date": 20240321,
        "MDD_lastdays": 464,
        "MDD_recoverdays": 204,
        "Periods": 59
      },
      "空头超额": {
        "AnnualRt": -0.013221569890899147,
        "AccumRt": -0.06785309668009443,
        "SR": -0.8991131471653332,
        "MDD": 0.07583678157380302,
        "WinRatio": 0.423728813559322,
        "WinLossRatio": 0.7149942690208445,
        "Calmar": -0.1743424446095744,
        "MDD_date": 20241029,
        "MDD_lastdays": 896,
        "MDD_recoverdays": 46,
        "Periods": 59
      },
      "多空": {
        "AnnualRt": 0.013687415802412327,
        "AccumRt": 0.07024381789798007,
        "SR": 0.7521324362594046,
        "MDD": 0.032909473439550085,
        "WinRatio": 0.4915254237288136,
        "WinLossRatio": 1.7569089475091069,
        "Calmar": 0.41591111530708985,
        "MDD_date": 20231115,
        "MDD_lastdays": 128,
        "MDD_recoverdays": 283,
        "Periods": 59
      }
    }
  },
  "risk_corr": {
    "mean": {}
  }
}