{
  "factor_name": "000001.SZ",
  "timestamp": "2026-06-23T00:06:42.885029",
  "ic": {
    "ic_mean": 0.0075933639063452,
    "ic_std": 0.15014699372395238,
    "icir": 0.050572866748872236,
    "rank_ic_mean": 0.011804579971615199,
    "rank_icir": 0.07552721823680195
  },
  "group": {
    "n_groups": 5,
    "group_eva_exc": {
      "1": {
        "AnnualRt": -0.003971701461844562,
        "AccumRt": -0.020382771902186292,
        "SR": -0.4227673166713721,
        "MDD": 0.02136675625624196,
        "WinRatio": 0.4406779661016949,
        "WinLossRatio": 0.9394928169988752,
        "Calmar": -0.18588228433992138,
        "MDD_date": 20241231,
        "MDD_lastdays": 1280,
        "MDD_recoverdays": 1,
        "Periods": 59
      },
      "2": {
        "AnnualRt": 0.0019217298728460962,
        "AccumRt": 0.009862317707446167,
        "SR": 0.20394165161656175,
        "MDD": 0.022235791807610594,
        "WinRatio": 0.5932203389830508,
        "WinLossRatio": 0.7962321241732035,
        "Calmar": 0.08642507042129932,
        "MDD_date": 20240124,
        "MDD_lastdays": 374,
        "MDD_recoverdays": 245,
        "Periods": 59
      },
      "3": {
        "AnnualRt": 0.0013305502933210018,
        "AccumRt": 0.006828384105323382,
        "SR": 0.14364287541618945,
        "MDD": 0.02058140666660302,
        "WinRatio": 0.5254237288135594,
        "WinLossRatio": 0.9973556649128128,
        "Calmar": 0.06464817079194375,
        "MDD_date": 20221031,
        "MDD_lastdays": 213,
        "MDD_recoverdays": 567,
        "Periods": 59
      },
      "4": {
        "AnnualRt": -0.005356485139487697,
        "AccumRt": -0.027489481735850863,
        "SR": -0.6064257980928092,
        "MDD": 0.0378853979466498,
        "WinRatio": 0.423728813559322,
        "WinLossRatio": 0.8036893926451821,
        "Calmar": -0.14138653491328496,
        "MDD_date": 20241224,
        "MDD_lastdays": 1161,
        "MDD_recoverdays": 6,
        "Periods": 59
      },
      "5": {
        "AnnualRt": 0.006226533451006513,
        "AccumRt": 0.031954569670565425,
        "SR": 0.6614103906732341,
        "MDD": 0.017217860881906355,
        "WinRatio": 0.5932203389830508,
        "WinLossRatio": 1.0590108109195406,
        "Calmar": 0.3616322314202084,
        "MDD_date": 20220209,
        "MDD_lastdays": 250,
        "MDD_recoverdays": 145,
        "Periods": 59
      }
    }
  },
  "longshort": {
    "eva": {
      "多头超额": {
        "AnnualRt": 0.006226533451006513,
        "AccumRt": 0.031954569670565425,
        "SR": 0.6614103906732341,
        "MDD": 0.017217860881906355,
        "WinRatio": 0.5932203389830508,
        "WinLossRatio": 1.0590108109195406,
        "Calmar": 0.3616322314202084,
        "MDD_date": 20220209,
        "MDD_lastdays": 250,
        "MDD_recoverdays": 145,
        "Periods": 59
      },
      "空头超额": {
        "AnnualRt": -0.003971701461844562,
        "AccumRt": -0.020382771902186292,
        "SR": -0.4227673166713721,
        "MDD": 0.02136675625624196,
        "WinRatio": 0.4406779661016949,
        "WinLossRatio": 0.9394928169988752,
        "Calmar": -0.18588228433992138,
        "MDD_date": 20241231,
        "MDD_lastdays": 1280,
        "MDD_recoverdays": 1,
        "Periods": 59
      },
      "多空": {
        "AnnualRt": 0.010198234912851075,
        "AccumRt": 0.05233734157275172,
        "SR": 0.6829304904658724,
        "MDD": 0.026457922111512988,
        "WinRatio": 0.5423728813559322,
        "WinLossRatio": 1.3415631576483835,
        "Calmar": 0.3854510898425157,
        "MDD_date": 20210907,
        "MDD_lastdays": 140,
        "MDD_recoverdays": 271,
        "Periods": 59
      }
    }
  },
  "risk_corr": {
    "mean": {}
  }
}