{
  "factor_name": "000001.SZ",
  "timestamp": "2026-06-23T00:05:59.519338",
  "ic": {
    "ic_mean": 0.04603737626082945,
    "ic_std": 0.16111376672375266,
    "icir": 0.28574452200453865,
    "rank_ic_mean": 0.05448640858917615,
    "rank_icir": 0.3311304321046389
  },
  "group": {
    "n_groups": 5,
    "group_eva_exc": {
      "1": {
        "AnnualRt": -0.010351998259654513,
        "AccumRt": -0.05312645506854696,
        "SR": -1.1471043585193066,
        "MDD": 0.0600214166558638,
        "WinRatio": 0.3559322033898305,
        "WinLossRatio": 0.78867833218286,
        "Calmar": -0.17247174152866604,
        "MDD_date": 20240729,
        "MDD_lastdays": 1118,
        "MDD_recoverdays": 112,
        "Periods": 59
      },
      "2": {
        "AnnualRt": -0.003800381966574094,
        "AccumRt": -0.019503560252458252,
        "SR": -0.42734119516166097,
        "MDD": 0.02952209546654594,
        "WinRatio": 0.4915254237288136,
        "WinLossRatio": 0.7674735266361888,
        "Calmar": -0.1287300886510796,
        "MDD_date": 20241231,
        "MDD_lastdays": 905,
        "MDD_recoverdays": 1,
        "Periods": 59
      },
      "3": {
        "AnnualRt": 0.004467719019576134,
        "AccumRt": 0.022928334008464724,
        "SR": 0.480862306154372,
        "MDD": 0.011711160781801677,
        "WinRatio": 0.5254237288135594,
        "WinLossRatio": 1.3014509726301022,
        "Calmar": 0.3814924158943028,
        "MDD_date": 20221122,
        "MDD_lastdays": 129,
        "MDD_recoverdays": 94,
        "Periods": 59
      },
      "4": {
        "AnnualRt": 0.006746694574540227,
        "AccumRt": 0.03462403655654045,
        "SR": 0.7375217978948141,
        "MDD": 0.02226504097777704,
        "WinRatio": 0.6271186440677966,
        "WinLossRatio": 0.9389818524379464,
        "Calmar": 0.30301738861716765,
        "MDD_date": 20220609,
        "MDD_lastdays": 382,
        "MDD_recoverdays": 195,
        "Periods": 59
      },
      "5": {
        "AnnualRt": 0.002904237696113191,
        "AccumRt": 0.014904547856452899,
        "SR": 0.3287842088525673,
        "MDD": 0.01609196215960229,
        "WinRatio": 0.576271186440678,
        "WinLossRatio": 0.9030833694531547,
        "Calmar": 0.18047753700316732,
        "MDD_date": 20211129,
        "MDD_lastdays": 441,
        "MDD_recoverdays": 211,
        "Periods": 59
      }
    }
  },
  "longshort": {
    "eva": {
      "多头超额": {
        "AnnualRt": 0.002904237696113191,
        "AccumRt": 0.014904547856452899,
        "SR": 0.3287842088525673,
        "MDD": 0.01609196215960229,
        "WinRatio": 0.576271186440678,
        "WinLossRatio": 0.9030833694531547,
        "Calmar": 0.18047753700316732,
        "MDD_date": 20211129,
        "MDD_lastdays": 441,
        "MDD_recoverdays": 211,
        "Periods": 59
      },
      "空头超额": {
        "AnnualRt": -0.010351998259654513,
        "AccumRt": -0.05312645506854696,
        "SR": -1.1471043585193066,
        "MDD": 0.0600214166558638,
        "WinRatio": 0.3559322033898305,
        "WinLossRatio": 0.78867833218286,
        "Calmar": -0.17247174152866604,
        "MDD_date": 20240729,
        "MDD_lastdays": 1118,
        "MDD_recoverdays": 112,
        "Periods": 59
      },
      "多空": {
        "AnnualRt": 0.013256235955767682,
        "AccumRt": 0.06803100292499975,
        "SR": 0.9432344323787306,
        "MDD": 0.015077782794888028,
        "WinRatio": 0.576271186440678,
        "WinLossRatio": 1.3777024618622313,
        "Calmar": 0.8791900066541665,
        "MDD_date": 20240904,
        "MDD_lastdays": 26,
        "MDD_recoverdays": 81,
        "Periods": 59
      }
    }
  },
  "risk_corr": {
    "mean": {}
  }
}