{
  "factor_name": "000001.SZ",
  "timestamp": "2026-06-23T00:07:26.080339",
  "ic": {
    "ic_mean": -0.016156805286019073,
    "ic_std": 0.15090397437729214,
    "icir": -0.10706679762869341,
    "rank_ic_mean": -0.01990297569816764,
    "rank_icir": -0.12982257129953884
  },
  "group": {
    "n_groups": 5,
    "group_eva_exc": {
      "1": {
        "AnnualRt": 0.0022462938581359945,
        "AccumRt": 0.011527980079953926,
        "SR": 0.2524202674245934,
        "MDD": 0.014347718807869336,
        "WinRatio": 0.4915254237288136,
        "WinLossRatio": 1.244467469704416,
        "Calmar": 0.15656104557220363,
        "MDD_date": 20220323,
        "MDD_lastdays": 138,
        "MDD_recoverdays": 495,
        "Periods": 59
      },
      "2": {
        "AnnualRt": 0.0017784033576621987,
        "AccumRt": 0.009126766031522404,
        "SR": 0.1987634365026861,
        "MDD": 0.01361892607854942,
        "WinRatio": 0.5254237288135594,
        "WinLossRatio": 1.058135842515389,
        "Calmar": 0.13058323008767075,
        "MDD_date": 20240729,
        "MDD_lastdays": 207,
        "MDD_recoverdays": 112,
        "Periods": 59
      },
      "3": {
        "AnnualRt": -0.00034053463154449,
        "AccumRt": -0.0017476237290863228,
        "SR": -0.03728975882595722,
        "MDD": 0.030676886613888454,
        "WinRatio": 0.4915254237288136,
        "WinLossRatio": 1.0058173523037617,
        "Calmar": -0.011100690752311175,
        "MDD_date": 20231031,
        "MDD_lastdays": 908,
        "MDD_recoverdays": 306,
        "Periods": 59
      },
      "4": {
        "AnnualRt": 0.0006130654978067589,
        "AccumRt": 0.0031462521347442873,
        "SR": 0.06724045811190252,
        "MDD": 0.03609086845545628,
        "WinRatio": 0.5254237288135594,
        "WinLossRatio": 0.9408017224769918,
        "Calmar": 0.016986720576242453,
        "MDD_date": 20241231,
        "MDD_lastdays": 389,
        "MDD_recoverdays": 1,
        "Periods": 59
      },
      "5": {
        "AnnualRt": -0.00421164615209217,
        "AccumRt": -0.02161416805253702,
        "SR": -0.4464376902700621,
        "MDD": 0.04912161440474527,
        "WinRatio": 0.4576271186440678,
        "WinLossRatio": 0.869600885020389,
        "Calmar": -0.08573916397351375,
        "MDD_date": 20240221,
        "MDD_lastdays": 911,
        "MDD_recoverdays": 225,
        "Periods": 59
      }
    }
  },
  "longshort": {
    "eva": {
      "多头超额": {
        "AnnualRt": -0.00421164615209217,
        "AccumRt": -0.02161416805253702,
        "SR": -0.4464376902700621,
        "MDD": 0.04912161440474527,
        "WinRatio": 0.4576271186440678,
        "WinLossRatio": 0.869600885020389,
        "Calmar": -0.08573916397351375,
        "MDD_date": 20240221,
        "MDD_lastdays": 911,
        "MDD_recoverdays": 225,
        "Periods": 59
      },
      "空头超额": {
        "AnnualRt": 0.0022462938581359945,
        "AccumRt": 0.011527980079953926,
        "SR": 0.2524202674245934,
        "MDD": 0.014347718807869336,
        "WinRatio": 0.4915254237288136,
        "WinLossRatio": 1.244467469704416,
        "Calmar": 0.15656104557220363,
        "MDD_date": 20220323,
        "MDD_lastdays": 138,
        "MDD_recoverdays": 495,
        "Periods": 59
      },
      "多空": {
        "AnnualRt": -0.006457940010228165,
        "AccumRt": -0.033142148132490945,
        "SR": -0.4396174855619872,
        "MDD": 0.06685831419136135,
        "WinRatio": 0.4576271186440678,
        "WinLossRatio": 0.8456528496492478,
        "Calmar": -0.09659142753351961,
        "MDD_date": 20240219,
        "MDD_lastdays": 1023,
        "MDD_recoverdays": 227,
        "Periods": 59
      }
    }
  },
  "risk_corr": {
    "mean": {}
  }
}