{
  "factor_name": "000001.SZ",
  "timestamp": "2026-06-22T16:51:48.825203",
  "ic": {
    "ic_mean": -0.005782173556347754,
    "ic_std": 0.15101735516865522,
    "icir": -0.0382881394650983,
    "rank_ic_mean": -0.002205047529794415,
    "rank_icir": -0.01461117673338651
  },
  "group": {
    "n_groups": 5,
    "group_eva_exc": {
      "1": {
        "AnnualRt": 0.0017224578217238157,
        "AccumRt": 0.008839653541086623,
        "SR": 0.19268714058122483,
        "MDD": 0.0257087056136307,
        "WinRatio": 0.6271186440677966,
        "WinLossRatio": 0.6818528117560214,
        "Calmar": 0.06699900989222002,
        "MDD_date": 20201026,
        "MDD_lastdays": 189,
        "MDD_recoverdays": 750,
        "Periods": 59
      },
      "2": {
        "AnnualRt": 0.0016887064476337778,
        "AccumRt": 0.008666441489256549,
        "SR": 0.189764078080827,
        "MDD": 0.021223021016525956,
        "WinRatio": 0.4915254237288136,
        "WinLossRatio": 1.172538422590808,
        "Calmar": 0.07956956016388123,
        "MDD_date": 20231201,
        "MDD_lastdays": 529,
        "MDD_recoverdays": 283,
        "Periods": 59
      },
      "3": {
        "AnnualRt": 0.0005458022527180705,
        "AccumRt": 0.0028010571609491386,
        "SR": 0.060573956018302046,
        "MDD": 0.016849231002499132,
        "WinRatio": 0.5423728813559322,
        "WinLossRatio": 0.8857994672703331,
        "Calmar": 0.03239330344732738,
        "MDD_date": 20241231,
        "MDD_lastdays": 247,
        "MDD_recoverdays": 1,
        "Periods": 59
      },
      "4": {
        "AnnualRt": -0.0032000415609716583,
        "AccumRt": -0.01642261329090655,
        "SR": -0.3587065072284006,
        "MDD": 0.032151835239518034,
        "WinRatio": 0.4745762711864407,
        "WinLossRatio": 0.8441783678946017,
        "Calmar": -0.09952904825284953,
        "MDD_date": 20240313,
        "MDD_lastdays": 775,
        "MDD_recoverdays": 210,
        "Periods": 59
      },
      "5": {
        "AnnualRt": -0.0005097659124178746,
        "AccumRt": -0.0026161186625285326,
        "SR": -0.05649114848575211,
        "MDD": 0.024239304220572855,
        "WinRatio": 0.4745762711864407,
        "WinLossRatio": 1.0616170486291137,
        "Calmar": -0.021030550538047876,
        "MDD_date": 20211206,
        "MDD_lastdays": 211,
        "MDD_recoverdays": 802,
        "Periods": 59
      }
    }
  },
  "longshort": {
    "eva": {
      "多头超额": {
        "AnnualRt": -0.0005097659124178746,
        "AccumRt": -0.0026161186625285326,
        "SR": -0.05649114848575211,
        "MDD": 0.024239304220572855,
        "WinRatio": 0.4745762711864407,
        "WinLossRatio": 1.0616170486291137,
        "Calmar": -0.021030550538047876,
        "MDD_date": 20211206,
        "MDD_lastdays": 211,
        "MDD_recoverdays": 802,
        "Periods": 59
      },
      "空头超额": {
        "AnnualRt": 0.0017224578217238157,
        "AccumRt": 0.008839653541086623,
        "SR": 0.19268714058122483,
        "MDD": 0.0257087056136307,
        "WinRatio": 0.6271186440677966,
        "WinLossRatio": 0.6818528117560214,
        "Calmar": 0.06699900989222002,
        "MDD_date": 20201026,
        "MDD_lastdays": 189,
        "MDD_recoverdays": 750,
        "Periods": 59
      },
      "多空": {
        "AnnualRt": -0.0022322237341416903,
        "AccumRt": -0.011455772203615155,
        "SR": -0.15638752623365734,
        "MDD": 0.05121118422283366,
        "WinRatio": 0.4915254237288136,
        "WinLossRatio": 0.9302653680271007,
        "Calmar": -0.04358859823332113,
        "MDD_date": 20241230,
        "MDD_lastdays": 1004,
        "MDD_recoverdays": 2,
        "Periods": 59
      }
    }
  },
  "risk_corr": {
    "mean": {}
  }
}