{
  "factor_name": "000001.SZ",
  "timestamp": "2026-06-23T00:05:45.134846",
  "ic": {
    "ic_mean": -0.043490043944461425,
    "ic_std": 0.12007882379617986,
    "icir": -0.3621791300877566,
    "rank_ic_mean": -0.049006710082557275,
    "rank_icir": -0.39384035836536124
  },
  "group": {
    "n_groups": 5,
    "group_eva_exc": {
      "1": {
        "AnnualRt": 0.007275440600962241,
        "AccumRt": 0.03733756116413822,
        "SR": 0.8501108662877372,
        "MDD": 0.015954781482199754,
        "WinRatio": 0.6101694915254238,
        "WinLossRatio": 1.1575760437024554,
        "Calmar": 0.45600377598898617,
        "MDD_date": 20210104,
        "MDD_lastdays": 163,
        "MDD_recoverdays": 359,
        "Periods": 59
      },
      "2": {
        "AnnualRt": 0.004473515764354181,
        "AccumRt": 0.022958082902665655,
        "SR": 0.4697962673690569,
        "MDD": 0.013246540344582725,
        "WinRatio": 0.4915254237288136,
        "WinLossRatio": 1.510854758755831,
        "Calmar": 0.337712009927457,
        "MDD_date": 20230712,
        "MDD_lastdays": 158,
        "MDD_recoverdays": 385,
        "Periods": 59
      },
      "3": {
        "AnnualRt": -0.0034898666032943415,
        "AccumRt": -0.01790999540810656,
        "SR": -0.3857804690874001,
        "MDD": 0.039596268843057336,
        "WinRatio": 0.4406779661016949,
        "WinLossRatio": 1.0023472993270583,
        "Calmar": -0.0881362488250264,
        "MDD_date": 20241119,
        "MDD_lastdays": 817,
        "MDD_recoverdays": 31,
        "Periods": 59
      },
      "4": {
        "AnnualRt": -0.0020644344482913476,
        "AccumRt": -0.010594677588631196,
        "SR": -0.21723463902148266,
        "MDD": 0.02797435097775347,
        "WinRatio": 0.4745762711864407,
        "WinLossRatio": 0.9364596720077959,
        "Calmar": -0.07379740283994735,
        "MDD_date": 20240513,
        "MDD_lastdays": 1031,
        "MDD_recoverdays": 167,
        "Periods": 59
      },
      "5": {
        "AnnualRt": -0.006302054296584061,
        "AccumRt": -0.032342142650069405,
        "SR": -0.6828853517934362,
        "MDD": 0.039384383978277815,
        "WinRatio": 0.4067796610169492,
        "WinLossRatio": 0.7792830182054167,
        "Calmar": -0.16001403754492938,
        "MDD_date": 20241225,
        "MDD_lastdays": 1226,
        "MDD_recoverdays": 5,
        "Periods": 59
      }
    }
  },
  "longshort": {
    "eva": {
      "多头超额": {
        "AnnualRt": -0.006302054296584061,
        "AccumRt": -0.032342142650069405,
        "SR": -0.6828853517934362,
        "MDD": 0.039384383978277815,
        "WinRatio": 0.4067796610169492,
        "WinLossRatio": 0.7792830182054167,
        "Calmar": -0.16001403754492938,
        "MDD_date": 20241225,
        "MDD_lastdays": 1226,
        "MDD_recoverdays": 5,
        "Periods": 59
      },
      "空头超额": {
        "AnnualRt": 0.007275440600962241,
        "AccumRt": 0.03733756116413822,
        "SR": 0.8501108662877372,
        "MDD": 0.015954781482199754,
        "WinRatio": 0.6101694915254238,
        "WinLossRatio": 1.1575760437024554,
        "Calmar": 0.45600377598898617,
        "MDD_date": 20210104,
        "MDD_lastdays": 163,
        "MDD_recoverdays": 359,
        "Periods": 59
      },
      "多空": {
        "AnnualRt": -0.013577494897546323,
        "AccumRt": -0.06967970381420774,
        "SR": -0.9433367732238371,
        "MDD": 0.07868756500226304,
        "WinRatio": 0.3898305084745763,
        "WinLossRatio": 0.6531591768574023,
        "Calmar": -0.1725494351891031,
        "MDD_date": 20241211,
        "MDD_lastdays": 1133,
        "MDD_recoverdays": 15,
        "Periods": 59
      }
    }
  },
  "risk_corr": {
    "mean": {}
  }
}