{
  "factor_name": "000001.SZ",
  "timestamp": "2026-06-22T16:54:19.970792",
  "ic": {
    "ic_mean": 0.008479678815781785,
    "ic_std": 0.1609192407354009,
    "icir": 0.05269524500009853,
    "rank_ic_mean": 0.006756635900643139,
    "rank_icir": 0.04091748621845657
  },
  "group": {
    "n_groups": 5,
    "group_eva_exc": {
      "1": {
        "AnnualRt": -0.0016182758260686366,
        "AccumRt": -0.008304991539384243,
        "SR": -0.1721508725309907,
        "MDD": 0.038683119226082696,
        "WinRatio": 0.4576271186440678,
        "WinLossRatio": 1.048924445747249,
        "Calmar": -0.04183416069967514,
        "MDD_date": 20231117,
        "MDD_lastdays": 646,
        "MDD_recoverdays": 293,
        "Periods": 59
      },
      "2": {
        "AnnualRt": -0.0016550290565917774,
        "AccumRt": -0.008493609118429002,
        "SR": -0.17999264412891913,
        "MDD": 0.017943199066437376,
        "WinRatio": 0.4406779661016949,
        "WinLossRatio": 1.1150204707319633,
        "Calmar": -0.09223712284881781,
        "MDD_date": 20210514,
        "MDD_lastdays": 158,
        "MDD_recoverdays": 948,
        "Periods": 59
      },
      "3": {
        "AnnualRt": 0.0015298099093039778,
        "AccumRt": 0.007850984454548016,
        "SR": 0.16194557242934327,
        "MDD": 0.02849550606663065,
        "WinRatio": 0.5423728813559322,
        "WinLossRatio": 0.9547525219495813,
        "Calmar": 0.053686005987289516,
        "MDD_date": 20240524,
        "MDD_lastdays": 405,
        "MDD_recoverdays": 158,
        "Periods": 59
      },
      "4": {
        "AnnualRt": 0.001604213031568471,
        "AccumRt": 0.008232821278009395,
        "SR": 0.17140192738203555,
        "MDD": 0.01842695747628864,
        "WinRatio": 0.5084745762711864,
        "WinLossRatio": 1.1010694823946987,
        "Calmar": 0.08705794397326488,
        "MDD_date": 20241010,
        "MDD_lastdays": 108,
        "MDD_recoverdays": 59,
        "Periods": 59
      },
      "5": {
        "AnnualRt": 0.000247793128999761,
        "AccumRt": 0.0012716743380267737,
        "SR": 0.02676192363607561,
        "MDD": 0.019726467009396842,
        "WinRatio": 0.5423728813559322,
        "WinLossRatio": 0.8596722017301361,
        "Calmar": 0.012561455068549427,
        "MDD_date": 20241231,
        "MDD_lastdays": 234,
        "MDD_recoverdays": 1,
        "Periods": 59
      }
    }
  },
  "longshort": {
    "eva": {
      "多头超额": {
        "AnnualRt": 0.000247793128999761,
        "AccumRt": 0.0012716743380267737,
        "SR": 0.02676192363607561,
        "MDD": 0.019726467009396842,
        "WinRatio": 0.5423728813559322,
        "WinLossRatio": 0.8596722017301361,
        "Calmar": 0.012561455068549427,
        "MDD_date": 20241231,
        "MDD_lastdays": 234,
        "MDD_recoverdays": 1,
        "Periods": 59
      },
      "空头超额": {
        "AnnualRt": -0.0016182758260686366,
        "AccumRt": -0.008304991539384243,
        "SR": -0.1721508725309907,
        "MDD": 0.038683119226082696,
        "WinRatio": 0.4576271186440678,
        "WinLossRatio": 1.048924445747249,
        "Calmar": -0.04183416069967514,
        "MDD_date": 20231117,
        "MDD_lastdays": 646,
        "MDD_recoverdays": 293,
        "Periods": 59
      },
      "多空": {
        "AnnualRt": 0.0018660689550683977,
        "AccumRt": 0.009576665877411017,
        "SR": 0.12431045302904034,
        "MDD": 0.034373242517354186,
        "WinRatio": 0.5423728813559322,
        "WinLossRatio": 0.9152769643553454,
        "Calmar": 0.05428841792060398,
        "MDD_date": 20210528,
        "MDD_lastdays": 312,
        "MDD_recoverdays": 289,
        "Periods": 59
      }
    }
  },
  "risk_corr": {
    "mean": {}
  }
}