{
  "factor_name": "000001.SZ",
  "timestamp": "2026-06-23T00:30:10.413342",
  "ic": {
    "ic_mean": -0.019115309463324872,
    "ic_std": 0.15441030128614022,
    "icir": -0.12379555835398562,
    "rank_ic_mean": -0.003829740660160148,
    "rank_icir": -0.022084315003368975
  },
  "group": {
    "n_groups": 5,
    "group_eva_exc": {
      "1": {
        "AnnualRt": 0.0021905394514315545,
        "AccumRt": 0.01124184846474674,
        "SR": 0.23152184180202337,
        "MDD": 0.021998518727981864,
        "WinRatio": 0.5254237288135594,
        "WinLossRatio": 1.0771639200261576,
        "Calmar": 0.09957667961730593,
        "MDD_date": 20210324,
        "MDD_lastdays": 244,
        "MDD_recoverdays": 603,
        "Periods": 59
      },
      "2": {
        "AnnualRt": -0.0020704067562179146,
        "AccumRt": -0.01062532747291034,
        "SR": -0.21477057153198986,
        "MDD": 0.028538397519973002,
        "WinRatio": 0.4915254237288136,
        "WinLossRatio": 0.8823027046176846,
        "Calmar": -0.07254810837815652,
        "MDD_date": 20221109,
        "MDD_lastdays": 723,
        "MDD_recoverdays": 560,
        "Periods": 59
      },
      "3": {
        "AnnualRt": 1.630195638495679e-05,
        "AccumRt": 8.366164016759825e-05,
        "SR": 0.0016642069839676082,
        "MDD": 0.02429569769471618,
        "WinRatio": 0.4745762711864407,
        "WinLossRatio": 1.1085694557675172,
        "Calmar": 0.0006709811996262258,
        "MDD_date": 20230807,
        "MDD_lastdays": 366,
        "MDD_recoverdays": 367,
        "Periods": 59
      },
      "4": {
        "AnnualRt": 0.0003420283065959361,
        "AccumRt": 0.0017552892694503441,
        "SR": 0.03730617324694536,
        "MDD": 0.01868996023142122,
        "WinRatio": 0.5932203389830508,
        "WinLossRatio": 0.7061646316029963,
        "Calmar": 0.018300108847793286,
        "MDD_date": 20241231,
        "MDD_lastdays": 528,
        "MDD_recoverdays": 1,
        "Periods": 59
      },
      "5": {
        "AnnualRt": -0.0005168970971782465,
        "AccumRt": -0.002652715902718761,
        "SR": -0.05506448959867159,
        "MDD": 0.021742215925561803,
        "WinRatio": 0.5423728813559322,
        "WinLossRatio": 0.8102535242952172,
        "Calmar": -0.023773892180444355,
        "MDD_date": 20220317,
        "MDD_lastdays": 282,
        "MDD_recoverdays": 729,
        "Periods": 59
      }
    }
  },
  "longshort": {
    "eva": {
      "多头超额": {
        "AnnualRt": -0.0005168970971782465,
        "AccumRt": -0.002652715902718761,
        "SR": -0.05506448959867159,
        "MDD": 0.021742215925561803,
        "WinRatio": 0.5423728813559322,
        "WinLossRatio": 0.8102535242952172,
        "Calmar": -0.023773892180444355,
        "MDD_date": 20220317,
        "MDD_lastdays": 282,
        "MDD_recoverdays": 729,
        "Periods": 59
      },
      "空头超额": {
        "AnnualRt": 0.0021905394514315545,
        "AccumRt": 0.01124184846474674,
        "SR": 0.23152184180202337,
        "MDD": 0.021998518727981864,
        "WinRatio": 0.5254237288135594,
        "WinLossRatio": 1.0771639200261576,
        "Calmar": 0.09957667961730593,
        "MDD_date": 20210324,
        "MDD_lastdays": 244,
        "MDD_recoverdays": 603,
        "Periods": 59
      },
      "多空": {
        "AnnualRt": -0.0027074365486098014,
        "AccumRt": -0.0138945643674655,
        "SR": -0.18396097177554477,
        "MDD": 0.04403811303308236,
        "WinRatio": 0.5084745762711864,
        "WinLossRatio": 0.8507688136892284,
        "Calmar": -0.061479395054368426,
        "MDD_date": 20240927,
        "MDD_lastdays": 1002,
        "MDD_recoverdays": 68,
        "Periods": 59
      }
    }
  },
  "risk_corr": {
    "mean": {}
  }
}