{
  "factor_name": "000001.SZ",
  "timestamp": "2026-06-23T09:23:51.608535",
  "ic": {
    "ic_mean": 0.01511709705535261,
    "ic_std": 0.1352299990711594,
    "icir": 0.11178804377124812,
    "rank_ic_mean": 0.012351127190694915,
    "rank_icir": 0.09078264748235558
  },
  "group": {
    "n_groups": 5,
    "group_eva_exc": {
      "1": {
        "AnnualRt": -0.003086218111733776,
        "AccumRt": -0.015838471349417738,
        "SR": -0.3464931357787803,
        "MDD": 0.03070251578372507,
        "WinRatio": 0.4576271186440678,
        "WinLossRatio": 0.9191037162233133,
        "Calmar": -0.10052003990401764,
        "MDD_date": 20220217,
        "MDD_lastdays": 435,
        "MDD_recoverdays": 749,
        "Periods": 59
      },
      "2": {
        "AnnualRt": 0.004256339666843068,
        "AccumRt": 0.021843535170238626,
        "SR": 0.47414433594560007,
        "MDD": 0.011562624377131181,
        "WinRatio": 0.4745762711864407,
        "WinLossRatio": 1.6847930110415956,
        "Calmar": 0.36811190332026633,
        "MDD_date": 20230714,
        "MDD_lastdays": 172,
        "MDD_recoverdays": 212,
        "Periods": 59
      },
      "3": {
        "AnnualRt": -0.006131674979985562,
        "AccumRt": -0.03146775599728591,
        "SR": -0.646403560842881,
        "MDD": 0.03942838714983632,
        "WinRatio": 0.3389830508474576,
        "WinLossRatio": 1.2249827281848986,
        "Calmar": -0.15551422270162568,
        "MDD_date": 20241111,
        "MDD_lastdays": 1190,
        "MDD_recoverdays": 37,
        "Periods": 59
      },
      "4": {
        "AnnualRt": 0.0011782463423073467,
        "AccumRt": 0.006046760228721304,
        "SR": 0.13433253654847654,
        "MDD": 0.028602044890218892,
        "WinRatio": 0.5254237288135594,
        "WinLossRatio": 0.9921151631856359,
        "Calmar": 0.04119447916502902,
        "MDD_date": 20230220,
        "MDD_lastdays": 547,
        "MDD_recoverdays": 487,
        "Periods": 59
      },
      "5": {
        "AnnualRt": 0.0037066526998969047,
        "AccumRt": 0.019022541655870917,
        "SR": 0.41069044060722615,
        "MDD": 0.015976208217394428,
        "WinRatio": 0.6101694915254238,
        "WinLossRatio": 0.8441261650112601,
        "Calmar": 0.23201079063686775,
        "MDD_date": 20231201,
        "MDD_lastdays": 162,
        "MDD_recoverdays": 283,
        "Periods": 59
      }
    }
  },
  "longshort": {
    "eva": {
      "多头超额": {
        "AnnualRt": 0.0037066526998969047,
        "AccumRt": 0.019022541655870917,
        "SR": 0.41069044060722615,
        "MDD": 0.015976208217394428,
        "WinRatio": 0.6101694915254238,
        "WinLossRatio": 0.8441261650112601,
        "Calmar": 0.23201079063686775,
        "MDD_date": 20231201,
        "MDD_lastdays": 162,
        "MDD_recoverdays": 283,
        "Periods": 59
      },
      "空头超额": {
        "AnnualRt": -0.003086218111733776,
        "AccumRt": -0.015838471349417738,
        "SR": -0.3464931357787803,
        "MDD": 0.03070251578372507,
        "WinRatio": 0.4576271186440678,
        "WinLossRatio": 0.9191037162233133,
        "Calmar": -0.10052003990401764,
        "MDD_date": 20220217,
        "MDD_lastdays": 435,
        "MDD_recoverdays": 749,
        "Periods": 59
      },
      "多空": {
        "AnnualRt": 0.0067928708116306805,
        "AccumRt": 0.034861013005288655,
        "SR": 0.48726360116445444,
        "MDD": 0.02348175444474443,
        "WinRatio": 0.6440677966101694,
        "WinLossRatio": 0.7845948129126226,
        "Calmar": 0.2892829335906384,
        "MDD_date": 20231214,
        "MDD_lastdays": 278,
        "MDD_recoverdays": 166,
        "Periods": 59
      }
    }
  },
  "risk_corr": {
    "mean": {}
  }
}