{
  "factor_name": "000001.SZ",
  "timestamp": "2026-06-23T01:51:52.763349",
  "ic": {
    "ic_mean": -0.01689718636441489,
    "ic_std": 0.1476331082068877,
    "icir": -0.11445390921889814,
    "rank_ic_mean": -0.01601144734292227,
    "rank_icir": -0.10798503414988588
  },
  "group": {
    "n_groups": 5,
    "group_eva_exc": {
      "1": {
        "AnnualRt": 0.000117536285013762,
        "AccumRt": 0.0006031962146906267,
        "SR": 0.013061268464635088,
        "MDD": 0.025160349465940923,
        "WinRatio": 0.5254237288135594,
        "WinLossRatio": 0.9131187417758833,
        "Calmar": 0.004671488572639605,
        "MDD_date": 20240408,
        "MDD_lastdays": 545,
        "MDD_recoverdays": 192,
        "Periods": 59
      },
      "2": {
        "AnnualRt": 0.007483876441182204,
        "AccumRt": 0.038407253896147076,
        "SR": 0.8397275151853844,
        "MDD": 0.016061952193335394,
        "WinRatio": 0.5423728813559322,
        "WinLossRatio": 1.4275160433004064,
        "Calmar": 0.4659381593905813,
        "MDD_date": 20201027,
        "MDD_lastdays": 193,
        "MDD_recoverdays": 166,
        "Periods": 59
      },
      "3": {
        "AnnualRt": -0.005478244016837351,
        "AccumRt": -0.028114348294409286,
        "SR": -0.5768206807336088,
        "MDD": 0.04528785730613083,
        "WinRatio": 0.423728813559322,
        "WinLossRatio": 0.8811136366494361,
        "Calmar": -0.12096496373865176,
        "MDD_date": 20220705,
        "MDD_lastdays": 596,
        "MDD_recoverdays": 651,
        "Periods": 59
      },
      "4": {
        "AnnualRt": -0.00458780910027904,
        "AccumRt": -0.023544636302632038,
        "SR": -0.5041798671926881,
        "MDD": 0.039741810994170734,
        "WinRatio": 0.4576271186440678,
        "WinLossRatio": 0.8202722984946895,
        "Calmar": -0.11544036332294905,
        "MDD_date": 20240719,
        "MDD_lastdays": 487,
        "MDD_recoverdays": 118,
        "Periods": 59
      },
      "5": {
        "AnnualRt": 0.0019014533694402015,
        "AccumRt": 0.009758258691967114,
        "SR": 0.21438490419892153,
        "MDD": 0.0272524058612561,
        "WinRatio": 0.559322033898305,
        "WinLossRatio": 0.914646209406894,
        "Calmar": 0.06977194524111498,
        "MDD_date": 20231020,
        "MDD_lastdays": 625,
        "MDD_recoverdays": 313,
        "Periods": 59
      }
    }
  },
  "longshort": {
    "eva": {
      "多头超额": {
        "AnnualRt": 0.0019014533694402015,
        "AccumRt": 0.009758258691967114,
        "SR": 0.21438490419892153,
        "MDD": 0.0272524058612561,
        "WinRatio": 0.559322033898305,
        "WinLossRatio": 0.914646209406894,
        "Calmar": 0.06977194524111498,
        "MDD_date": 20231020,
        "MDD_lastdays": 625,
        "MDD_recoverdays": 313,
        "Periods": 59
      },
      "空头超额": {
        "AnnualRt": 0.000117536285013762,
        "AccumRt": 0.0006031962146906267,
        "SR": 0.013061268464635088,
        "MDD": 0.025160349465940923,
        "WinRatio": 0.5254237288135594,
        "WinLossRatio": 0.9131187417758833,
        "Calmar": 0.004671488572639605,
        "MDD_date": 20240408,
        "MDD_lastdays": 545,
        "MDD_recoverdays": 192,
        "Periods": 59
      },
      "多空": {
        "AnnualRt": 0.0017839170844264392,
        "AccumRt": 0.009155062477276488,
        "SR": 0.1243442323725761,
        "MDD": 0.0223630290582838,
        "WinRatio": 0.4745762711864407,
        "WinLossRatio": 1.2236965590063178,
        "Calmar": 0.07977081636736655,
        "MDD_date": 20231010,
        "MDD_lastdays": 617,
        "MDD_recoverdays": 130,
        "Periods": 59
      }
    }
  },
  "risk_corr": {
    "mean": {}
  }
}