{
  "factor_name": "000001.SZ",
  "timestamp": "2026-06-22T15:38:49.601981",
  "ic": {
    "ic_mean": -0.008595314344300144,
    "ic_std": 0.156110809605388,
    "icir": -0.055059059433661954,
    "rank_ic_mean": -0.0026014686718846378,
    "rank_icir": -0.017019118728521295
  },
  "group": {
    "n_groups": 5,
    "group_eva_exc": {
      "1": {
        "AnnualRt": -0.004864405086152963,
        "AccumRt": -0.024964126902137007,
        "SR": -0.5725061801279328,
        "MDD": 0.02818368165157814,
        "WinRatio": 0.423728813559322,
        "WinLossRatio": 0.8465664539556335,
        "Calmar": -0.17259650979206193,
        "MDD_date": 20241220,
        "MDD_lastdays": 1239,
        "MDD_recoverdays": 8,
        "Periods": 59
      },
      "2": {
        "AnnualRt": 0.008959179548555239,
        "AccumRt": 0.04597850944318549,
        "SR": 0.9749129749284788,
        "MDD": 0.012229056363490143,
        "WinRatio": 0.6271186440677966,
        "WinLossRatio": 1.0801868668263324,
        "Calmar": 0.732614134914193,
        "MDD_date": 20231128,
        "MDD_lastdays": 114,
        "MDD_recoverdays": 116,
        "Periods": 59
      },
      "3": {
        "AnnualRt": -0.005179081219495209,
        "AccumRt": -0.026579044818449415,
        "SR": -0.5450704762180951,
        "MDD": 0.04330693148279152,
        "WinRatio": 0.423728813559322,
        "WinLossRatio": 0.9028017985873256,
        "Calmar": -0.11959012200052023,
        "MDD_date": 20230502,
        "MDD_lastdays": 611,
        "MDD_recoverdays": 436,
        "Periods": 59
      },
      "4": {
        "AnnualRt": 0.003407067105093458,
        "AccumRt": 0.01748506838333963,
        "SR": 0.3750068758735245,
        "MDD": 0.020926246915590863,
        "WinRatio": 0.559322033898305,
        "WinLossRatio": 1.0063897984229602,
        "Calmar": 0.16281309872890112,
        "MDD_date": 20200922,
        "MDD_lastdays": 125,
        "MDD_recoverdays": 273,
        "Periods": 59
      },
      "5": {
        "AnnualRt": -0.004176784383260791,
        "AccumRt": -0.021435257454894385,
        "SR": -0.45955261593420543,
        "MDD": 0.03849091205791921,
        "WinRatio": 0.423728813559322,
        "WinLossRatio": 0.9500080310917566,
        "Calmar": -0.10851352072343139,
        "MDD_date": 20240925,
        "MDD_lastdays": 856,
        "MDD_recoverdays": 70,
        "Periods": 59
      }
    }
  },
  "longshort": {
    "eva": {
      "多头超额": {
        "AnnualRt": -0.004176784383260791,
        "AccumRt": -0.021435257454894385,
        "SR": -0.45955261593420543,
        "MDD": 0.03849091205791921,
        "WinRatio": 0.423728813559322,
        "WinLossRatio": 0.9500080310917566,
        "Calmar": -0.10851352072343139,
        "MDD_date": 20240925,
        "MDD_lastdays": 856,
        "MDD_recoverdays": 70,
        "Periods": 59
      },
      "空头超额": {
        "AnnualRt": -0.004864405086152963,
        "AccumRt": -0.024964126902137007,
        "SR": -0.5725061801279328,
        "MDD": 0.02818368165157814,
        "WinRatio": 0.423728813559322,
        "WinLossRatio": 0.8465664539556335,
        "Calmar": -0.17259650979206193,
        "MDD_date": 20241220,
        "MDD_lastdays": 1239,
        "MDD_recoverdays": 8,
        "Periods": 59
      },
      "多空": {
        "AnnualRt": 0.000687620702892171,
        "AccumRt": 0.003528869447242622,
        "SR": 0.04922025486079063,
        "MDD": 0.03736184146167787,
        "WinRatio": 0.4915254237288136,
        "WinLossRatio": 1.0743691987770831,
        "Calmar": 0.01840435792217215,
        "MDD_date": 20240205,
        "MDD_lastdays": 689,
        "MDD_recoverdays": 237,
        "Periods": 59
      }
    }
  },
  "risk_corr": {
    "mean": {}
  }
}