{
  "factor_name": "000001.SZ",
  "timestamp": "2026-06-22T16:47:16.335729",
  "ic": {
    "ic_mean": 0.034822093257814435,
    "ic_std": 0.15276886220055202,
    "icir": 0.22793973036272705,
    "rank_ic_mean": 0.029212465657334787,
    "rank_icir": 0.19424462283397673
  },
  "group": {
    "n_groups": 5,
    "group_eva_exc": {
      "1": {
        "AnnualRt": -0.005909907398275196,
        "AccumRt": -0.030329644767948305,
        "SR": -0.6495505057372202,
        "MDD": 0.04102183210930643,
        "WinRatio": 0.4576271186440678,
        "WinLossRatio": 0.7179318783150112,
        "Calmar": -0.14406736838393042,
        "MDD_date": 20241225,
        "MDD_lastdays": 1119,
        "MDD_recoverdays": 5,
        "Periods": 59
      },
      "2": {
        "AnnualRt": -0.0010236657782881904,
        "AccumRt": -0.005253452774174994,
        "SR": -0.10239663036326045,
        "MDD": 0.02630977055854078,
        "WinRatio": 0.559322033898305,
        "WinLossRatio": 0.7200467201602603,
        "Calmar": -0.038908198610492405,
        "MDD_date": 20221202,
        "MDD_lastdays": 732,
        "MDD_recoverdays": 543,
        "Periods": 59
      },
      "3": {
        "AnnualRt": 0.003121246783069009,
        "AccumRt": 0.016018238490710157,
        "SR": 0.32409733390263107,
        "MDD": 0.01894811625986159,
        "WinRatio": 0.5423728813559322,
        "WinLossRatio": 1.0800663587281396,
        "Calmar": 0.16472596749265506,
        "MDD_date": 20231228,
        "MDD_lastdays": 359,
        "MDD_recoverdays": 242,
        "Periods": 59
      },
      "4": {
        "AnnualRt": -0.00274043995464169,
        "AccumRt": -0.014063937847221153,
        "SR": -0.2872197603599727,
        "MDD": 0.03231894907944188,
        "WinRatio": 0.5084745762711864,
        "WinLossRatio": 0.7879063053548715,
        "Calmar": -0.08479359733837653,
        "MDD_date": 20241129,
        "MDD_lastdays": 518,
        "MDD_recoverdays": 23,
        "Periods": 59
      },
      "5": {
        "AnnualRt": 0.007746836852563297,
        "AccumRt": 0.03975676672735484,
        "SR": 0.7673409150876711,
        "MDD": 0.011161080104987287,
        "WinRatio": 0.5932203389830508,
        "WinLossRatio": 1.1819018822012919,
        "Calmar": 0.6940938313937601,
        "MDD_date": 20220802,
        "MDD_lastdays": 261,
        "MDD_recoverdays": 77,
        "Periods": 59
      }
    }
  },
  "longshort": {
    "eva": {
      "多头超额": {
        "AnnualRt": 0.007746836852563297,
        "AccumRt": 0.03975676672735484,
        "SR": 0.7673409150876711,
        "MDD": 0.011161080104987287,
        "WinRatio": 0.5932203389830508,
        "WinLossRatio": 1.1819018822012919,
        "Calmar": 0.6940938313937601,
        "MDD_date": 20220802,
        "MDD_lastdays": 261,
        "MDD_recoverdays": 77,
        "Periods": 59
      },
      "空头超额": {
        "AnnualRt": -0.005909907398275196,
        "AccumRt": -0.030329644767948305,
        "SR": -0.6495505057372202,
        "MDD": 0.04102183210930643,
        "WinRatio": 0.4576271186440678,
        "WinLossRatio": 0.7179318783150112,
        "Calmar": -0.14406736838393042,
        "MDD_date": 20241225,
        "MDD_lastdays": 1119,
        "MDD_recoverdays": 5,
        "Periods": 59
      },
      "多空": {
        "AnnualRt": 0.013656744250838472,
        "AccumRt": 0.07008641149530304,
        "SR": 0.9069982728539064,
        "MDD": 0.017842946762505973,
        "WinRatio": 0.576271186440678,
        "WinLossRatio": 1.4023530641092612,
        "Calmar": 0.7653861457198248,
        "MDD_date": 20230908,
        "MDD_lastdays": 57,
        "MDD_recoverdays": 146,
        "Periods": 59
      }
    }
  },
  "risk_corr": {
    "mean": {}
  }
}