{
  "factor_name": "000001.SZ",
  "timestamp": "2026-06-22T15:43:03.359412",
  "ic": {
    "ic_mean": 0.016819962913135353,
    "ic_std": 0.12486430339925715,
    "icir": 0.1347059364064447,
    "rank_ic_mean": 0.017993652800548283,
    "rank_icir": 0.1318747590486153
  },
  "group": {
    "n_groups": 5,
    "group_eva_exc": {
      "1": {
        "AnnualRt": -0.0023675763600764935,
        "AccumRt": -0.012150401879912565,
        "SR": -0.2764357681284966,
        "MDD": 0.02261953985365528,
        "WinRatio": 0.4406779661016949,
        "WinLossRatio": 1.0398043280757456,
        "Calmar": -0.10466951915884784,
        "MDD_date": 20240918,
        "MDD_lastdays": 461,
        "MDD_recoverdays": 75,
        "Periods": 59
      },
      "2": {
        "AnnualRt": -0.002289896079225216,
        "AccumRt": -0.011751746678583808,
        "SR": -0.24839669774012443,
        "MDD": 0.022834030659550697,
        "WinRatio": 0.4745762711864407,
        "WinLossRatio": 0.9425146929073057,
        "Calmar": -0.10028435686046652,
        "MDD_date": 20220928,
        "MDD_lastdays": 629,
        "MDD_recoverdays": 590,
        "Periods": 59
      },
      "3": {
        "AnnualRt": 0.0040203629484389545,
        "AccumRt": 0.020632502651388718,
        "SR": 0.43954541790125773,
        "MDD": 0.014272624165360348,
        "WinRatio": 0.4745762711864407,
        "WinLossRatio": 1.67443354135835,
        "Calmar": 0.28168351536897984,
        "MDD_date": 20231201,
        "MDD_lastdays": 320,
        "MDD_recoverdays": 158,
        "Periods": 59
      },
      "4": {
        "AnnualRt": 0.0011051073094041851,
        "AccumRt": 0.005671410711862279,
        "SR": 0.12532824354379055,
        "MDD": 0.015306163291723629,
        "WinRatio": 0.5084745762711864,
        "WinLossRatio": 1.055876694867618,
        "Calmar": 0.07220015155605587,
        "MDD_date": 20220817,
        "MDD_lastdays": 322,
        "MDD_recoverdays": 620,
        "Periods": 59
      },
      "5": {
        "AnnualRt": -0.00026040961512336513,
        "AccumRt": -0.0013364221448131097,
        "SR": -0.028744151706830597,
        "MDD": 0.0181378681791331,
        "WinRatio": 0.5423728813559322,
        "WinLossRatio": 0.826345902428292,
        "Calmar": -0.014357233857447266,
        "MDD_date": 20230609,
        "MDD_lastdays": 403,
        "MDD_recoverdays": 408,
        "Periods": 59
      }
    }
  },
  "longshort": {
    "eva": {
      "多头超额": {
        "AnnualRt": -0.00026040961512336513,
        "AccumRt": -0.0013364221448131097,
        "SR": -0.028744151706830597,
        "MDD": 0.0181378681791331,
        "WinRatio": 0.5423728813559322,
        "WinLossRatio": 0.826345902428292,
        "Calmar": -0.014357233857447266,
        "MDD_date": 20230609,
        "MDD_lastdays": 403,
        "MDD_recoverdays": 408,
        "Periods": 59
      },
      "空头超额": {
        "AnnualRt": -0.0023675763600764935,
        "AccumRt": -0.012150401879912565,
        "SR": -0.2764357681284966,
        "MDD": 0.02261953985365528,
        "WinRatio": 0.4406779661016949,
        "WinLossRatio": 1.0398043280757456,
        "Calmar": -0.10466951915884784,
        "MDD_date": 20240918,
        "MDD_lastdays": 461,
        "MDD_recoverdays": 75,
        "Periods": 59
      },
      "多空": {
        "AnnualRt": 0.0021071667449531284,
        "AccumRt": 0.010813979735099455,
        "SR": 0.1530745188918064,
        "MDD": 0.030398158756559157,
        "WinRatio": 0.559322033898305,
        "WinLossRatio": 0.8844079629242088,
        "Calmar": 0.06931889401026485,
        "MDD_date": 20221114,
        "MDD_lastdays": 187,
        "MDD_recoverdays": 303,
        "Periods": 59
      }
    }
  },
  "risk_corr": {
    "mean": {}
  }
}