{
  "factor_name": "000001.SZ",
  "timestamp": "2026-06-23T00:33:44.466220",
  "ic": {
    "ic_mean": 0.003390126620867463,
    "ic_std": 0.14463520947310649,
    "icir": 0.023439151733643557,
    "rank_ic_mean": 2.9477302590216514e-05,
    "rank_icir": 0.00020382617878832873
  },
  "group": {
    "n_groups": 5,
    "group_eva_exc": {
      "1": {
        "AnnualRt": -0.0029612323847056066,
        "AccumRt": -0.015197044598309173,
        "SR": -0.3335011171349061,
        "MDD": 0.03340971405843196,
        "WinRatio": 0.4915254237288136,
        "WinLossRatio": 0.828711846007463,
        "Calmar": -0.08863387395434022,
        "MDD_date": 20240326,
        "MDD_lastdays": 1074,
        "MDD_recoverdays": 201,
        "Periods": 59
      },
      "2": {
        "AnnualRt": 0.004429611349578262,
        "AccumRt": 0.02273276544603564,
        "SR": 0.4822250223725082,
        "MDD": 0.01213915822159406,
        "WinRatio": 0.5423728813559322,
        "WinLossRatio": 1.2705983896898474,
        "Calmar": 0.36490267848214814,
        "MDD_date": 20241226,
        "MDD_lastdays": 144,
        "MDD_recoverdays": 4,
        "Periods": 59
      },
      "3": {
        "AnnualRt": -0.0030551389207496655,
        "AccumRt": -0.015678972941287284,
        "SR": -0.33391789409767286,
        "MDD": 0.03106893528371768,
        "WinRatio": 0.5254237288135594,
        "WinLossRatio": 0.6952186977709582,
        "Calmar": -0.0983342007973725,
        "MDD_date": 20241018,
        "MDD_lastdays": 1159,
        "MDD_recoverdays": 53,
        "Periods": 59
      },
      "4": {
        "AnnualRt": -0.00591650541979059,
        "AccumRt": -0.03036350581436531,
        "SR": -0.6603528080620636,
        "MDD": 0.039918456961908544,
        "WinRatio": 0.4576271186440678,
        "WinLossRatio": 0.7831456231615822,
        "Calmar": -0.1482147825863186,
        "MDD_date": 20240814,
        "MDD_lastdays": 1048,
        "MDD_recoverdays": 100,
        "Periods": 59
      },
      "5": {
        "AnnualRt": 0.007057039341727519,
        "AccumRt": 0.03621672590174563,
        "SR": 0.783404489347133,
        "MDD": 0.012002923957798561,
        "WinRatio": 0.6271186440677966,
        "WinLossRatio": 1.1002009778114643,
        "Calmar": 0.5879433516816047,
        "MDD_date": 20201117,
        "MDD_lastdays": 61,
        "MDD_recoverdays": 45,
        "Periods": 59
      }
    }
  },
  "longshort": {
    "eva": {
      "多头超额": {
        "AnnualRt": 0.007057039341727519,
        "AccumRt": 0.03621672590174563,
        "SR": 0.783404489347133,
        "MDD": 0.012002923957798561,
        "WinRatio": 0.6271186440677966,
        "WinLossRatio": 1.1002009778114643,
        "Calmar": 0.5879433516816047,
        "MDD_date": 20201117,
        "MDD_lastdays": 61,
        "MDD_recoverdays": 45,
        "Periods": 59
      },
      "空头超额": {
        "AnnualRt": -0.0029612323847056066,
        "AccumRt": -0.015197044598309173,
        "SR": -0.3335011171349061,
        "MDD": 0.03340971405843196,
        "WinRatio": 0.4915254237288136,
        "WinLossRatio": 0.828711846007463,
        "Calmar": -0.08863387395434022,
        "MDD_date": 20240326,
        "MDD_lastdays": 1074,
        "MDD_recoverdays": 201,
        "Periods": 59
      },
      "多空": {
        "AnnualRt": 0.010018271726433124,
        "AccumRt": 0.0514137705000548,
        "SR": 0.7093411225529815,
        "MDD": 0.019581018861615007,
        "WinRatio": 0.576271186440678,
        "WinLossRatio": 1.1632280433783988,
        "Calmar": 0.5116317898080425,
        "MDD_date": 20201027,
        "MDD_lastdays": 57,
        "MDD_recoverdays": 112,
        "Periods": 59
      }
    }
  },
  "risk_corr": {
    "mean": {}
  }
}