{
  "factor_name": "000001.SZ",
  "timestamp": "2026-06-23T00:18:19.552005",
  "ic": {
    "ic_mean": 0.011122674071252052,
    "ic_std": 0.214105139318638,
    "icir": 0.05194958937766991,
    "rank_ic_mean": 0.009736678142411406,
    "rank_icir": 0.04400057773968587
  },
  "group": {
    "n_groups": 5,
    "group_eva_exc": {
      "1": {
        "AnnualRt": -0.0031591610995921203,
        "AccumRt": -0.016212814763106764,
        "SR": -0.29144463659543524,
        "MDD": 0.04110242776202633,
        "WinRatio": 0.4067796610169492,
        "WinLossRatio": 1.1903737845151372,
        "Calmar": -0.07686069343355925,
        "MDD_date": 20240130,
        "MDD_lastdays": 373,
        "MDD_recoverdays": 241,
        "Periods": 59
      },
      "2": {
        "AnnualRt": -0.0028704906014819453,
        "AccumRt": -0.014731357766805342,
        "SR": -0.2578613285960081,
        "MDD": 0.034654547079591036,
        "WinRatio": 0.4406779661016949,
        "WinLossRatio": 1.0260763801780648,
        "Calmar": -0.08283157170945835,
        "MDD_date": 20230223,
        "MDD_lastdays": 745,
        "MDD_recoverdays": 484,
        "Periods": 59
      },
      "3": {
        "AnnualRt": 0.0033997102335116213,
        "AccumRt": 0.01744731291838164,
        "SR": 0.28766417135396377,
        "MDD": 0.027037170455511017,
        "WinRatio": 0.6101694915254238,
        "WinLossRatio": 0.7872278874615058,
        "Calmar": 0.12574208677293947,
        "MDD_date": 20241226,
        "MDD_lastdays": 422,
        "MDD_recoverdays": 4,
        "Periods": 59
      },
      "4": {
        "AnnualRt": 0.008446228703628052,
        "AccumRt": 0.043346045707019165,
        "SR": 0.6980534420396107,
        "MDD": 0.014758503482904528,
        "WinRatio": 0.5084745762711864,
        "WinLossRatio": 1.4726937622414409,
        "Calmar": 0.5722957421402324,
        "MDD_date": 20241014,
        "MDD_lastdays": 184,
        "MDD_recoverdays": 57,
        "Periods": 59
      },
      "5": {
        "AnnualRt": -0.005937778912397194,
        "AccumRt": -0.030472681378422406,
        "SR": -0.504893394863257,
        "MDD": 0.038896730343847,
        "WinRatio": 0.423728813559322,
        "WinLossRatio": 1.0032921241016124,
        "Calmar": -0.1526549625098882,
        "MDD_date": 20241113,
        "MDD_lastdays": 1220,
        "MDD_recoverdays": 35,
        "Periods": 59
      }
    }
  },
  "longshort": {
    "eva": {
      "多头超额": {
        "AnnualRt": -0.005937778912397194,
        "AccumRt": -0.030472681378422406,
        "SR": -0.504893394863257,
        "MDD": 0.038896730343847,
        "WinRatio": 0.423728813559322,
        "WinLossRatio": 1.0032921241016124,
        "Calmar": -0.1526549625098882,
        "MDD_date": 20241113,
        "MDD_lastdays": 1220,
        "MDD_recoverdays": 35,
        "Periods": 59
      },
      "空头超额": {
        "AnnualRt": -0.0031591610995921203,
        "AccumRt": -0.016212814763106764,
        "SR": -0.29144463659543524,
        "MDD": 0.04110242776202633,
        "WinRatio": 0.4067796610169492,
        "WinLossRatio": 1.1903737845151372,
        "Calmar": -0.07686069343355925,
        "MDD_date": 20240130,
        "MDD_lastdays": 373,
        "MDD_recoverdays": 241,
        "Periods": 59
      },
      "多空": {
        "AnnualRt": -0.0027786178128050743,
        "AccumRt": -0.014259866615315642,
        "SR": -0.15270930887008005,
        "MDD": 0.041724584306938484,
        "WinRatio": 0.4915254237288136,
        "WinLossRatio": 0.9413142399015065,
        "Calmar": -0.06659425992994282,
        "MDD_date": 20220318,
        "MDD_lastdays": 226,
        "MDD_recoverdays": 461,
        "Periods": 59
      }
    }
  },
  "risk_corr": {
    "mean": {}
  }
}