{
  "factor_name": "000001.SZ",
  "timestamp": "2026-06-23T00:10:34.985530",
  "ic": {
    "ic_mean": 0.03508018385859729,
    "ic_std": 0.1359639904791286,
    "icir": 0.25801084342241587,
    "rank_ic_mean": 0.04599625518053007,
    "rank_icir": 0.33331181188730463
  },
  "group": {
    "n_groups": 5,
    "group_eva_exc": {
      "1": {
        "AnnualRt": -0.0032117605950794034,
        "AccumRt": -0.0164827553739475,
        "SR": -0.3665452003768035,
        "MDD": 0.0293317790861487,
        "WinRatio": 0.4745762711864407,
        "WinLossRatio": 0.7941389194835268,
        "Calmar": -0.10949764027767712,
        "MDD_date": 20231005,
        "MDD_lastdays": 957,
        "MDD_recoverdays": 324,
        "Periods": 59
      },
      "2": {
        "AnnualRt": -0.005519448925474336,
        "AccumRt": -0.02832581188553429,
        "SR": -0.6003443197645704,
        "MDD": 0.038972400775492466,
        "WinRatio": 0.3559322033898305,
        "WinLossRatio": 1.122377850325774,
        "Calmar": -0.14162455521460213,
        "MDD_date": 20241119,
        "MDD_lastdays": 1139,
        "MDD_recoverdays": 31,
        "Periods": 59
      },
      "3": {
        "AnnualRt": -0.009337519511848271,
        "AccumRt": -0.04792015013480533,
        "SR": -1.0108957083699426,
        "MDD": 0.06279971432096654,
        "WinRatio": 0.3389830508474576,
        "WinLossRatio": 0.9965330434920928,
        "Calmar": -0.14868729281354093,
        "MDD_date": 20241031,
        "MDD_lastdays": 946,
        "MDD_recoverdays": 44,
        "Periods": 59
      },
      "4": {
        "AnnualRt": 0.002516563269364289,
        "AccumRt": 0.012915002698377531,
        "SR": 0.2800011166174002,
        "MDD": 0.013069950814977749,
        "WinRatio": 0.5084745762711864,
        "WinLossRatio": 1.1555158877452385,
        "Calmar": 0.19254573372077172,
        "MDD_date": 20211108,
        "MDD_lastdays": 439,
        "MDD_recoverdays": 216,
        "Periods": 59
      },
      "5": {
        "AnnualRt": 0.015156113679327985,
        "AccumRt": 0.07778117540231122,
        "SR": 1.6606195134245612,
        "MDD": 0.012971540790508218,
        "WinRatio": 0.6949152542372882,
        "WinLossRatio": 1.3995622706202142,
        "Calmar": 1.1684127525095789,
        "MDD_date": 20201203,
        "MDD_lastdays": 49,
        "MDD_recoverdays": 190,
        "Periods": 59
      }
    }
  },
  "longshort": {
    "eva": {
      "多头超额": {
        "AnnualRt": 0.015156113679327985,
        "AccumRt": 0.07778117540231122,
        "SR": 1.6606195134245612,
        "MDD": 0.012971540790508218,
        "WinRatio": 0.6949152542372882,
        "WinLossRatio": 1.3995622706202142,
        "Calmar": 1.1684127525095789,
        "MDD_date": 20201203,
        "MDD_lastdays": 49,
        "MDD_recoverdays": 190,
        "Periods": 59
      },
      "空头超额": {
        "AnnualRt": -0.0032117605950794034,
        "AccumRt": -0.0164827553739475,
        "SR": -0.3665452003768035,
        "MDD": 0.0293317790861487,
        "WinRatio": 0.4745762711864407,
        "WinLossRatio": 0.7941389194835268,
        "Calmar": -0.10949764027767712,
        "MDD_date": 20231005,
        "MDD_lastdays": 957,
        "MDD_recoverdays": 324,
        "Periods": 59
      },
      "多空": {
        "AnnualRt": 0.01836787427440739,
        "AccumRt": 0.09426393077625872,
        "SR": 1.3033867933093364,
        "MDD": 0.014916619336237447,
        "WinRatio": 0.6779661016949152,
        "WinLossRatio": 1.2264637086035657,
        "Calmar": 1.2313697802682202,
        "MDD_date": 20201203,
        "MDD_lastdays": 49,
        "MDD_recoverdays": 341,
        "Periods": 59
      }
    }
  },
  "risk_corr": {
    "mean": {}
  }
}