{
  "factor_name": "000001.SZ",
  "timestamp": "2026-06-22T17:05:51.080486",
  "ic": {
    "ic_mean": 0.012174473054710885,
    "ic_std": 0.13958510857051878,
    "icir": 0.08721899620517405,
    "rank_ic_mean": 0.014210068031726046,
    "rank_icir": 0.1103800966941335
  },
  "group": {
    "n_groups": 5,
    "group_eva_exc": {
      "1": {
        "AnnualRt": -0.0012072254344865877,
        "AccumRt": -0.006195480929785169,
        "SR": -0.13943100414190746,
        "MDD": 0.024667937028293396,
        "WinRatio": 0.4406779661016949,
        "WinLossRatio": 1.1398999692649316,
        "Calmar": -0.04893905125110121,
        "MDD_date": 20230209,
        "MDD_lastdays": 425,
        "MDD_recoverdays": 494,
        "Periods": 59
      },
      "2": {
        "AnnualRt": -0.0008216401931283837,
        "AccumRt": -0.004216657471134866,
        "SR": -0.08840669017770557,
        "MDD": 0.018775939684572696,
        "WinRatio": 0.4576271186440678,
        "WinLossRatio": 1.1217864066290257,
        "Calmar": -0.04376027016125785,
        "MDD_date": 20241127,
        "MDD_lastdays": 340,
        "MDD_recoverdays": 25,
        "Periods": 59
      },
      "3": {
        "AnnualRt": 0.0019257529923415605,
        "AccumRt": 0.009882964356696888,
        "SR": 0.21481308630523993,
        "MDD": 0.026261682996055247,
        "WinRatio": 0.5254237288135594,
        "WinLossRatio": 1.0412860093071004,
        "Calmar": 0.07332938230313825,
        "MDD_date": 20211102,
        "MDD_lastdays": 315,
        "MDD_recoverdays": 781,
        "Periods": 59
      },
      "4": {
        "AnnualRt": -0.0014059729605428307,
        "AccumRt": -0.007215453233505809,
        "SR": -0.15244806190334356,
        "MDD": 0.027613859895119885,
        "WinRatio": 0.4915254237288136,
        "WinLossRatio": 0.9375462485770008,
        "Calmar": -0.050915481062149666,
        "MDD_date": 20241231,
        "MDD_lastdays": 812,
        "MDD_recoverdays": 1,
        "Periods": 59
      },
      "5": {
        "AnnualRt": 0.0014960230880838646,
        "AccumRt": 0.007677590488046393,
        "SR": 0.165753591818123,
        "MDD": 0.01697102323656885,
        "WinRatio": 0.4915254237288136,
        "WinLossRatio": 1.1871612104584173,
        "Calmar": 0.08815161391449053,
        "MDD_date": 20240620,
        "MDD_lastdays": 262,
        "MDD_recoverdays": 139,
        "Periods": 59
      }
    }
  },
  "longshort": {
    "eva": {
      "多头超额": {
        "AnnualRt": 0.0014960230880838646,
        "AccumRt": 0.007677590488046393,
        "SR": 0.165753591818123,
        "MDD": 0.01697102323656885,
        "WinRatio": 0.4915254237288136,
        "WinLossRatio": 1.1871612104584173,
        "Calmar": 0.08815161391449053,
        "MDD_date": 20240620,
        "MDD_lastdays": 262,
        "MDD_recoverdays": 139,
        "Periods": 59
      },
      "空头超额": {
        "AnnualRt": -0.0012072254344865877,
        "AccumRt": -0.006195480929785169,
        "SR": -0.13943100414190746,
        "MDD": 0.024667937028293396,
        "WinRatio": 0.4406779661016949,
        "WinLossRatio": 1.1398999692649316,
        "Calmar": -0.04893905125110121,
        "MDD_date": 20230209,
        "MDD_lastdays": 425,
        "MDD_recoverdays": 494,
        "Periods": 59
      },
      "多空": {
        "AnnualRt": 0.00270324852257043,
        "AccumRt": 0.01387307141783145,
        "SR": 0.19138774789896756,
        "MDD": 0.02760129305795167,
        "WinRatio": 0.559322033898305,
        "WinLossRatio": 0.9210891083965945,
        "Calmar": 0.09793919860546714,
        "MDD_date": 20240611,
        "MDD_lastdays": 255,
        "MDD_recoverdays": 146,
        "Periods": 59
      }
    }
  },
  "risk_corr": {
    "mean": {}
  }
}