{
  "factor_name": "000001.SZ",
  "timestamp": "2026-06-22T12:20:31.070660",
  "ic": {
    "ic_mean": 0.012880019286061332,
    "ic_std": 0.14224129721230735,
    "icir": 0.09055049088055488,
    "rank_ic_mean": 0.006308281711916818,
    "rank_icir": 0.04306700441071731
  },
  "group": {
    "n_groups": 5,
    "group_eva_exc": {
      "1": {
        "AnnualRt": 0.001156793459734861,
        "AccumRt": 0.005936664035359307,
        "SR": 0.1276860791667125,
        "MDD": 0.023320523743957655,
        "WinRatio": 0.4915254237288136,
        "WinLossRatio": 1.1322484977214244,
        "Calmar": 0.0496040943349133,
        "MDD_date": 20230104,
        "MDD_lastdays": 237,
        "MDD_recoverdays": 520,
        "Periods": 59
      },
      "2": {
        "AnnualRt": -0.0028476331360489425,
        "AccumRt": -0.014614053254203174,
        "SR": -0.3147531198110517,
        "MDD": 0.02494599309710621,
        "WinRatio": 0.4406779661016949,
        "WinLossRatio": 1.0267509285222909,
        "Calmar": -0.1141519251193601,
        "MDD_date": 20241231,
        "MDD_lastdays": 326,
        "MDD_recoverdays": 1,
        "Periods": 59
      },
      "3": {
        "AnnualRt": -0.0018478934289891228,
        "AccumRt": -0.00948338907757218,
        "SR": -0.193654073495567,
        "MDD": 0.02859764495907846,
        "WinRatio": 0.4745762711864407,
        "WinLossRatio": 0.960660671737918,
        "Calmar": -0.06461697918249384,
        "MDD_date": 20220201,
        "MDD_lastdays": 383,
        "MDD_recoverdays": 761,
        "Periods": 59
      },
      "4": {
        "AnnualRt": 0.0034216073910743774,
        "AccumRt": 0.017559689130993705,
        "SR": 0.37739214843622787,
        "MDD": 0.010882129227940296,
        "WinRatio": 0.5423728813559322,
        "WinLossRatio": 1.1362851516178345,
        "Calmar": 0.31442444023631566,
        "MDD_date": 20231128,
        "MDD_lastdays": 452,
        "MDD_recoverdays": 55,
        "Periods": 59
      },
      "5": {
        "AnnualRt": -8.475391709053512e-05,
        "AccumRt": -0.0004349571025086263,
        "SR": -0.00978026208347946,
        "MDD": 0.01896910342214586,
        "WinRatio": 0.4745762711864407,
        "WinLossRatio": 1.0994612686564738,
        "Calmar": -0.0044679980494801595,
        "MDD_date": 20241022,
        "MDD_lastdays": 481,
        "MDD_recoverdays": 51,
        "Periods": 59
      }
    }
  },
  "longshort": {
    "eva": {
      "多头超额": {
        "AnnualRt": -8.475391709053512e-05,
        "AccumRt": -0.0004349571025086263,
        "SR": -0.00978026208347946,
        "MDD": 0.01896910342214586,
        "WinRatio": 0.4745762711864407,
        "WinLossRatio": 1.0994612686564738,
        "Calmar": -0.0044679980494801595,
        "MDD_date": 20241022,
        "MDD_lastdays": 481,
        "MDD_recoverdays": 51,
        "Periods": 59
      },
      "空头超额": {
        "AnnualRt": 0.001156793459734861,
        "AccumRt": 0.005936664035359307,
        "SR": 0.1276860791667125,
        "MDD": 0.023320523743957655,
        "WinRatio": 0.4915254237288136,
        "WinLossRatio": 1.1322484977214244,
        "Calmar": 0.0496040943349133,
        "MDD_date": 20230104,
        "MDD_lastdays": 237,
        "MDD_recoverdays": 520,
        "Periods": 59
      },
      "多空": {
        "AnnualRt": -0.0012415473768253962,
        "AccumRt": -0.006371621137867933,
        "SR": -0.09080176884917239,
        "MDD": 0.036301792009790335,
        "WinRatio": 0.5254237288135594,
        "WinLossRatio": 0.8504263897442778,
        "Calmar": -0.03420071869979751,
        "MDD_date": 20241022,
        "MDD_lastdays": 480,
        "MDD_recoverdays": 51,
        "Periods": 59
      }
    }
  },
  "risk_corr": {
    "mean": {}
  }
}