{
  "factor_name": "000001.SZ",
  "timestamp": "2026-06-23T09:23:06.820471",
  "ic": {
    "ic_mean": -0.00870315855824775,
    "ic_std": 0.14258600794797074,
    "icir": -0.06103795655337731,
    "rank_ic_mean": -0.005006930343135553,
    "rank_icir": -0.03547809779796355
  },
  "group": {
    "n_groups": 5,
    "group_eva_exc": {
      "1": {
        "AnnualRt": 0.0045306739701269924,
        "AccumRt": 0.023251418814691727,
        "SR": 0.5140006287922174,
        "MDD": 0.019031002714475997,
        "WinRatio": 0.559322033898305,
        "WinLossRatio": 1.0900685941283663,
        "Calmar": 0.23806806389033405,
        "MDD_date": 20210331,
        "MDD_lastdays": 245,
        "MDD_recoverdays": 426,
        "Periods": 59
      },
      "2": {
        "AnnualRt": -0.002876943235180545,
        "AccumRt": -0.014764472682946561,
        "SR": -0.30704351535130425,
        "MDD": 0.03536418108444028,
        "WinRatio": 0.423728813559322,
        "WinLossRatio": 1.0851485504518628,
        "Calmar": -0.08135189751209473,
        "MDD_date": 20241119,
        "MDD_lastdays": 920,
        "MDD_recoverdays": 31,
        "Periods": 59
      },
      "3": {
        "AnnualRt": -0.00038609370998028653,
        "AccumRt": -0.0019814329196188307,
        "SR": -0.04183196703362434,
        "MDD": 0.019660035584547764,
        "WinRatio": 0.4915254237288136,
        "WinLossRatio": 1.0016177089766973,
        "Calmar": -0.019638505145115066,
        "MDD_date": 20230215,
        "MDD_lastdays": 728,
        "MDD_recoverdays": 490,
        "Periods": 59
      },
      "4": {
        "AnnualRt": -0.0076662347701011956,
        "AccumRt": -0.03934311684015934,
        "SR": -0.8562221890956931,
        "MDD": 0.04416095136348508,
        "WinRatio": 0.4406779661016949,
        "WinLossRatio": 0.6203513160784168,
        "Calmar": -0.17359759093505622,
        "MDD_date": 20241219,
        "MDD_lastdays": 1274,
        "MDD_recoverdays": 9,
        "Periods": 59
      },
      "5": {
        "AnnualRt": 0.0062334428312352495,
        "AccumRt": 0.0319900286098993,
        "SR": 0.6803442271580143,
        "MDD": 0.011627481138826168,
        "WinRatio": 0.5423728813559322,
        "WinLossRatio": 1.4487367416112844,
        "Calmar": 0.5360957164162329,
        "MDD_date": 20210506,
        "MDD_lastdays": 28,
        "MDD_recoverdays": 114,
        "Periods": 59
      }
    }
  },
  "longshort": {
    "eva": {
      "多头超额": {
        "AnnualRt": 0.0062334428312352495,
        "AccumRt": 0.0319900286098993,
        "SR": 0.6803442271580143,
        "MDD": 0.011627481138826168,
        "WinRatio": 0.5423728813559322,
        "WinLossRatio": 1.4487367416112844,
        "Calmar": 0.5360957164162329,
        "MDD_date": 20210506,
        "MDD_lastdays": 28,
        "MDD_recoverdays": 114,
        "Periods": 59
      },
      "空头超额": {
        "AnnualRt": 0.0045306739701269924,
        "AccumRt": 0.023251418814691727,
        "SR": 0.5140006287922174,
        "MDD": 0.019031002714475997,
        "WinRatio": 0.559322033898305,
        "WinLossRatio": 1.0900685941283663,
        "Calmar": 0.23806806389033405,
        "MDD_date": 20210331,
        "MDD_lastdays": 245,
        "MDD_recoverdays": 426,
        "Periods": 59
      },
      "多空": {
        "AnnualRt": 0.0017027688611082569,
        "AccumRt": 0.008738609795207575,
        "SR": 0.1185705284125291,
        "MDD": 0.030866261332665346,
        "WinRatio": 0.5423728813559322,
        "WinLossRatio": 0.9184494717186554,
        "Calmar": 0.05516602230365489,
        "MDD_date": 20241114,
        "MDD_lastdays": 598,
        "MDD_recoverdays": 34,
        "Periods": 59
      }
    }
  },
  "risk_corr": {
    "mean": {}
  }
}