{
  "factor_name": "000001.SZ",
  "timestamp": "2026-06-23T00:35:48.237512",
  "ic": {
    "ic_mean": 0.0003328754057680873,
    "ic_std": 0.12200098746045705,
    "icir": 0.002728464848499516,
    "rank_ic_mean": -8.595882841527955e-05,
    "rank_icir": -0.0007025040055328955
  },
  "group": {
    "n_groups": 5,
    "group_eva_exc": {
      "1": {
        "AnnualRt": 0.005629526945604087,
        "AccumRt": 0.02889073228484018,
        "SR": 0.6108703763925374,
        "MDD": 0.02465288432950219,
        "WinRatio": 0.576271186440678,
        "WinLossRatio": 1.1311696649923115,
        "Calmar": 0.2283516553423006,
        "MDD_date": 20220830,
        "MDD_lastdays": 641,
        "MDD_recoverdays": 216,
        "Periods": 59
      },
      "2": {
        "AnnualRt": -0.0036570855191590526,
        "AccumRt": -0.018768162884324258,
        "SR": -0.4052476318653996,
        "MDD": 0.02593408823276544,
        "WinRatio": 0.5084745762711864,
        "WinLossRatio": 0.6925052898881142,
        "Calmar": -0.1410146169911864,
        "MDD_date": 20241029,
        "MDD_lastdays": 562,
        "MDD_recoverdays": 46,
        "Periods": 59
      },
      "3": {
        "AnnualRt": -0.0041159903966208645,
        "AccumRt": -0.02112326271545828,
        "SR": -0.45141197084609685,
        "MDD": 0.03739292137243655,
        "WinRatio": 0.4745762711864407,
        "WinLossRatio": 0.7891209325337865,
        "Calmar": -0.11007405266962868,
        "MDD_date": 20240605,
        "MDD_lastdays": 455,
        "MDD_recoverdays": 150,
        "Periods": 59
      },
      "4": {
        "AnnualRt": 0.0003906970810856101,
        "AccumRt": 0.002005057420131351,
        "SR": 0.04509677963040733,
        "MDD": 0.04489814799768632,
        "WinRatio": 0.5084745762711864,
        "WinLossRatio": 0.9955429580110028,
        "Calmar": 0.008701852938471836,
        "MDD_date": 20240920,
        "MDD_lastdays": 841,
        "MDD_recoverdays": 73,
        "Periods": 59
      },
      "5": {
        "AnnualRt": 0.0011886150753935584,
        "AccumRt": 0.0060999725669197424,
        "SR": 0.13747922624855524,
        "MDD": 0.029729021122948396,
        "WinRatio": 0.576271186440678,
        "WinLossRatio": 0.8152493985930496,
        "Calmar": 0.03998164186025095,
        "MDD_date": 20210707,
        "MDD_lastdays": 373,
        "MDD_recoverdays": 718,
        "Periods": 59
      }
    }
  },
  "longshort": {
    "eva": {
      "多头超额": {
        "AnnualRt": 0.0011886150753935584,
        "AccumRt": 0.0060999725669197424,
        "SR": 0.13747922624855524,
        "MDD": 0.029729021122948396,
        "WinRatio": 0.576271186440678,
        "WinLossRatio": 0.8152493985930496,
        "Calmar": 0.03998164186025095,
        "MDD_date": 20210707,
        "MDD_lastdays": 373,
        "MDD_recoverdays": 718,
        "Periods": 59
      },
      "空头超额": {
        "AnnualRt": 0.005629526945604087,
        "AccumRt": 0.02889073228484018,
        "SR": 0.6108703763925374,
        "MDD": 0.02465288432950219,
        "WinRatio": 0.576271186440678,
        "WinLossRatio": 1.1311696649923115,
        "Calmar": 0.2283516553423006,
        "MDD_date": 20220830,
        "MDD_lastdays": 641,
        "MDD_recoverdays": 216,
        "Periods": 59
      },
      "多空": {
        "AnnualRt": -0.00444091187021053,
        "AccumRt": -0.02279075971792044,
        "SR": -0.313326461111759,
        "MDD": 0.037106833132218964,
        "WinRatio": 0.4576271186440678,
        "WinLossRatio": 0.9418232733583782,
        "Calmar": -0.11967908590815836,
        "MDD_date": 20231228,
        "MDD_lastdays": 744,
        "MDD_recoverdays": 264,
        "Periods": 59
      }
    }
  },
  "risk_corr": {
    "mean": {}
  }
}