{
  "factor_name": "000001.SZ",
  "timestamp": "2026-06-23T09:20:39.871156",
  "ic": {
    "ic_mean": -0.018287859133158127,
    "ic_std": 0.1645836877380806,
    "icir": -0.1111158668546881,
    "rank_ic_mean": -0.017720687524567905,
    "rank_icir": -0.1105349410020108
  },
  "group": {
    "n_groups": 5,
    "group_eva_exc": {
      "1": {
        "AnnualRt": 0.004159925866206975,
        "AccumRt": 0.021348739545374196,
        "SR": 0.4752211798531789,
        "MDD": 0.020180267436516797,
        "WinRatio": 0.5932203389830508,
        "WinLossRatio": 0.908260537087736,
        "Calmar": 0.20613829223489205,
        "MDD_date": 20220630,
        "MDD_lastdays": 167,
        "MDD_recoverdays": 178,
        "Periods": 59
      },
      "2": {
        "AnnualRt": 0.0008621307189684044,
        "AccumRt": 0.004424454849745851,
        "SR": 0.09548279434890394,
        "MDD": 0.01882233051808413,
        "WinRatio": 0.5254237288135594,
        "WinLossRatio": 0.9820671232083517,
        "Calmar": 0.045803611733418764,
        "MDD_date": 20211006,
        "MDD_lastdays": 289,
        "MDD_recoverdays": 845,
        "Periods": 59
      },
      "3": {
        "AnnualRt": -0.0044640407640209245,
        "AccumRt": -0.022909457200955385,
        "SR": -0.48921327266261894,
        "MDD": 0.038449507648634196,
        "WinRatio": 0.4406779661016949,
        "WinLossRatio": 0.8217501740847644,
        "Calmar": -0.1161013765069498,
        "MDD_date": 20241023,
        "MDD_lastdays": 574,
        "MDD_recoverdays": 50,
        "Periods": 59
      },
      "4": {
        "AnnualRt": -0.0007842603305418008,
        "AccumRt": -0.0040248240163405224,
        "SR": -0.0871042208654091,
        "MDD": 0.022351611073705757,
        "WinRatio": 0.559322033898305,
        "WinLossRatio": 0.7394483319735582,
        "Calmar": -0.035087418439577175,
        "MDD_date": 20231222,
        "MDD_lastdays": 659,
        "MDD_recoverdays": 268,
        "Periods": 59
      },
      "5": {
        "AnnualRt": 0.0001878756486004626,
        "AccumRt": 0.000964177828617574,
        "SR": 0.02057045657636083,
        "MDD": 0.01473221850106432,
        "WinRatio": 0.5254237288135594,
        "WinLossRatio": 0.9184913059196991,
        "Calmar": 0.012752705818671481,
        "MDD_date": 20200910,
        "MDD_lastdays": 152,
        "MDD_recoverdays": 278,
        "Periods": 59
      }
    }
  },
  "longshort": {
    "eva": {
      "多头超额": {
        "AnnualRt": 0.0001878756486004626,
        "AccumRt": 0.000964177828617574,
        "SR": 0.02057045657636083,
        "MDD": 0.01473221850106432,
        "WinRatio": 0.5254237288135594,
        "WinLossRatio": 0.9184913059196991,
        "Calmar": 0.012752705818671481,
        "MDD_date": 20200910,
        "MDD_lastdays": 152,
        "MDD_recoverdays": 278,
        "Periods": 59
      },
      "空头超额": {
        "AnnualRt": 0.004159925866206975,
        "AccumRt": 0.021348739545374196,
        "SR": 0.4752211798531789,
        "MDD": 0.020180267436516797,
        "WinRatio": 0.5932203389830508,
        "WinLossRatio": 0.908260537087736,
        "Calmar": 0.20613829223489205,
        "MDD_date": 20220630,
        "MDD_lastdays": 167,
        "MDD_recoverdays": 178,
        "Periods": 59
      },
      "多空": {
        "AnnualRt": -0.003972050217606512,
        "AccumRt": -0.020384561716756622,
        "SR": -0.28183877863739354,
        "MDD": 0.04562375653341477,
        "WinRatio": 0.4406779661016949,
        "WinLossRatio": 1.0580527679664122,
        "Calmar": -0.08706100767255735,
        "MDD_date": 20240116,
        "MDD_lastdays": 404,
        "MDD_recoverdays": 251,
        "Periods": 59
      }
    }
  },
  "risk_corr": {
    "mean": {}
  }
}