{
  "factor_name": "000001.SZ",
  "timestamp": "2026-06-22T16:47:55.827699",
  "ic": {
    "ic_mean": 0.00417738966354692,
    "ic_std": 0.14876653663710468,
    "icir": 0.02808017016445763,
    "rank_ic_mean": 0.0003915447360052349,
    "rank_icir": 0.0026946827301024307
  },
  "group": {
    "n_groups": 5,
    "group_eva_exc": {
      "1": {
        "AnnualRt": -0.0028409749257417133,
        "AccumRt": -0.014579883318906472,
        "SR": -0.31076311426855663,
        "MDD": 0.03283555217626599,
        "WinRatio": 0.4067796610169492,
        "WinLossRatio": 1.1661766162133338,
        "Calmar": -0.08652130807762724,
        "MDD_date": 20240326,
        "MDD_lastdays": 1079,
        "MDD_recoverdays": 201,
        "Periods": 59
      },
      "2": {
        "AnnualRt": -0.0005612467463033807,
        "AccumRt": -0.0028803183020289502,
        "SR": -0.062036673861211214,
        "MDD": 0.021113164751352054,
        "WinRatio": 0.576271186440678,
        "WinLossRatio": 0.6978214035610555,
        "Calmar": -0.02658278628112535,
        "MDD_date": 20221230,
        "MDD_lastdays": 545,
        "MDD_recoverdays": 523,
        "Periods": 59
      },
      "3": {
        "AnnualRt": 0.0032483117645376648,
        "AccumRt": 0.016670335975607298,
        "SR": 0.3373392461777696,
        "MDD": 0.027654252171707694,
        "WinRatio": 0.4915254237288136,
        "WinLossRatio": 1.3591003878337382,
        "Calmar": 0.11746156592369991,
        "MDD_date": 20241220,
        "MDD_lastdays": 288,
        "MDD_recoverdays": 8,
        "Periods": 59
      },
      "4": {
        "AnnualRt": -0.0006929717096274391,
        "AccumRt": -0.0035563308138080174,
        "SR": -0.07675661222668188,
        "MDD": 0.026048901954614623,
        "WinRatio": 0.4915254237288136,
        "WinLossRatio": 0.9705210641842674,
        "Calmar": -0.026602722480771498,
        "MDD_date": 20221018,
        "MDD_lastdays": 366,
        "MDD_recoverdays": 576,
        "Periods": 59
      },
      "5": {
        "AnnualRt": 0.0007210718130401968,
        "AccumRt": 0.0037005405445222905,
        "SR": 0.0775996582281218,
        "MDD": 0.01975689391689428,
        "WinRatio": 0.4406779661016949,
        "WinLossRatio": 1.3380456637154148,
        "Calmar": 0.036497225529140614,
        "MDD_date": 20241106,
        "MDD_lastdays": 480,
        "MDD_recoverdays": 40,
        "Periods": 59
      }
    }
  },
  "longshort": {
    "eva": {
      "多头超额": {
        "AnnualRt": 0.0007210718130401968,
        "AccumRt": 0.0037005405445222905,
        "SR": 0.0775996582281218,
        "MDD": 0.01975689391689428,
        "WinRatio": 0.4406779661016949,
        "WinLossRatio": 1.3380456637154148,
        "Calmar": 0.036497225529140614,
        "MDD_date": 20241106,
        "MDD_lastdays": 480,
        "MDD_recoverdays": 40,
        "Periods": 59
      },
      "空头超额": {
        "AnnualRt": -0.0028409749257417133,
        "AccumRt": -0.014579883318906472,
        "SR": -0.31076311426855663,
        "MDD": 0.03283555217626599,
        "WinRatio": 0.4067796610169492,
        "WinLossRatio": 1.1661766162133338,
        "Calmar": -0.08652130807762724,
        "MDD_date": 20240326,
        "MDD_lastdays": 1079,
        "MDD_recoverdays": 201,
        "Periods": 59
      },
      "多空": {
        "AnnualRt": 0.0035620467387818882,
        "AccumRt": 0.018280423863428652,
        "SR": 0.243982270409769,
        "MDD": 0.031799675126408355,
        "WinRatio": 0.4745762711864407,
        "WinLossRatio": 1.3230396628630814,
        "Calmar": 0.11201519275345524,
        "MDD_date": 20241106,
        "MDD_lastdays": 159,
        "MDD_recoverdays": 40,
        "Periods": 59
      }
    }
  },
  "risk_corr": {
    "mean": {}
  }
}