{
  "factor_name": "000001.SZ",
  "timestamp": "2026-06-22T16:56:09.505263",
  "ic": {
    "ic_mean": 0.00831212557335476,
    "ic_std": 0.15092630149912936,
    "icir": 0.05507406920325752,
    "rank_ic_mean": 0.003995177912752273,
    "rank_icir": 0.02751120311048536
  },
  "group": {
    "n_groups": 5,
    "group_eva_exc": {
      "1": {
        "AnnualRt": -0.001715576367702282,
        "AccumRt": -0.00880433791904811,
        "SR": -0.1910184772173742,
        "MDD": 0.012926798958913577,
        "WinRatio": 0.4745762711864407,
        "WinLossRatio": 0.9571181596249273,
        "Calmar": -0.13271470943077668,
        "MDD_date": 20220811,
        "MDD_lastdays": 631,
        "MDD_recoverdays": 491,
        "Periods": 59
      },
      "2": {
        "AnnualRt": 0.0017126470946362475,
        "AccumRt": 0.008789304889673222,
        "SR": 0.18737293489968265,
        "MDD": 0.019778451035961098,
        "WinRatio": 0.5254237288135594,
        "WinLossRatio": 1.0155353149223942,
        "Calmar": 0.08659156834487795,
        "MDD_date": 20220103,
        "MDD_lastdays": 375,
        "MDD_recoverdays": 782,
        "Periods": 59
      },
      "3": {
        "AnnualRt": -0.00041487424085752487,
        "AccumRt": -0.002129134604080818,
        "SR": -0.04365292906504668,
        "MDD": 0.03435903878048563,
        "WinRatio": 0.5084745762711864,
        "WinLossRatio": 0.9378345122678267,
        "Calmar": -0.012074675415342368,
        "MDD_date": 20230616,
        "MDD_lastdays": 512,
        "MDD_recoverdays": 403,
        "Periods": 59
      },
      "4": {
        "AnnualRt": -0.0022604833279090985,
        "AccumRt": -0.011600800438829495,
        "SR": -0.2546848945727848,
        "MDD": 0.025732280030419274,
        "WinRatio": 0.4576271186440678,
        "WinLossRatio": 0.9759779395271289,
        "Calmar": -0.0878462120432733,
        "MDD_date": 20210819,
        "MDD_lastdays": 305,
        "MDD_recoverdays": 879,
        "Periods": 59
      },
      "5": {
        "AnnualRt": 0.004066433745014121,
        "AccumRt": 0.020868937979412472,
        "SR": 0.4216446191154187,
        "MDD": 0.015909962381260856,
        "WinRatio": 0.576271186440678,
        "WinLossRatio": 0.9755281085509149,
        "Calmar": 0.2555904060341253,
        "MDD_date": 20240516,
        "MDD_lastdays": 182,
        "MDD_recoverdays": 164,
        "Periods": 59
      }
    }
  },
  "longshort": {
    "eva": {
      "多头超额": {
        "AnnualRt": 0.004066433745014121,
        "AccumRt": 0.020868937979412472,
        "SR": 0.4216446191154187,
        "MDD": 0.015909962381260856,
        "WinRatio": 0.576271186440678,
        "WinLossRatio": 0.9755281085509149,
        "Calmar": 0.2555904060341253,
        "MDD_date": 20240516,
        "MDD_lastdays": 182,
        "MDD_recoverdays": 164,
        "Periods": 59
      },
      "空头超额": {
        "AnnualRt": -0.001715576367702282,
        "AccumRt": -0.00880433791904811,
        "SR": -0.1910184772173742,
        "MDD": 0.012926798958913577,
        "WinRatio": 0.4745762711864407,
        "WinLossRatio": 0.9571181596249273,
        "Calmar": -0.13271470943077668,
        "MDD_date": 20220811,
        "MDD_lastdays": 631,
        "MDD_recoverdays": 491,
        "Periods": 59
      },
      "多空": {
        "AnnualRt": 0.005782010112716404,
        "AccumRt": 0.029673275898460583,
        "SR": 0.38558941359392007,
        "MDD": 0.022658062016690406,
        "WinRatio": 0.576271186440678,
        "WinLossRatio": 0.9983732235111801,
        "Calmar": 0.255185554195114,
        "MDD_date": 20221102,
        "MDD_lastdays": 267,
        "MDD_recoverdays": 155,
        "Periods": 59
      }
    }
  },
  "risk_corr": {
    "mean": {}
  }
}