{
  "factor_name": "000001.SZ",
  "timestamp": "2026-06-22T22:21:07.610613",
  "ic": {
    "ic_mean": 0.027104634835166976,
    "ic_std": 0.17062152724144544,
    "icir": 0.15885823596462936,
    "rank_ic_mean": 0.02805981925002033,
    "rank_icir": 0.16781250608702838
  },
  "group": {
    "n_groups": 5,
    "group_eva_exc": {
      "1": {
        "AnnualRt": -0.006414898063083703,
        "AccumRt": -0.03292125685974556,
        "SR": -0.63348284357301,
        "MDD": 0.05907494019642601,
        "WinRatio": 0.423728813559322,
        "WinLossRatio": 0.9178128418913076,
        "Calmar": -0.10858915881681755,
        "MDD_date": 20241127,
        "MDD_lastdays": 608,
        "MDD_recoverdays": 25,
        "Periods": 59
      },
      "2": {
        "AnnualRt": 0.004394320257834424,
        "AccumRt": 0.022551651563206265,
        "SR": 0.4343752332022794,
        "MDD": 0.024835817841960317,
        "WinRatio": 0.5423728813559322,
        "WinLossRatio": 1.142971390632768,
        "Calmar": 0.17693479175105659,
        "MDD_date": 20230217,
        "MDD_lastdays": 671,
        "MDD_recoverdays": 234,
        "Periods": 59
      },
      "3": {
        "AnnualRt": 0.0029427420505757636,
        "AccumRt": 0.01510215220355482,
        "SR": 0.2725267393155752,
        "MDD": 0.022006876526035057,
        "WinRatio": 0.5254237288135594,
        "WinLossRatio": 1.0742279541021256,
        "Calmar": 0.13371920577163127,
        "MDD_date": 20240123,
        "MDD_lastdays": 470,
        "MDD_recoverdays": 207,
        "Periods": 59
      },
      "4": {
        "AnnualRt": -0.0038818596694413154,
        "AccumRt": -0.019921703823572834,
        "SR": -0.381824241730403,
        "MDD": 0.03192966168949862,
        "WinRatio": 0.4067796610169492,
        "WinLossRatio": 1.0934284968695023,
        "Calmar": -0.12157534605880349,
        "MDD_date": 20210225,
        "MDD_lastdays": 272,
        "MDD_recoverdays": 1004,
        "Periods": 59
      },
      "5": {
        "AnnualRt": 0.003170820218158428,
        "AccumRt": 0.016272649359589053,
        "SR": 0.3029896202724716,
        "MDD": 0.022292147639312532,
        "WinRatio": 0.559322033898305,
        "WinLossRatio": 0.9879621934601033,
        "Calmar": 0.14223933330526842,
        "MDD_date": 20240702,
        "MDD_lastdays": 922,
        "MDD_recoverdays": 72,
        "Periods": 59
      }
    }
  },
  "longshort": {
    "eva": {
      "多头超额": {
        "AnnualRt": 0.003170820218158428,
        "AccumRt": 0.016272649359589053,
        "SR": 0.3029896202724716,
        "MDD": 0.022292147639312532,
        "WinRatio": 0.559322033898305,
        "WinLossRatio": 0.9879621934601033,
        "Calmar": 0.14223933330526842,
        "MDD_date": 20240702,
        "MDD_lastdays": 922,
        "MDD_recoverdays": 72,
        "Periods": 59
      },
      "空头超额": {
        "AnnualRt": -0.006414898063083703,
        "AccumRt": -0.03292125685974556,
        "SR": -0.63348284357301,
        "MDD": 0.05907494019642601,
        "WinRatio": 0.423728813559322,
        "WinLossRatio": 0.9178128418913076,
        "Calmar": -0.10858915881681755,
        "MDD_date": 20241127,
        "MDD_lastdays": 608,
        "MDD_recoverdays": 25,
        "Periods": 59
      },
      "多空": {
        "AnnualRt": 0.009585718281242108,
        "AccumRt": 0.049193906219334504,
        "SR": 0.591051307844312,
        "MDD": 0.031017728746211226,
        "WinRatio": 0.5932203389830508,
        "WinLossRatio": 1.0408013039409436,
        "Calmar": 0.30903998031812663,
        "MDD_date": 20220801,
        "MDD_lastdays": 557,
        "MDD_recoverdays": 332,
        "Periods": 59
      }
    }
  },
  "risk_corr": {
    "mean": {}
  }
}