{
  "factor_name": "000001.SZ",
  "timestamp": "2026-06-22T16:49:21.798958",
  "ic": {
    "ic_mean": 0.018383337737005626,
    "ic_std": 0.1459882443973894,
    "icir": 0.12592341125060041,
    "rank_ic_mean": 0.023427951126672737,
    "rank_icir": 0.15936368367525056
  },
  "group": {
    "n_groups": 5,
    "group_eva_exc": {
      "1": {
        "AnnualRt": -0.0029444441581173435,
        "AccumRt": -0.015110887419458208,
        "SR": -0.29856358382977727,
        "MDD": 0.028449785877678102,
        "WinRatio": 0.5084745762711864,
        "WinLossRatio": 0.7749546351475901,
        "Calmar": -0.10349617992828461,
        "MDD_date": 20240202,
        "MDD_lastdays": 943,
        "MDD_recoverdays": 238,
        "Periods": 59
      },
      "2": {
        "AnnualRt": 0.001485805121321301,
        "AccumRt": 0.0076251518826209175,
        "SR": 0.14432769172960325,
        "MDD": 0.021190079781777338,
        "WinRatio": 0.5423728813559322,
        "WinLossRatio": 0.9512147435950666,
        "Calmar": 0.07011795786625763,
        "MDD_date": 20240719,
        "MDD_lastdays": 508,
        "MDD_recoverdays": 118,
        "Periods": 59
      },
      "3": {
        "AnnualRt": -0.003917975312526924,
        "AccumRt": -0.02010704930388818,
        "SR": -0.3832564040422568,
        "MDD": 0.03930250789536338,
        "WinRatio": 0.4067796610169492,
        "WinLossRatio": 1.1193863023391784,
        "Calmar": -0.09968766682670492,
        "MDD_date": 20241022,
        "MDD_lastdays": 1061,
        "MDD_recoverdays": 51,
        "Periods": 59
      },
      "4": {
        "AnnualRt": 0.0017713513034866733,
        "AccumRt": 0.009090574889493608,
        "SR": 0.17302818289406235,
        "MDD": 0.015663437759467214,
        "WinRatio": 0.5423728813559322,
        "WinLossRatio": 0.9803386468486097,
        "Calmar": 0.1130882843656746,
        "MDD_date": 20221129,
        "MDD_lastdays": 278,
        "MDD_recoverdays": 417,
        "Periods": 59
      },
      "5": {
        "AnnualRt": 0.00384145654415531,
        "AccumRt": 0.019714354984605054,
        "SR": 0.3947165043150496,
        "MDD": 0.015958707106170866,
        "WinRatio": 0.5423728813559322,
        "WinLossRatio": 1.1745264246189662,
        "Calmar": 0.24071226563647544,
        "MDD_date": 20210914,
        "MDD_lastdays": 160,
        "MDD_recoverdays": 294,
        "Periods": 59
      }
    }
  },
  "longshort": {
    "eva": {
      "多头超额": {
        "AnnualRt": 0.00384145654415531,
        "AccumRt": 0.019714354984605054,
        "SR": 0.3947165043150496,
        "MDD": 0.015958707106170866,
        "WinRatio": 0.5423728813559322,
        "WinLossRatio": 1.1745264246189662,
        "Calmar": 0.24071226563647544,
        "MDD_date": 20210914,
        "MDD_lastdays": 160,
        "MDD_recoverdays": 294,
        "Periods": 59
      },
      "空头超额": {
        "AnnualRt": -0.0029444441581173435,
        "AccumRt": -0.015110887419458208,
        "SR": -0.29856358382977727,
        "MDD": 0.028449785877678102,
        "WinRatio": 0.5084745762711864,
        "WinLossRatio": 0.7749546351475901,
        "Calmar": -0.10349617992828461,
        "MDD_date": 20240202,
        "MDD_lastdays": 943,
        "MDD_recoverdays": 238,
        "Periods": 59
      },
      "多空": {
        "AnnualRt": 0.0067859007022726325,
        "AccumRt": 0.03482524240406315,
        "SR": 0.44333044690041873,
        "MDD": 0.02099688752984341,
        "WinRatio": 0.5084745762711864,
        "WinLossRatio": 1.340240694749263,
        "Calmar": 0.3231860290068068,
        "MDD_date": 20200716,
        "MDD_lastdays": 86,
        "MDD_recoverdays": 145,
        "Periods": 59
      }
    }
  },
  "risk_corr": {
    "mean": {}
  }
}