{
  "factor_name": "000001.SZ",
  "timestamp": "2026-06-23T01:38:44.139374",
  "ic": {
    "ic_mean": -0.012559456601099054,
    "ic_std": 0.15027174017901634,
    "icir": -0.08357830012574002,
    "rank_ic_mean": -0.009420725904634922,
    "rank_icir": -0.06273799912452126
  },
  "group": {
    "n_groups": 5,
    "group_eva_exc": {
      "1": {
        "AnnualRt": 0.00016198970200277443,
        "AccumRt": 0.0008313311506782384,
        "SR": 0.017375078853045123,
        "MDD": 0.022927971063791852,
        "WinRatio": 0.5084745762711864,
        "WinLossRatio": 0.9795123776522572,
        "Calmar": 0.007065156421912563,
        "MDD_date": 20230901,
        "MDD_lastdays": 410,
        "MDD_recoverdays": 348,
        "Periods": 59
      },
      "2": {
        "AnnualRt": -0.0028779443517777835,
        "AccumRt": -0.014769610413323586,
        "SR": -0.31929847555725227,
        "MDD": 0.02896098031787797,
        "WinRatio": 0.5423728813559322,
        "WinLossRatio": 0.6807342716254543,
        "Calmar": -0.09937316762724337,
        "MDD_date": 20231218,
        "MDD_lastdays": 932,
        "MDD_recoverdays": 272,
        "Periods": 59
      },
      "3": {
        "AnnualRt": 0.001043374875513415,
        "AccumRt": 0.0053545998611348455,
        "SR": 0.11374269966277176,
        "MDD": 0.019843200144247897,
        "WinRatio": 0.5932203389830508,
        "WinLossRatio": 0.7487762212363656,
        "Calmar": 0.05258097826604174,
        "MDD_date": 20220201,
        "MDD_lastdays": 225,
        "MDD_recoverdays": 542,
        "Periods": 59
      },
      "4": {
        "AnnualRt": 0.0016176831728300792,
        "AccumRt": 0.008301950042963968,
        "SR": 0.18124133230318643,
        "MDD": 0.01869200156623163,
        "WinRatio": 0.423728813559322,
        "WinLossRatio": 1.5447132389829643,
        "Calmar": 0.08654413852353478,
        "MDD_date": 20230105,
        "MDD_lastdays": 218,
        "MDD_recoverdays": 519,
        "Periods": 59
      },
      "5": {
        "AnnualRt": -0.00034713847364331265,
        "AccumRt": -0.001781514646737481,
        "SR": -0.037383661120197156,
        "MDD": 0.03654544364763679,
        "WinRatio": 0.559322033898305,
        "WinLossRatio": 0.7693562337342349,
        "Calmar": -0.009498816787951631,
        "MDD_date": 20241025,
        "MDD_lastdays": 424,
        "MDD_recoverdays": 48,
        "Periods": 59
      }
    }
  },
  "longshort": {
    "eva": {
      "多头超额": {
        "AnnualRt": -0.00034713847364331265,
        "AccumRt": -0.001781514646737481,
        "SR": -0.037383661120197156,
        "MDD": 0.03654544364763679,
        "WinRatio": 0.559322033898305,
        "WinLossRatio": 0.7693562337342349,
        "Calmar": -0.009498816787951631,
        "MDD_date": 20241025,
        "MDD_lastdays": 424,
        "MDD_recoverdays": 48,
        "Periods": 59
      },
      "空头超额": {
        "AnnualRt": 0.00016198970200277443,
        "AccumRt": 0.0008313311506782384,
        "SR": 0.017375078853045123,
        "MDD": 0.022927971063791852,
        "WinRatio": 0.5084745762711864,
        "WinLossRatio": 0.9795123776522572,
        "Calmar": 0.007065156421912563,
        "MDD_date": 20230901,
        "MDD_lastdays": 410,
        "MDD_recoverdays": 348,
        "Periods": 59
      },
      "多空": {
        "AnnualRt": -0.0005091281756460872,
        "AccumRt": -0.0026128457974157193,
        "SR": -0.034245938649415573,
        "MDD": 0.05636121148099538,
        "WinRatio": 0.5084745762711864,
        "WinLossRatio": 0.9453242067023814,
        "Calmar": -0.009033307877311363,
        "MDD_date": 20241025,
        "MDD_lastdays": 425,
        "MDD_recoverdays": 48,
        "Periods": 59
      }
    }
  },
  "risk_corr": {
    "mean": {}
  }
}