{
  "factor_name": "000001.SZ",
  "timestamp": "2026-06-23T01:35:19.988458",
  "ic": {
    "ic_mean": -0.01413992276389192,
    "ic_std": 0.28423325145855965,
    "icir": -0.049747602334815066,
    "rank_ic_mean": -0.016293606653019564,
    "rank_icir": -0.05591716901760279
  },
  "group": {
    "n_groups": 5,
    "group_eva_exc": {
      "1": {
        "AnnualRt": 0.0065228723443865756,
        "AccumRt": 0.0334753808713919,
        "SR": 0.42615817519204413,
        "MDD": 0.02265350929133092,
        "WinRatio": 0.4406779661016949,
        "WinLossRatio": 1.6977926823913205,
        "Calmar": 0.2879409216691543,
        "MDD_date": 20230228,
        "MDD_lastdays": 415,
        "MDD_recoverdays": 292,
        "Periods": 59
      },
      "2": {
        "AnnualRt": -0.0037271185645211783,
        "AccumRt": -0.01912757247312269,
        "SR": -0.2289054552121913,
        "MDD": 0.04468407078950143,
        "WinRatio": 0.4745762711864407,
        "WinLossRatio": 0.9444509822370879,
        "Calmar": -0.08341045250955222,
        "MDD_date": 20231219,
        "MDD_lastdays": 598,
        "MDD_recoverdays": 271,
        "Periods": 59
      },
      "3": {
        "AnnualRt": 0.0033019469544921546,
        "AccumRt": 0.01694559177045374,
        "SR": 0.18682979993570417,
        "MDD": 0.04121107196943563,
        "WinRatio": 0.4745762711864407,
        "WinLossRatio": 1.284270947336706,
        "Calmar": 0.08012281158182583,
        "MDD_date": 20211221,
        "MDD_lastdays": 356,
        "MDD_recoverdays": 498,
        "Periods": 59
      },
      "4": {
        "AnnualRt": -0.009852713064535975,
        "AccumRt": -0.05056412344719863,
        "SR": -0.6137576229076224,
        "MDD": 0.05759245035419547,
        "WinRatio": 0.4406779661016949,
        "WinLossRatio": 0.7950251369074647,
        "Calmar": -0.17107646929313589,
        "MDD_date": 20241231,
        "MDD_lastdays": 1141,
        "MDD_recoverdays": 1,
        "Periods": 59
      },
      "5": {
        "AnnualRt": 0.0015489968231643244,
        "AccumRt": 0.007949451696479315,
        "SR": 0.08713019468100965,
        "MDD": 0.05210854811359267,
        "WinRatio": 0.576271186440678,
        "WinLossRatio": 0.7793402022831402,
        "Calmar": 0.02972634777287652,
        "MDD_date": 20241016,
        "MDD_lastdays": 574,
        "MDD_recoverdays": 55,
        "Periods": 59
      }
    }
  },
  "longshort": {
    "eva": {
      "多头超额": {
        "AnnualRt": 0.0015489968231643244,
        "AccumRt": 0.007949451696479315,
        "SR": 0.08713019468100965,
        "MDD": 0.05210854811359267,
        "WinRatio": 0.576271186440678,
        "WinLossRatio": 0.7793402022831402,
        "Calmar": 0.02972634777287652,
        "MDD_date": 20241016,
        "MDD_lastdays": 574,
        "MDD_recoverdays": 55,
        "Periods": 59
      },
      "空头超额": {
        "AnnualRt": 0.0065228723443865756,
        "AccumRt": 0.0334753808713919,
        "SR": 0.42615817519204413,
        "MDD": 0.02265350929133092,
        "WinRatio": 0.4406779661016949,
        "WinLossRatio": 1.6977926823913205,
        "Calmar": 0.2879409216691543,
        "MDD_date": 20230228,
        "MDD_lastdays": 415,
        "MDD_recoverdays": 292,
        "Periods": 59
      },
      "多空": {
        "AnnualRt": -0.004973875521222249,
        "AccumRt": -0.025525929174912587,
        "SR": -0.19003233873541933,
        "MDD": 0.08500035757463775,
        "WinRatio": 0.5423728813559322,
        "WinLossRatio": 0.7492895590317229,
        "Calmar": -0.05851593644008793,
        "MDD_date": 20241016,
        "MDD_lastdays": 574,
        "MDD_recoverdays": 55,
        "Periods": 59
      }
    }
  },
  "risk_corr": {
    "mean": {}
  }
}