{
  "factor_name": "000001.SZ",
  "timestamp": "2026-06-22T16:46:20.891190",
  "ic": {
    "ic_mean": 0.011989326995559754,
    "ic_std": 0.13568949858536056,
    "icir": 0.08835854742301534,
    "rank_ic_mean": 0.013820966729234004,
    "rank_icir": 0.10171132692090272
  },
  "group": {
    "n_groups": 5,
    "group_eva_exc": {
      "1": {
        "AnnualRt": 0.00021575878115680943,
        "AccumRt": 0.001107274064896746,
        "SR": 0.024028606823779462,
        "MDD": 0.017737840114445125,
        "WinRatio": 0.5254237288135594,
        "WinLossRatio": 0.9170484019258972,
        "Calmar": 0.012163757242410955,
        "MDD_date": 20241105,
        "MDD_lastdays": 356,
        "MDD_recoverdays": 41,
        "Periods": 59
      },
      "2": {
        "AnnualRt": -0.004089854984697431,
        "AccumRt": -0.020989135781467216,
        "SR": -0.4480621171179332,
        "MDD": 0.041312081500400555,
        "WinRatio": 0.4576271186440678,
        "WinLossRatio": 0.8867985066619873,
        "Calmar": -0.09899900552475857,
        "MDD_date": 20240903,
        "MDD_lastdays": 686,
        "MDD_recoverdays": 86,
        "Periods": 59
      },
      "3": {
        "AnnualRt": 0.0008519601173220003,
        "AccumRt": 0.004372259322096506,
        "SR": 0.0923782319429292,
        "MDD": 0.024001891779802276,
        "WinRatio": 0.5423728813559322,
        "WinLossRatio": 0.9082737916542111,
        "Calmar": 0.03549554031565668,
        "MDD_date": 20240426,
        "MDD_lastdays": 900,
        "MDD_recoverdays": 178,
        "Periods": 59
      },
      "4": {
        "AnnualRt": -0.001349769246264327,
        "AccumRt": -0.006927015771828526,
        "SR": -0.14935350516808354,
        "MDD": 0.016667414686832305,
        "WinRatio": 0.5254237288135594,
        "WinLossRatio": 0.7921468912690377,
        "Calmar": -0.08098252018236998,
        "MDD_date": 20241211,
        "MDD_lastdays": 777,
        "MDD_recoverdays": 15,
        "Periods": 59
      },
      "5": {
        "AnnualRt": 0.004273760238439093,
        "AccumRt": 0.02193293754366943,
        "SR": 0.4622560405109668,
        "MDD": 0.017434203191270536,
        "WinRatio": 0.5423728813559322,
        "WinLossRatio": 1.2140769238062132,
        "Calmar": 0.2451365394536071,
        "MDD_date": 20220314,
        "MDD_lastdays": 323,
        "MDD_recoverdays": 139,
        "Periods": 59
      }
    }
  },
  "longshort": {
    "eva": {
      "多头超额": {
        "AnnualRt": 0.004273760238439093,
        "AccumRt": 0.02193293754366943,
        "SR": 0.4622560405109668,
        "MDD": 0.017434203191270536,
        "WinRatio": 0.5423728813559322,
        "WinLossRatio": 1.2140769238062132,
        "Calmar": 0.2451365394536071,
        "MDD_date": 20220314,
        "MDD_lastdays": 323,
        "MDD_recoverdays": 139,
        "Periods": 59
      },
      "空头超额": {
        "AnnualRt": 0.00021575878115680943,
        "AccumRt": 0.001107274064896746,
        "SR": 0.024028606823779462,
        "MDD": 0.017737840114445125,
        "WinRatio": 0.5254237288135594,
        "WinLossRatio": 0.9170484019258972,
        "Calmar": 0.012163757242410955,
        "MDD_date": 20241105,
        "MDD_lastdays": 356,
        "MDD_recoverdays": 41,
        "Periods": 59
      },
      "多空": {
        "AnnualRt": 0.004058001457282284,
        "AccumRt": 0.020825663478772682,
        "SR": 0.2840873107843799,
        "MDD": 0.023237691418870443,
        "WinRatio": 0.5084745762711864,
        "WinLossRatio": 1.2050212854606244,
        "Calmar": 0.17463014652079148,
        "MDD_date": 20220519,
        "MDD_lastdays": 432,
        "MDD_recoverdays": 380,
        "Periods": 59
      }
    }
  },
  "risk_corr": {
    "mean": {}
  }
}