{
  "factor_name": "000001.SZ",
  "timestamp": "2026-06-22T16:41:19.243255",
  "ic": {
    "ic_mean": 0.01359475275663366,
    "ic_std": 0.1710961544818801,
    "icir": 0.07945679900171812,
    "rank_ic_mean": 0.004368877269289598,
    "rank_icir": 0.027024782655213027
  },
  "group": {
    "n_groups": 5,
    "group_eva_exc": {
      "1": {
        "AnnualRt": 0.006021793150239853,
        "AccumRt": 0.030903842447030927,
        "SR": 0.6775655113677916,
        "MDD": 0.019254137612427447,
        "WinRatio": 0.5423728813559322,
        "WinLossRatio": 1.283465387020029,
        "Calmar": 0.3127531999331473,
        "MDD_date": 20221118,
        "MDD_lastdays": 156,
        "MDD_recoverdays": 261,
        "Periods": 59
      },
      "2": {
        "AnnualRt": -0.006680105217710301,
        "AccumRt": -0.034282299977289266,
        "SR": -0.7354216603646754,
        "MDD": 0.0453974910806304,
        "WinRatio": 0.4745762711864407,
        "WinLossRatio": 0.6839321060408784,
        "Calmar": -0.1471470131652381,
        "MDD_date": 20241225,
        "MDD_lastdays": 945,
        "MDD_recoverdays": 5,
        "Periods": 59
      },
      "3": {
        "AnnualRt": -0.006346362140442859,
        "AccumRt": -0.03256953050475275,
        "SR": -0.6796941931865742,
        "MDD": 0.03932424373962751,
        "WinRatio": 0.3898305084745763,
        "WinLossRatio": 0.9048474799351386,
        "Calmar": -0.16138548480329845,
        "MDD_date": 20230928,
        "MDD_lastdays": 954,
        "MDD_recoverdays": 329,
        "Periods": 59
      },
      "4": {
        "AnnualRt": 0.0035952174874866643,
        "AccumRt": 0.018450656145781563,
        "SR": 0.3838036928029724,
        "MDD": 0.01568043339725622,
        "WinRatio": 0.5084745762711864,
        "WinLossRatio": 1.2951164719683512,
        "Calmar": 0.22928049221622657,
        "MDD_date": 20221011,
        "MDD_lastdays": 245,
        "MDD_recoverdays": 581,
        "Periods": 59
      },
      "5": {
        "AnnualRt": 0.0033445230479245765,
        "AccumRt": 0.01716409228194893,
        "SR": 0.38184375154159234,
        "MDD": 0.0181230166109968,
        "WinRatio": 0.4745762711864407,
        "WinLossRatio": 1.4510837351517565,
        "Calmar": 0.18454560406324216,
        "MDD_date": 20241231,
        "MDD_lastdays": 121,
        "MDD_recoverdays": 1,
        "Periods": 59
      }
    }
  },
  "longshort": {
    "eva": {
      "多头超额": {
        "AnnualRt": 0.0033445230479245765,
        "AccumRt": 0.01716409228194893,
        "SR": 0.38184375154159234,
        "MDD": 0.0181230166109968,
        "WinRatio": 0.4745762711864407,
        "WinLossRatio": 1.4510837351517565,
        "Calmar": 0.18454560406324216,
        "MDD_date": 20241231,
        "MDD_lastdays": 121,
        "MDD_recoverdays": 1,
        "Periods": 59
      },
      "空头超额": {
        "AnnualRt": 0.006021793150239853,
        "AccumRt": 0.030903842447030927,
        "SR": 0.6775655113677916,
        "MDD": 0.019254137612427447,
        "WinRatio": 0.5423728813559322,
        "WinLossRatio": 1.283465387020029,
        "Calmar": 0.3127531999331473,
        "MDD_date": 20221118,
        "MDD_lastdays": 156,
        "MDD_recoverdays": 261,
        "Periods": 59
      },
      "多空": {
        "AnnualRt": -0.0026772701023152763,
        "AccumRt": -0.013739750165081999,
        "SR": -0.19285818048321587,
        "MDD": 0.04178930013160986,
        "WinRatio": 0.4745762711864407,
        "WinLossRatio": 0.9756954585102362,
        "Calmar": -0.0640659234273742,
        "MDD_date": 20220407,
        "MDD_lastdays": 232,
        "MDD_recoverdays": 276,
        "Periods": 59
      }
    }
  },
  "risk_corr": {
    "mean": {}
  }
}