{
  "factor_name": "000001.SZ",
  "timestamp": "2026-06-22T16:42:15.625837",
  "ic": {
    "ic_mean": 0.010572169709675868,
    "ic_std": 0.16775321262775877,
    "icir": 0.06302215942138356,
    "rank_ic_mean": 0.0004213440194240439,
    "rank_icir": 0.0025582502550846333
  },
  "group": {
    "n_groups": 5,
    "group_eva_exc": {
      "1": {
        "AnnualRt": 0.0014702154650925888,
        "AccumRt": 0.007545145766855166,
        "SR": 0.15541894818698787,
        "MDD": 0.0217725723898764,
        "WinRatio": 0.4576271186440678,
        "WinLossRatio": 1.3299972085147413,
        "Calmar": 0.06752603407469644,
        "MDD_date": 20221209,
        "MDD_lastdays": 365,
        "MDD_recoverdays": 538,
        "Periods": 59
      },
      "2": {
        "AnnualRt": -0.003978433110219101,
        "AccumRt": -0.02041731872164443,
        "SR": -0.4174410420019779,
        "MDD": 0.02697166838829923,
        "WinRatio": 0.4576271186440678,
        "WinLossRatio": 0.8417046705415565,
        "Calmar": -0.147504153356157,
        "MDD_date": 20230921,
        "MDD_lastdays": 602,
        "MDD_recoverdays": 334,
        "Periods": 59
      },
      "3": {
        "AnnualRt": -0.002595674046771928,
        "AccumRt": -0.013320999208033535,
        "SR": -0.2790044325070119,
        "MDD": 0.03354033341132501,
        "WinRatio": 0.3898305084745763,
        "WinLossRatio": 1.245156763176426,
        "Calmar": -0.07738963160978865,
        "MDD_date": 20220404,
        "MDD_lastdays": 552,
        "MDD_recoverdays": 717,
        "Periods": 59
      },
      "4": {
        "AnnualRt": 0.007732973028732422,
        "AccumRt": 0.03968561758345479,
        "SR": 0.7935146145533571,
        "MDD": 0.017349874565697365,
        "WinRatio": 0.6440677966101694,
        "WinLossRatio": 1.047939682542511,
        "Calmar": 0.4457077196408884,
        "MDD_date": 20230825,
        "MDD_lastdays": 169,
        "MDD_recoverdays": 264,
        "Periods": 59
      },
      "5": {
        "AnnualRt": -0.0024986526590295255,
        "AccumRt": -0.012823085446139526,
        "SR": -0.26620003064067055,
        "MDD": 0.02225491283916936,
        "WinRatio": 0.4915254237288136,
        "WinLossRatio": 0.842788046127945,
        "Calmar": -0.11227420556919983,
        "MDD_date": 20241021,
        "MDD_lastdays": 335,
        "MDD_recoverdays": 52,
        "Periods": 59
      }
    }
  },
  "longshort": {
    "eva": {
      "多头超额": {
        "AnnualRt": -0.0024986526590295255,
        "AccumRt": -0.012823085446139526,
        "SR": -0.26620003064067055,
        "MDD": 0.02225491283916936,
        "WinRatio": 0.4915254237288136,
        "WinLossRatio": 0.842788046127945,
        "Calmar": -0.11227420556919983,
        "MDD_date": 20241021,
        "MDD_lastdays": 335,
        "MDD_recoverdays": 52,
        "Periods": 59
      },
      "空头超额": {
        "AnnualRt": 0.0014702154650925888,
        "AccumRt": 0.007545145766855166,
        "SR": 0.15541894818698787,
        "MDD": 0.0217725723898764,
        "WinRatio": 0.4576271186440678,
        "WinLossRatio": 1.3299972085147413,
        "Calmar": 0.06752603407469644,
        "MDD_date": 20221209,
        "MDD_lastdays": 365,
        "MDD_recoverdays": 538,
        "Periods": 59
      },
      "多空": {
        "AnnualRt": -0.003968868124122114,
        "AccumRt": -0.020368231212994692,
        "SR": -0.26429051902331485,
        "MDD": 0.03497269350157628,
        "WinRatio": 0.4915254237288136,
        "WinLossRatio": 0.8608025403195415,
        "Calmar": -0.11348477131002879,
        "MDD_date": 20210625,
        "MDD_lastdays": 353,
        "MDD_recoverdays": 267,
        "Periods": 59
      }
    }
  },
  "risk_corr": {
    "mean": {}
  }
}