{
  "factor_name": "000001.SZ",
  "timestamp": "2026-06-23T09:41:08.954524",
  "ic": {
    "ic_mean": NaN,
    "ic_std": NaN,
    "icir": NaN,
    "rank_ic_mean": NaN,
    "rank_icir": NaN
  },
  "group": {
    "n_groups": 5,
    "group_eva_exc": {
      "1": {
        "AnnualRt": -0.0038917211599849575,
        "AccumRt": -0.019972312993042807,
        "SR": -0.416201715391781,
        "MDD": 0.04182077640371795,
        "WinRatio": 0.4745762711864407,
        "WinLossRatio": 0.8003260081743145,
        "Calmar": -0.09305712362716861,
        "MDD_date": 20241121,
        "MDD_lastdays": 1108,
        "MDD_recoverdays": 29,
        "Periods": 59
      },
      "2": {
        "AnnualRt": 0.005498528434431906,
        "AccumRt": 0.02821844792550454,
        "SR": 0.6161724031355328,
        "MDD": 0.010858177367183974,
        "WinRatio": 0.5423728813559322,
        "WinLossRatio": 1.3002639363961523,
        "Calmar": 0.5063951571697275,
        "MDD_date": 20210205,
        "MDD_lastdays": 175,
        "MDD_recoverdays": 80,
        "Periods": 59
      },
      "3": {
        "AnnualRt": 0.00033395842273865374,
        "AccumRt": 0.0017138746254947712,
        "SR": 0.03707559239454278,
        "MDD": 0.02208787069489071,
        "WinRatio": 0.5423728813559322,
        "WinLossRatio": 0.8650683218817833,
        "Calmar": 0.01511953901540649,
        "MDD_date": 20241230,
        "MDD_lastdays": 206,
        "MDD_recoverdays": 2,
        "Periods": 59
      },
      "4": {
        "AnnualRt": 0.0016033014294298872,
        "AccumRt": 0.008228142935834182,
        "SR": 0.1747512105523175,
        "MDD": 0.01726902228288163,
        "WinRatio": 0.576271186440678,
        "WinLossRatio": 0.8484106368376881,
        "Calmar": 0.09284262902475965,
        "MDD_date": 20230118,
        "MDD_lastdays": 437,
        "MDD_recoverdays": 391,
        "Periods": 59
      },
      "5": {
        "AnnualRt": -0.0035293159790637267,
        "AccumRt": -0.018112449604555048,
        "SR": -0.3735587862013095,
        "MDD": 0.029422041167246227,
        "WinRatio": 0.4406779661016949,
        "WinLossRatio": 0.967106494776404,
        "Calmar": -0.11995483110779886,
        "MDD_date": 20240115,
        "MDD_lastdays": 1017,
        "MDD_recoverdays": 252,
        "Periods": 59
      }
    }
  },
  "longshort": {
    "eva": {
      "多头超额": {
        "AnnualRt": -0.0035293159790637267,
        "AccumRt": -0.018112449604555048,
        "SR": -0.3735587862013095,
        "MDD": 0.029422041167246227,
        "WinRatio": 0.4406779661016949,
        "WinLossRatio": 0.967106494776404,
        "Calmar": -0.11995483110779886,
        "MDD_date": 20240115,
        "MDD_lastdays": 1017,
        "MDD_recoverdays": 252,
        "Periods": 59
      },
      "空头超额": {
        "AnnualRt": -0.0038917211599849575,
        "AccumRt": -0.019972312993042807,
        "SR": -0.416201715391781,
        "MDD": 0.04182077640371795,
        "WinRatio": 0.4745762711864407,
        "WinLossRatio": 0.8003260081743145,
        "Calmar": -0.09305712362716861,
        "MDD_date": 20241121,
        "MDD_lastdays": 1108,
        "MDD_recoverdays": 29,
        "Periods": 59
      },
      "多空": {
        "AnnualRt": 0.0003624051809212529,
        "AccumRt": 0.0018598633884878701,
        "SR": 0.02407515228958262,
        "MDD": 0.03398308859566379,
        "WinRatio": 0.5423728813559322,
        "WinLossRatio": 0.8594379274788824,
        "Calmar": 0.010664280261079491,
        "MDD_date": 20200911,
        "MDD_lastdays": 153,
        "MDD_recoverdays": 616,
        "Periods": 59
      }
    }
  },
  "risk_corr": {
    "mean": {}
  }
}