{
  "factor_name": "000001.SZ",
  "timestamp": "2026-06-22T15:43:14.428920",
  "ic": {
    "ic_mean": 0.014263896323414195,
    "ic_std": 0.14608300884633474,
    "icir": 0.09764240506860343,
    "rank_ic_mean": 0.01678046888582375,
    "rank_icir": 0.1148564420447323
  },
  "group": {
    "n_groups": 5,
    "group_eva_exc": {
      "1": {
        "AnnualRt": 0.0027837426098452816,
        "AccumRt": 0.014286167073725986,
        "SR": 0.3043720169909516,
        "MDD": 0.020949193652049947,
        "WinRatio": 0.4745762711864407,
        "WinLossRatio": 1.3871347131764096,
        "Calmar": 0.1328806567012131,
        "MDD_date": 20220808,
        "MDD_lastdays": 575,
        "MDD_recoverdays": 592,
        "Periods": 59
      },
      "2": {
        "AnnualRt": -0.005075272805770511,
        "AccumRt": -0.026046300039214265,
        "SR": -0.5567471135385108,
        "MDD": 0.02963358512043268,
        "WinRatio": 0.4067796610169492,
        "WinLossRatio": 0.9981467640028978,
        "Calmar": -0.17126759334533082,
        "MDD_date": 20241226,
        "MDD_lastdays": 620,
        "MDD_recoverdays": 4,
        "Periods": 59
      },
      "3": {
        "AnnualRt": -0.002017881364415542,
        "AccumRt": -0.010355767162180562,
        "SR": -0.2215853523369492,
        "MDD": 0.028544124680775496,
        "WinRatio": 0.423728813559322,
        "WinLossRatio": 1.166286616678773,
        "Calmar": -0.07069340492947705,
        "MDD_date": 20240816,
        "MDD_lastdays": 1170,
        "MDD_recoverdays": 98,
        "Periods": 59
      },
      "4": {
        "AnnualRt": 0.003874731006185362,
        "AccumRt": 0.019885119523743278,
        "SR": 0.4255759359383906,
        "MDD": 0.017371820931450288,
        "WinRatio": 0.5254237288135594,
        "WinLossRatio": 1.205394033434048,
        "Calmar": 0.2230469115169425,
        "MDD_date": 20230131,
        "MDD_lastdays": 246,
        "MDD_recoverdays": 501,
        "Periods": 59
      },
      "5": {
        "AnnualRt": 0.00011311630703059572,
        "AccumRt": 0.0005805128876810173,
        "SR": 0.012384379245708552,
        "MDD": 0.0230165157792106,
        "WinRatio": 0.4576271186440678,
        "WinLossRatio": 1.1967821972208548,
        "Calmar": 0.004914571263334597,
        "MDD_date": 20230609,
        "MDD_lastdays": 509,
        "MDD_recoverdays": 408,
        "Periods": 59
      }
    }
  },
  "longshort": {
    "eva": {
      "多头超额": {
        "AnnualRt": 0.00011311630703059572,
        "AccumRt": 0.0005805128876810173,
        "SR": 0.012384379245708552,
        "MDD": 0.0230165157792106,
        "WinRatio": 0.4576271186440678,
        "WinLossRatio": 1.1967821972208548,
        "Calmar": 0.004914571263334597,
        "MDD_date": 20230609,
        "MDD_lastdays": 509,
        "MDD_recoverdays": 408,
        "Periods": 59
      },
      "空头超额": {
        "AnnualRt": 0.0027837426098452816,
        "AccumRt": 0.014286167073725986,
        "SR": 0.3043720169909516,
        "MDD": 0.020949193652049947,
        "WinRatio": 0.4745762711864407,
        "WinLossRatio": 1.3871347131764096,
        "Calmar": 0.1328806567012131,
        "MDD_date": 20220808,
        "MDD_lastdays": 575,
        "MDD_recoverdays": 592,
        "Periods": 59
      },
      "多空": {
        "AnnualRt": -0.002670626302814686,
        "AccumRt": -0.013705654186044969,
        "SR": -0.1861836814596657,
        "MDD": 0.030588122990052313,
        "WinRatio": 0.4745762711864407,
        "WinLossRatio": 0.958193696055123,
        "Calmar": -0.08730925737689792,
        "MDD_date": 20241225,
        "MDD_lastdays": 912,
        "MDD_recoverdays": 5,
        "Periods": 59
      }
    }
  },
  "risk_corr": {
    "mean": {}
  }
}