{
  "factor_name": "000001.SZ",
  "timestamp": "2026-06-22T16:45:53.369908",
  "ic": {
    "ic_mean": -0.018693244311642456,
    "ic_std": 0.1550155075961026,
    "icir": -0.12058951134326668,
    "rank_ic_mean": -0.019262548606129158,
    "rank_icir": -0.121275143918837
  },
  "group": {
    "n_groups": 5,
    "group_eva_exc": {
      "1": {
        "AnnualRt": 0.004026456879389484,
        "AccumRt": 0.020663776705026837,
        "SR": 0.4265612475739255,
        "MDD": 0.02747024410422816,
        "WinRatio": 0.6101694915254238,
        "WinLossRatio": 0.8673707511251687,
        "Calmar": 0.14657521295086492,
        "MDD_date": 20220301,
        "MDD_lastdays": 488,
        "MDD_recoverdays": 476,
        "Periods": 59
      },
      "2": {
        "AnnualRt": -5.758631490487454e-05,
        "AccumRt": -0.00029553296809181617,
        "SR": -0.0062036922933037635,
        "MDD": 0.032690496306082784,
        "WinRatio": 0.4745762711864407,
        "WinLossRatio": 1.102255456417917,
        "Calmar": -0.0017615613530516925,
        "MDD_date": 20241231,
        "MDD_lastdays": 435,
        "MDD_recoverdays": 1,
        "Periods": 59
      },
      "3": {
        "AnnualRt": -0.0028388718980756765,
        "AccumRt": -0.014569090580924371,
        "SR": -0.2975248815107248,
        "MDD": 0.043682841273022466,
        "WinRatio": 0.4067796610169492,
        "WinLossRatio": 1.1705870314618172,
        "Calmar": -0.06498826118778357,
        "MDD_date": 20240404,
        "MDD_lastdays": 860,
        "MDD_recoverdays": 194,
        "Periods": 59
      },
      "4": {
        "AnnualRt": 0.005361338615799765,
        "AccumRt": 0.027514389776284398,
        "SR": 0.5672529222315326,
        "MDD": 0.01522561905205444,
        "WinRatio": 0.576271186440678,
        "WinLossRatio": 1.1397683716387703,
        "Calmar": 0.3521261498445505,
        "MDD_date": 20200826,
        "MDD_lastdays": 128,
        "MDD_recoverdays": 132,
        "Periods": 59
      },
      "5": {
        "AnnualRt": -0.006033137255060579,
        "AccumRt": -0.03096206039297089,
        "SR": -0.6731556579489519,
        "MDD": 0.04439345498161096,
        "WinRatio": 0.3728813559322034,
        "WinLossRatio": 1.0746962686922679,
        "Calmar": -0.13590150299317044,
        "MDD_date": 20241230,
        "MDD_lastdays": 1139,
        "MDD_recoverdays": 2,
        "Periods": 59
      }
    }
  },
  "longshort": {
    "eva": {
      "多头超额": {
        "AnnualRt": -0.006033137255060579,
        "AccumRt": -0.03096206039297089,
        "SR": -0.6731556579489519,
        "MDD": 0.04439345498161096,
        "WinRatio": 0.3728813559322034,
        "WinLossRatio": 1.0746962686922679,
        "Calmar": -0.13590150299317044,
        "MDD_date": 20241230,
        "MDD_lastdays": 1139,
        "MDD_recoverdays": 2,
        "Periods": 59
      },
      "空头超额": {
        "AnnualRt": 0.004026456879389484,
        "AccumRt": 0.020663776705026837,
        "SR": 0.4265612475739255,
        "MDD": 0.02747024410422816,
        "WinRatio": 0.6101694915254238,
        "WinLossRatio": 0.8673707511251687,
        "Calmar": 0.14657521295086492,
        "MDD_date": 20220301,
        "MDD_lastdays": 488,
        "MDD_recoverdays": 476,
        "Periods": 59
      },
      "多空": {
        "AnnualRt": -0.010059594134450064,
        "AccumRt": -0.05162583709799773,
        "SR": -0.7010172973171198,
        "MDD": 0.07591730367529914,
        "WinRatio": 0.423728813559322,
        "WinLossRatio": 0.8484740412950206,
        "Calmar": -0.13250726313299122,
        "MDD_date": 20241230,
        "MDD_lastdays": 648,
        "MDD_recoverdays": 2,
        "Periods": 59
      }
    }
  },
  "risk_corr": {
    "mean": {}
  }
}