{
  "factor_name": "000001.SZ",
  "timestamp": "2026-06-23T01:46:01.001075",
  "ic": {
    "ic_mean": -0.03338800731108073,
    "ic_std": 0.1522311038582111,
    "icir": -0.21932447748771833,
    "rank_ic_mean": -0.030840936402600397,
    "rank_icir": -0.20978053613004655
  },
  "group": {
    "n_groups": 5,
    "group_eva_exc": {
      "1": {
        "AnnualRt": 0.004369240177090951,
        "AccumRt": 0.022422940588830764,
        "SR": 0.487690220729832,
        "MDD": 0.015159967595193224,
        "WinRatio": 0.5254237288135594,
        "WinLossRatio": 1.2528807267061226,
        "Calmar": 0.2882090710059504,
        "MDD_date": 20210303,
        "MDD_lastdays": 84,
        "MDD_recoverdays": 331,
        "Periods": 59
      },
      "2": {
        "AnnualRt": 0.006698224878867422,
        "AccumRt": 0.03437529007834761,
        "SR": 0.7316332556927064,
        "MDD": 0.009362979133604399,
        "WinRatio": 0.5932203389830508,
        "WinLossRatio": 1.262225620587354,
        "Calmar": 0.7153946178120825,
        "MDD_date": 20211228,
        "MDD_lastdays": 186,
        "MDD_recoverdays": 396,
        "Periods": 59
      },
      "3": {
        "AnnualRt": -0.002345939472633626,
        "AccumRt": -0.012039361373555768,
        "SR": -0.2510839764286619,
        "MDD": 0.019044327926288296,
        "WinRatio": 0.4406779661016949,
        "WinLossRatio": 1.0249010620570203,
        "Calmar": -0.12318310636708539,
        "MDD_date": 20241227,
        "MDD_lastdays": 785,
        "MDD_recoverdays": 3,
        "Periods": 59
      },
      "4": {
        "AnnualRt": -0.006735477154930061,
        "AccumRt": -0.03456646875910108,
        "SR": -0.7255806077446559,
        "MDD": 0.04249364679858059,
        "WinRatio": 0.423728813559322,
        "WinLossRatio": 0.7310011560197247,
        "Calmar": -0.15850550993790077,
        "MDD_date": 20241204,
        "MDD_lastdays": 1016,
        "MDD_recoverdays": 20,
        "Periods": 59
      },
      "5": {
        "AnnualRt": -0.001851519206846321,
        "AccumRt": -0.00950199656953532,
        "SR": -0.2002302610731644,
        "MDD": 0.031070209256484183,
        "WinRatio": 0.4745762711864407,
        "WinLossRatio": 0.9476207198195881,
        "Calmar": -0.059591462405742215,
        "MDD_date": 20240801,
        "MDD_lastdays": 628,
        "MDD_recoverdays": 109,
        "Periods": 59
      }
    }
  },
  "longshort": {
    "eva": {
      "多头超额": {
        "AnnualRt": -0.001851519206846321,
        "AccumRt": -0.00950199656953532,
        "SR": -0.2002302610731644,
        "MDD": 0.031070209256484183,
        "WinRatio": 0.4745762711864407,
        "WinLossRatio": 0.9476207198195881,
        "Calmar": -0.059591462405742215,
        "MDD_date": 20240801,
        "MDD_lastdays": 628,
        "MDD_recoverdays": 109,
        "Periods": 59
      },
      "空头超额": {
        "AnnualRt": 0.004369240177090951,
        "AccumRt": 0.022422940588830764,
        "SR": 0.487690220729832,
        "MDD": 0.015159967595193224,
        "WinRatio": 0.5254237288135594,
        "WinLossRatio": 1.2528807267061226,
        "Calmar": 0.2882090710059504,
        "MDD_date": 20210303,
        "MDD_lastdays": 84,
        "MDD_recoverdays": 331,
        "Periods": 59
      },
      "多空": {
        "AnnualRt": -0.006220759383937273,
        "AccumRt": -0.031924937158366085,
        "SR": -0.4304187559144323,
        "MDD": 0.04518361942738236,
        "WinRatio": 0.4406779661016949,
        "WinLossRatio": 0.9238967886643118,
        "Calmar": -0.13767731453951082,
        "MDD_date": 20240801,
        "MDD_lastdays": 627,
        "MDD_recoverdays": 109,
        "Periods": 59
      }
    }
  },
  "risk_corr": {
    "mean": {}
  }
}