{
  "factor_name": "000001.SZ",
  "timestamp": "2026-06-23T01:33:48.815060",
  "ic": {
    "ic_mean": 0.003139320169952267,
    "ic_std": 0.18777816338032982,
    "icir": 0.01671823876343823,
    "rank_ic_mean": 0.004092784352261918,
    "rank_icir": 0.021647838134523856
  },
  "group": {
    "n_groups": 5,
    "group_eva_exc": {
      "1": {
        "AnnualRt": 0.002716147983673285,
        "AccumRt": 0.0139392714522113,
        "SR": 0.23259915813888787,
        "MDD": 0.03489117564152655,
        "WinRatio": 0.5932203389830508,
        "WinLossRatio": 0.8187258581878334,
        "Calmar": 0.07784627298257608,
        "MDD_date": 20231124,
        "MDD_lastdays": 267,
        "MDD_recoverdays": 288,
        "Periods": 59
      },
      "2": {
        "AnnualRt": -0.008505676810570734,
        "AccumRt": -0.043651133391849006,
        "SR": -0.6855334910183198,
        "MDD": 0.054441069396694686,
        "WinRatio": 0.423728813559322,
        "WinLossRatio": 0.7551447326304375,
        "Calmar": -0.1562364021285582,
        "MDD_date": 20241122,
        "MDD_lastdays": 1103,
        "MDD_recoverdays": 28,
        "Periods": 59
      },
      "3": {
        "AnnualRt": 0.004957290385850364,
        "AccumRt": 0.025440814260184075,
        "SR": 0.40638277704295334,
        "MDD": 0.01870371621206579,
        "WinRatio": 0.6271186440677966,
        "WinLossRatio": 0.8163702773541275,
        "Calmar": 0.2650430711011542,
        "MDD_date": 20240417,
        "MDD_lastdays": 611,
        "MDD_recoverdays": 181,
        "Periods": 59
      },
      "4": {
        "AnnualRt": 0.0013814798468941886,
        "AccumRt": 0.007089754574260976,
        "SR": 0.11436367640189651,
        "MDD": 0.025091343637977603,
        "WinRatio": 0.4576271186440678,
        "WinLossRatio": 1.2964508366418936,
        "Calmar": 0.05505802586048906,
        "MDD_date": 20220110,
        "MDD_lastdays": 499,
        "MDD_recoverdays": 590,
        "Periods": 59
      },
      "5": {
        "AnnualRt": -0.0016941002760215227,
        "AccumRt": -0.008694122616542455,
        "SR": -0.13629317016216125,
        "MDD": 0.03308031718471094,
        "WinRatio": 0.4745762711864407,
        "WinLossRatio": 0.9974281041542371,
        "Calmar": -0.05121173012224024,
        "MDD_date": 20210622,
        "MDD_lastdays": 307,
        "MDD_recoverdays": 429,
        "Periods": 59
      }
    }
  },
  "longshort": {
    "eva": {
      "多头超额": {
        "AnnualRt": -0.0016941002760215227,
        "AccumRt": -0.008694122616542455,
        "SR": -0.13629317016216125,
        "MDD": 0.03308031718471094,
        "WinRatio": 0.4745762711864407,
        "WinLossRatio": 0.9974281041542371,
        "Calmar": -0.05121173012224024,
        "MDD_date": 20210622,
        "MDD_lastdays": 307,
        "MDD_recoverdays": 429,
        "Periods": 59
      },
      "空头超额": {
        "AnnualRt": 0.002716147983673285,
        "AccumRt": 0.0139392714522113,
        "SR": 0.23259915813888787,
        "MDD": 0.03489117564152655,
        "WinRatio": 0.5932203389830508,
        "WinLossRatio": 0.8187258581878334,
        "Calmar": 0.07784627298257608,
        "MDD_date": 20231124,
        "MDD_lastdays": 267,
        "MDD_recoverdays": 288,
        "Periods": 59
      },
      "多空": {
        "AnnualRt": -0.004410248259694807,
        "AccumRt": -0.022633394068753754,
        "SR": -0.23105069248583207,
        "MDD": 0.05171441355875861,
        "WinRatio": 0.3728813559322034,
        "WinLossRatio": 1.4076109804600971,
        "Calmar": -0.0852808328703916,
        "MDD_date": 20210622,
        "MDD_lastdays": 363,
        "MDD_recoverdays": 624,
        "Periods": 59
      }
    }
  },
  "risk_corr": {
    "mean": {}
  }
}