{
  "factor_name": "000001.SZ",
  "timestamp": "2026-06-23T00:32:07.299114",
  "ic": {
    "ic_mean": 0.005772251650654621,
    "ic_std": 0.1617513966976363,
    "icir": 0.03568594626385054,
    "rank_ic_mean": 0.007803339374222947,
    "rank_icir": 0.04675464262451887
  },
  "group": {
    "n_groups": 5,
    "group_eva_exc": {
      "1": {
        "AnnualRt": 0.0019230945954123667,
        "AccumRt": 0.009869321463656267,
        "SR": 0.2081723706140863,
        "MDD": 0.023330565323822272,
        "WinRatio": 0.5084745762711864,
        "WinLossRatio": 1.109093035724576,
        "Calmar": 0.08242811816688993,
        "MDD_date": 20201215,
        "MDD_lastdays": 226,
        "MDD_recoverdays": 417,
        "Periods": 59
      },
      "2": {
        "AnnualRt": -0.004972073777304141,
        "AccumRt": -0.025516682625124854,
        "SR": -0.5540056478399232,
        "MDD": 0.02983970613783704,
        "WinRatio": 0.4406779661016949,
        "WinLossRatio": 0.8767061459033113,
        "Calmar": -0.16662609726573355,
        "MDD_date": 20230621,
        "MDD_lastdays": 360,
        "MDD_recoverdays": 400,
        "Periods": 59
      },
      "3": {
        "AnnualRt": -0.003416641346816892,
        "AccumRt": -0.01753420339186429,
        "SR": -0.3602706272160319,
        "MDD": 0.03342121799374487,
        "WinRatio": 0.4745762711864407,
        "WinLossRatio": 0.8344837587279615,
        "Calmar": -0.10222970771012452,
        "MDD_date": 20241121,
        "MDD_lastdays": 1043,
        "MDD_recoverdays": 29,
        "Periods": 59
      },
      "4": {
        "AnnualRt": 0.008588155629456307,
        "AccumRt": 0.04407441469036977,
        "SR": 0.9799550221529829,
        "MDD": 0.016576156537959075,
        "WinRatio": 0.559322033898305,
        "WinLossRatio": 1.7426416138790168,
        "Calmar": 0.5181029516576776,
        "MDD_date": 20230829,
        "MDD_lastdays": 524,
        "MDD_recoverdays": 188,
        "Periods": 59
      },
      "5": {
        "AnnualRt": -0.0024748461640236386,
        "AccumRt": -0.012700910513769315,
        "SR": -0.2724610428127043,
        "MDD": 0.024915216914751626,
        "WinRatio": 0.4576271186440678,
        "WinLossRatio": 0.9709258485434855,
        "Calmar": -0.09933070912011001,
        "MDD_date": 20220317,
        "MDD_lastdays": 519,
        "MDD_recoverdays": 729,
        "Periods": 59
      }
    }
  },
  "longshort": {
    "eva": {
      "多头超额": {
        "AnnualRt": -0.0024748461640236386,
        "AccumRt": -0.012700910513769315,
        "SR": -0.2724610428127043,
        "MDD": 0.024915216914751626,
        "WinRatio": 0.4576271186440678,
        "WinLossRatio": 0.9709258485434855,
        "Calmar": -0.09933070912011001,
        "MDD_date": 20220317,
        "MDD_lastdays": 519,
        "MDD_recoverdays": 729,
        "Periods": 59
      },
      "空头超额": {
        "AnnualRt": 0.0019230945954123667,
        "AccumRt": 0.009869321463656267,
        "SR": 0.2081723706140863,
        "MDD": 0.023330565323822272,
        "WinRatio": 0.5084745762711864,
        "WinLossRatio": 1.109093035724576,
        "Calmar": 0.08242811816688993,
        "MDD_date": 20201215,
        "MDD_lastdays": 226,
        "MDD_recoverdays": 417,
        "Periods": 59
      },
      "多空": {
        "AnnualRt": -0.004397940759436005,
        "AccumRt": -0.02257023197742558,
        "SR": -0.3032086229924504,
        "MDD": 0.05338998061366551,
        "WinRatio": 0.4745762711864407,
        "WinLossRatio": 0.8867569596358358,
        "Calmar": -0.08237389691634994,
        "MDD_date": 20240930,
        "MDD_lastdays": 989,
        "MDD_recoverdays": 67,
        "Periods": 59
      }
    }
  },
  "risk_corr": {
    "mean": {}
  }
}