{
  "factor_name": "000001.SZ",
  "timestamp": "2026-06-22T16:55:16.746008",
  "ic": {
    "ic_mean": -0.028618091286729153,
    "ic_std": 0.18564082163017195,
    "icir": -0.1541583959574433,
    "rank_ic_mean": -0.02967610828208467,
    "rank_icir": -0.15429966993923544
  },
  "group": {
    "n_groups": 5,
    "group_eva_exc": {
      "1": {
        "AnnualRt": 0.010560277985363294,
        "AccumRt": 0.05419534662088443,
        "SR": 0.8960128712526118,
        "MDD": 0.020390443431897665,
        "WinRatio": 0.576271186440678,
        "WinLossRatio": 1.326937442144526,
        "Calmar": 0.5179033021343414,
        "MDD_date": 20221011,
        "MDD_lastdays": 92,
        "MDD_recoverdays": 411,
        "Periods": 59
      },
      "2": {
        "AnnualRt": -0.002564175628225933,
        "AccumRt": -0.013159349324055492,
        "SR": -0.2113160429714468,
        "MDD": 0.03501804987018042,
        "WinRatio": 0.4406779661016949,
        "WinLossRatio": 1.088108424589886,
        "Calmar": -0.07322439820983447,
        "MDD_date": 20240619,
        "MDD_lastdays": 1126,
        "MDD_recoverdays": 140,
        "Periods": 59
      },
      "3": {
        "AnnualRt": -0.0009277618983759121,
        "AccumRt": -0.004761274062465182,
        "SR": -0.07698704433495873,
        "MDD": 0.029126643321257584,
        "WinRatio": 0.4745762711864407,
        "WinLossRatio": 1.0440921831869632,
        "Calmar": -0.03185268855538877,
        "MDD_date": 20211001,
        "MDD_lastdays": 330,
        "MDD_recoverdays": 265,
        "Periods": 59
      },
      "4": {
        "AnnualRt": -0.006871647404327478,
        "AccumRt": -0.03526529447900861,
        "SR": -0.569569741967441,
        "MDD": 0.043731152703318066,
        "WinRatio": 0.4745762711864407,
        "WinLossRatio": 0.723048792993216,
        "Calmar": -0.15713391894666653,
        "MDD_date": 20241231,
        "MDD_lastdays": 982,
        "MDD_recoverdays": 1,
        "Periods": 59
      },
      "5": {
        "AnnualRt": 0.0001327505636873327,
        "AccumRt": 0.0006812758928433915,
        "SR": 0.011064326685038412,
        "MDD": 0.02370781853698567,
        "WinRatio": 0.4915254237288136,
        "WinLossRatio": 1.0438715995350953,
        "Calmar": 0.005599442372997481,
        "MDD_date": 20230421,
        "MDD_lastdays": 450,
        "MDD_recoverdays": 443,
        "Periods": 59
      }
    }
  },
  "longshort": {
    "eva": {
      "多头超额": {
        "AnnualRt": 0.0001327505636873327,
        "AccumRt": 0.0006812758928433915,
        "SR": 0.011064326685038412,
        "MDD": 0.02370781853698567,
        "WinRatio": 0.4915254237288136,
        "WinLossRatio": 1.0438715995350953,
        "Calmar": 0.005599442372997481,
        "MDD_date": 20230421,
        "MDD_lastdays": 450,
        "MDD_recoverdays": 443,
        "Periods": 59
      },
      "空头超额": {
        "AnnualRt": 0.010560277985363294,
        "AccumRt": 0.05419534662088443,
        "SR": 0.8960128712526118,
        "MDD": 0.020390443431897665,
        "WinRatio": 0.576271186440678,
        "WinLossRatio": 1.326937442144526,
        "Calmar": 0.5179033021343414,
        "MDD_date": 20221011,
        "MDD_lastdays": 92,
        "MDD_recoverdays": 411,
        "Periods": 59
      },
      "多空": {
        "AnnualRt": -0.010427527421675962,
        "AccumRt": -0.05351407072804104,
        "SR": -0.5514433439586783,
        "MDD": 0.06252022506872512,
        "WinRatio": 0.4406779661016949,
        "WinLossRatio": 0.8111906285944944,
        "Calmar": -0.1667864664628693,
        "MDD_date": 20241202,
        "MDD_lastdays": 1246,
        "MDD_recoverdays": 22,
        "Periods": 59
      }
    }
  },
  "risk_corr": {
    "mean": {}
  }
}