{
  "factor_name": "000001.SZ",
  "timestamp": "2026-06-23T00:34:13.476894",
  "ic": {
    "ic_mean": 0.0029211413821016827,
    "ic_std": 0.1545140411045239,
    "icir": 0.018905345826309868,
    "rank_ic_mean": 0.008389990421234209,
    "rank_icir": 0.053806432940181045
  },
  "group": {
    "n_groups": 5,
    "group_eva_exc": {
      "1": {
        "AnnualRt": 0.003185244978272393,
        "AccumRt": 0.016346677228493922,
        "SR": 0.3456322393924131,
        "MDD": 0.01591064864839964,
        "WinRatio": 0.5084745762711864,
        "WinLossRatio": 1.24628248408277,
        "Calmar": 0.200195796454394,
        "MDD_date": 20220929,
        "MDD_lastdays": 293,
        "MDD_recoverdays": 125,
        "Periods": 59
      },
      "2": {
        "AnnualRt": -0.0022665050139212693,
        "AccumRt": -0.011631703731443954,
        "SR": -0.24112517449284201,
        "MDD": 0.022609728030061116,
        "WinRatio": 0.4067796610169492,
        "WinLossRatio": 1.1805977647928265,
        "Calmar": -0.10024468277140718,
        "MDD_date": 20240411,
        "MDD_lastdays": 1093,
        "MDD_recoverdays": 189,
        "Periods": 59
      },
      "3": {
        "AnnualRt": -0.008454034017531682,
        "AccumRt": -0.043386102577972596,
        "SR": -0.8690866543326012,
        "MDD": 0.057148764517979345,
        "WinRatio": 0.3898305084745763,
        "WinLossRatio": 0.8271233218757552,
        "Calmar": -0.14793030241050953,
        "MDD_date": 20241128,
        "MDD_lastdays": 1041,
        "MDD_recoverdays": 24,
        "Periods": 59
      },
      "4": {
        "AnnualRt": 0.0037281026410856564,
        "AccumRt": 0.019132622754051587,
        "SR": 0.3971822124300923,
        "MDD": 0.011844708652555824,
        "WinRatio": 0.5254237288135594,
        "WinLossRatio": 1.2425925247951801,
        "Calmar": 0.3147483615210084,
        "MDD_date": 20230308,
        "MDD_lastdays": 47,
        "MDD_recoverdays": 239,
        "Periods": 59
      },
      "5": {
        "AnnualRt": 0.0033361501706228956,
        "AccumRt": 0.017121122675636702,
        "SR": 0.3518950871753236,
        "MDD": 0.0199970032024247,
        "WinRatio": 0.559322033898305,
        "WinLossRatio": 1.0079685597783397,
        "Calmar": 0.16683250669372182,
        "MDD_date": 20210804,
        "MDD_lastdays": 307,
        "MDD_recoverdays": 217,
        "Periods": 59
      }
    }
  },
  "longshort": {
    "eva": {
      "多头超额": {
        "AnnualRt": 0.0033361501706228956,
        "AccumRt": 0.017121122675636702,
        "SR": 0.3518950871753236,
        "MDD": 0.0199970032024247,
        "WinRatio": 0.559322033898305,
        "WinLossRatio": 1.0079685597783397,
        "Calmar": 0.16683250669372182,
        "MDD_date": 20210804,
        "MDD_lastdays": 307,
        "MDD_recoverdays": 217,
        "Periods": 59
      },
      "空头超额": {
        "AnnualRt": 0.003185244978272393,
        "AccumRt": 0.016346677228493922,
        "SR": 0.3456322393924131,
        "MDD": 0.01591064864839964,
        "WinRatio": 0.5084745762711864,
        "WinLossRatio": 1.24628248408277,
        "Calmar": 0.200195796454394,
        "MDD_date": 20220929,
        "MDD_lastdays": 293,
        "MDD_recoverdays": 125,
        "Periods": 59
      },
      "多空": {
        "AnnualRt": 0.0001509051923505027,
        "AccumRt": 0.0007744454471427797,
        "SR": 0.01014897423950525,
        "MDD": 0.03374295231336211,
        "WinRatio": 0.5084745762711864,
        "WinLossRatio": 0.9733396855281478,
        "Calmar": 0.004472198844638283,
        "MDD_date": 20241202,
        "MDD_lastdays": 568,
        "MDD_recoverdays": 22,
        "Periods": 59
      }
    }
  },
  "risk_corr": {
    "mean": {}
  }
}