{
  "factor_name": "000001.SZ",
  "timestamp": "2026-06-23T01:56:21.792942",
  "ic": {
    "ic_mean": 0.04531912929041471,
    "ic_std": 0.19565436474754055,
    "icir": 0.2316285115790364,
    "rank_ic_mean": 0.03943328646500698,
    "rank_icir": 0.20899314256464238
  },
  "group": {
    "n_groups": 5,
    "group_eva_exc": {
      "1": {
        "AnnualRt": -0.007004432509676819,
        "AccumRt": -0.035946747639661436,
        "SR": -0.6484601325924088,
        "MDD": 0.04672624961751126,
        "WinRatio": 0.4067796610169492,
        "WinLossRatio": 0.8973760382001584,
        "Calmar": -0.14990358881813226,
        "MDD_date": 20241114,
        "MDD_lastdays": 1234,
        "MDD_recoverdays": 34,
        "Periods": 59
      },
      "2": {
        "AnnualRt": -0.0016706727592209528,
        "AccumRt": -0.00857389260032193,
        "SR": -0.14889092869759,
        "MDD": 0.04134094690972401,
        "WinRatio": 0.4576271186440678,
        "WinLossRatio": 1.0845634932707449,
        "Calmar": -0.040412058361149576,
        "MDD_date": 20241227,
        "MDD_lastdays": 729,
        "MDD_recoverdays": 3,
        "Periods": 59
      },
      "3": {
        "AnnualRt": 0.00287627423424263,
        "AccumRt": 0.014761039370133178,
        "SR": 0.2590299176754191,
        "MDD": 0.02382730894592855,
        "WinRatio": 0.4915254237288136,
        "WinLossRatio": 1.2447538844085342,
        "Calmar": 0.12071334789714507,
        "MDD_date": 20211209,
        "MDD_lastdays": 202,
        "MDD_recoverdays": 160,
        "Periods": 59
      },
      "4": {
        "AnnualRt": 0.0011209653357134944,
        "AccumRt": 0.005752794102881653,
        "SR": 0.10038649845667665,
        "MDD": 0.020541425180069628,
        "WinRatio": 0.5084745762711864,
        "WinLossRatio": 1.0439112524209047,
        "Calmar": 0.054570962135631854,
        "MDD_date": 20220719,
        "MDD_lastdays": 643,
        "MDD_recoverdays": 265,
        "Periods": 59
      },
      "5": {
        "AnnualRt": 0.00482511458050545,
        "AccumRt": 0.024762488027153973,
        "SR": 0.4350796785456517,
        "MDD": 0.022250119514206634,
        "WinRatio": 0.5254237288135594,
        "WinLossRatio": 1.1674681711998913,
        "Calmar": 0.21685791743386498,
        "MDD_date": 20220221,
        "MDD_lastdays": 395,
        "MDD_recoverdays": 230,
        "Periods": 59
      }
    }
  },
  "longshort": {
    "eva": {
      "多头超额": {
        "AnnualRt": 0.00482511458050545,
        "AccumRt": 0.024762488027153973,
        "SR": 0.4350796785456517,
        "MDD": 0.022250119514206634,
        "WinRatio": 0.5254237288135594,
        "WinLossRatio": 1.1674681711998913,
        "Calmar": 0.21685791743386498,
        "MDD_date": 20220221,
        "MDD_lastdays": 395,
        "MDD_recoverdays": 230,
        "Periods": 59
      },
      "空头超额": {
        "AnnualRt": -0.007004432509676819,
        "AccumRt": -0.035946747639661436,
        "SR": -0.6484601325924088,
        "MDD": 0.04672624961751126,
        "WinRatio": 0.4067796610169492,
        "WinLossRatio": 0.8973760382001584,
        "Calmar": -0.14990358881813226,
        "MDD_date": 20241114,
        "MDD_lastdays": 1234,
        "MDD_recoverdays": 34,
        "Periods": 59
      },
      "多空": {
        "AnnualRt": 0.011829547090182291,
        "AccumRt": 0.06070923566681552,
        "SR": 0.6728770861879665,
        "MDD": 0.02922853534149017,
        "WinRatio": 0.6101694915254238,
        "WinLossRatio": 0.9737140915464207,
        "Calmar": 0.4047259622137187,
        "MDD_date": 20220221,
        "MDD_lastdays": 402,
        "MDD_recoverdays": 86,
        "Periods": 59
      }
    }
  },
  "risk_corr": {
    "mean": {}
  }
}