{
  "factor_name": "000001.SZ",
  "timestamp": "2026-06-23T00:01:51.983896",
  "ic": {
    "ic_mean": 0.032644310087837906,
    "ic_std": 0.14585115519629532,
    "icir": 0.2238193454409272,
    "rank_ic_mean": 0.03369298861125956,
    "rank_icir": 0.21497765051523535
  },
  "group": {
    "n_groups": 5,
    "group_eva_exc": {
      "1": {
        "AnnualRt": -0.009941450205025739,
        "AccumRt": -0.0510195224521921,
        "SR": -1.1254943193731393,
        "MDD": 0.05777156640957681,
        "WinRatio": 0.3559322033898305,
        "WinLossRatio": 0.79627224179295,
        "Calmar": -0.17208206082807098,
        "MDD_date": 20241230,
        "MDD_lastdays": 1239,
        "MDD_recoverdays": 2,
        "Periods": 59
      },
      "2": {
        "AnnualRt": -0.0020015647100635713,
        "AccumRt": -0.010272030092046247,
        "SR": -0.21453974653119207,
        "MDD": 0.03479616855976286,
        "WinRatio": 0.4576271186440678,
        "WinLossRatio": 1.023338403341852,
        "Calmar": -0.05752256046885904,
        "MDD_date": 20240820,
        "MDD_lastdays": 886,
        "MDD_recoverdays": 96,
        "Periods": 59
      },
      "3": {
        "AnnualRt": 0.005050915168537981,
        "AccumRt": 0.02592129664493692,
        "SR": 0.5489238876797097,
        "MDD": 0.01615559358794294,
        "WinRatio": 0.559322033898305,
        "WinLossRatio": 1.149198977985789,
        "Calmar": 0.3126418810329274,
        "MDD_date": 20230220,
        "MDD_lastdays": 57,
        "MDD_recoverdays": 166,
        "Periods": 59
      },
      "4": {
        "AnnualRt": 0.006517765662980651,
        "AccumRt": 0.03344917338241671,
        "SR": 0.7044359115376922,
        "MDD": 0.011333012461681502,
        "WinRatio": 0.5423728813559322,
        "WinLossRatio": 1.3772175776768247,
        "Calmar": 0.5751132529870701,
        "MDD_date": 20231019,
        "MDD_lastdays": 177,
        "MDD_recoverdays": 177,
        "Periods": 59
      },
      "5": {
        "AnnualRt": 0.00038462232220137023,
        "AccumRt": 0.0019738817575374323,
        "SR": 0.04344946451241413,
        "MDD": 0.03211787790156628,
        "WinRatio": 0.5084745762711864,
        "WinLossRatio": 0.9924885304537606,
        "Calmar": 0.01197533421666733,
        "MDD_date": 20220624,
        "MDD_lastdays": 611,
        "MDD_recoverdays": 647,
        "Periods": 59
      }
    }
  },
  "longshort": {
    "eva": {
      "多头超额": {
        "AnnualRt": 0.00038462232220137023,
        "AccumRt": 0.0019738817575374323,
        "SR": 0.04344946451241413,
        "MDD": 0.03211787790156628,
        "WinRatio": 0.5084745762711864,
        "WinLossRatio": 0.9924885304537606,
        "Calmar": 0.01197533421666733,
        "MDD_date": 20220624,
        "MDD_lastdays": 611,
        "MDD_recoverdays": 647,
        "Periods": 59
      },
      "空头超额": {
        "AnnualRt": -0.009941450205025739,
        "AccumRt": -0.0510195224521921,
        "SR": -1.1254943193731393,
        "MDD": 0.05777156640957681,
        "WinRatio": 0.3559322033898305,
        "WinLossRatio": 0.79627224179295,
        "Calmar": -0.17208206082807098,
        "MDD_date": 20241230,
        "MDD_lastdays": 1239,
        "MDD_recoverdays": 2,
        "Periods": 59
      },
      "多空": {
        "AnnualRt": 0.010326072527227111,
        "AccumRt": 0.05299340420972953,
        "SR": 0.7406050200365552,
        "MDD": 0.02120042917959708,
        "WinRatio": 0.5932203389830508,
        "WinLossRatio": 1.1197586189819568,
        "Calmar": 0.4870690324120769,
        "MDD_date": 20220103,
        "MDD_lastdays": 100,
        "MDD_recoverdays": 185,
        "Periods": 59
      }
    }
  },
  "risk_corr": {
    "mean": {}
  }
}