{
  "factor_name": "000001.SZ",
  "timestamp": "2026-06-22T16:59:10.792156",
  "ic": {
    "ic_mean": 0.014737039310123436,
    "ic_std": 0.13963735152880197,
    "icir": 0.10553794632150221,
    "rank_ic_mean": 0.01630853914140227,
    "rank_icir": 0.12170658747918567
  },
  "group": {
    "n_groups": 5,
    "group_eva_exc": {
      "1": {
        "AnnualRt": -0.005558721885518032,
        "AccumRt": -0.028527360716478545,
        "SR": -0.6207181717736053,
        "MDD": 0.032378461460716546,
        "WinRatio": 0.4067796610169492,
        "WinLossRatio": 0.9175499462508201,
        "Calmar": -0.1716796177070427,
        "MDD_date": 20241217,
        "MDD_lastdays": 1119,
        "MDD_recoverdays": 11,
        "Periods": 59
      },
      "2": {
        "AnnualRt": 0.003039991569926621,
        "AccumRt": 0.015601236736863422,
        "SR": 0.33215435678769506,
        "MDD": 0.023385214260635,
        "WinRatio": 0.5254237288135594,
        "WinLossRatio": 1.159870957511376,
        "Calmar": 0.1299963103200609,
        "MDD_date": 20230622,
        "MDD_lastdays": 427,
        "MDD_recoverdays": 399,
        "Periods": 59
      },
      "3": {
        "AnnualRt": -0.00032987502402102853,
        "AccumRt": -0.0016929186232759186,
        "SR": -0.03627866637170473,
        "MDD": 0.021924092277376017,
        "WinRatio": 0.423728813559322,
        "WinLossRatio": 1.3179054438014062,
        "Calmar": -0.015046234062854874,
        "MDD_date": 20210908,
        "MDD_lastdays": 410,
        "MDD_recoverdays": 733,
        "Periods": 59
      },
      "4": {
        "AnnualRt": 0.00039182429692693257,
        "AccumRt": 0.002010842291829018,
        "SR": 0.042338308336620126,
        "MDD": 0.02288496101922788,
        "WinRatio": 0.5084745762711864,
        "WinLossRatio": 0.9978573340213274,
        "Calmar": 0.017121475391534333,
        "MDD_date": 20230906,
        "MDD_lastdays": 286,
        "MDD_recoverdays": 345,
        "Periods": 59
      },
      "5": {
        "AnnualRt": 0.002397745544296043,
        "AccumRt": 0.012305230133327294,
        "SR": 0.26727511121147146,
        "MDD": 0.018517711812945037,
        "WinRatio": 0.5423728813559322,
        "WinLossRatio": 1.0318010110861613,
        "Calmar": 0.1294838999827111,
        "MDD_date": 20240701,
        "MDD_lastdays": 266,
        "MDD_recoverdays": 132,
        "Periods": 59
      }
    }
  },
  "longshort": {
    "eva": {
      "多头超额": {
        "AnnualRt": 0.002397745544296043,
        "AccumRt": 0.012305230133327294,
        "SR": 0.26727511121147146,
        "MDD": 0.018517711812945037,
        "WinRatio": 0.5423728813559322,
        "WinLossRatio": 1.0318010110861613,
        "Calmar": 0.1294838999827111,
        "MDD_date": 20240701,
        "MDD_lastdays": 266,
        "MDD_recoverdays": 132,
        "Periods": 59
      },
      "空头超额": {
        "AnnualRt": -0.005558721885518032,
        "AccumRt": -0.028527360716478545,
        "SR": -0.6207181717736053,
        "MDD": 0.032378461460716546,
        "WinRatio": 0.4067796610169492,
        "WinLossRatio": 0.9175499462508201,
        "Calmar": -0.1716796177070427,
        "MDD_date": 20241217,
        "MDD_lastdays": 1119,
        "MDD_recoverdays": 11,
        "Periods": 59
      },
      "多空": {
        "AnnualRt": 0.007956467429814096,
        "AccumRt": 0.04083259084980595,
        "SR": 0.5633525569089574,
        "MDD": 0.024448988469784272,
        "WinRatio": 0.6440677966101694,
        "WinLossRatio": 0.8425018339496492,
        "Calmar": 0.32543135433383025,
        "MDD_date": 20240509,
        "MDD_lastdays": 232,
        "MDD_recoverdays": 145,
        "Periods": 59
      }
    }
  },
  "risk_corr": {
    "mean": {}
  }
}