{
  "factor_name": "000001.SZ",
  "timestamp": "2026-06-22T15:17:18.091951",
  "ic": {
    "ic_mean": 0.004153324270585089,
    "ic_std": 0.13405822283227015,
    "icir": 0.030981495822017653,
    "rank_ic_mean": 0.009435130956816504,
    "rank_icir": 0.06942637264494483
  },
  "group": {
    "n_groups": 5,
    "group_eva_exc": {
      "1": {
        "AnnualRt": -0.0069759588284417084,
        "AccumRt": -0.03580062070756285,
        "SR": -0.7925487676402475,
        "MDD": 0.044501835843125614,
        "WinRatio": 0.4067796610169492,
        "WinLossRatio": 0.7871061679645834,
        "Calmar": -0.1567566527599628,
        "MDD_date": 20240909,
        "MDD_lastdays": 1194,
        "MDD_recoverdays": 82,
        "Periods": 59
      },
      "2": {
        "AnnualRt": 0.006281045205216063,
        "AccumRt": 0.032234323993168834,
        "SR": 0.6761828811425274,
        "MDD": 0.01312261220140698,
        "WinRatio": 0.559322033898305,
        "WinLossRatio": 1.2635481223237393,
        "Calmar": 0.47864290347181193,
        "MDD_date": 20241216,
        "MDD_lastdays": 58,
        "MDD_recoverdays": 12,
        "Periods": 59
      },
      "3": {
        "AnnualRt": 0.003243648938083107,
        "AccumRt": 0.016646406350242504,
        "SR": 0.35094314292530426,
        "MDD": 0.02190195909828274,
        "WinRatio": 0.559322033898305,
        "WinLossRatio": 1.0189037268238939,
        "Calmar": 0.14809857527025655,
        "MDD_date": 20240513,
        "MDD_lastdays": 265,
        "MDD_recoverdays": 167,
        "Periods": 59
      },
      "4": {
        "AnnualRt": -0.0020734747610805463,
        "AccumRt": -0.010641072473865365,
        "SR": -0.2313054119425159,
        "MDD": 0.022386431433129794,
        "WinRatio": 0.4745762711864407,
        "WinLossRatio": 0.9129028700941149,
        "Calmar": -0.09262194232583226,
        "MDD_date": 20241224,
        "MDD_lastdays": 1238,
        "MDD_recoverdays": 6,
        "Periods": 59
      },
      "5": {
        "AnnualRt": 0.00013636515566168385,
        "AccumRt": 0.0006998259788557615,
        "SR": 0.014892796226404588,
        "MDD": 0.0331209577754088,
        "WinRatio": 0.5423728813559322,
        "WinLossRatio": 0.8528170875601045,
        "Calmar": 0.004117186362374171,
        "MDD_date": 20230203,
        "MDD_lastdays": 497,
        "MDD_recoverdays": 498,
        "Periods": 59
      }
    }
  },
  "longshort": {
    "eva": {
      "多头超额": {
        "AnnualRt": 0.00013636515566168385,
        "AccumRt": 0.0006998259788557615,
        "SR": 0.014892796226404588,
        "MDD": 0.0331209577754088,
        "WinRatio": 0.5423728813559322,
        "WinLossRatio": 0.8528170875601045,
        "Calmar": 0.004117186362374171,
        "MDD_date": 20230203,
        "MDD_lastdays": 497,
        "MDD_recoverdays": 498,
        "Periods": 59
      },
      "空头超额": {
        "AnnualRt": -0.0069759588284417084,
        "AccumRt": -0.03580062070756285,
        "SR": -0.7925487676402475,
        "MDD": 0.044501835843125614,
        "WinRatio": 0.4067796610169492,
        "WinLossRatio": 0.7871061679645834,
        "Calmar": -0.1567566527599628,
        "MDD_date": 20240909,
        "MDD_lastdays": 1194,
        "MDD_recoverdays": 82,
        "Periods": 59
      },
      "多空": {
        "AnnualRt": 0.007112323984103413,
        "AccumRt": 0.03650044668641872,
        "SR": 0.5008089485172866,
        "MDD": 0.03544011683311643,
        "WinRatio": 0.576271186440678,
        "WinLossRatio": 1.0453128065444885,
        "Calmar": 0.20068568107702792,
        "MDD_date": 20220707,
        "MDD_lastdays": 174,
        "MDD_recoverdays": 550,
        "Periods": 59
      }
    }
  },
  "risk_corr": {
    "mean": {}
  }
}