{
  "factor_name": "000001.SZ",
  "timestamp": "2026-06-23T01:58:48.664858",
  "ic": {
    "ic_mean": NaN,
    "ic_std": NaN,
    "icir": NaN,
    "rank_ic_mean": NaN,
    "rank_icir": NaN
  },
  "group": {
    "n_groups": 5,
    "group_eva_exc": {
      "1": {
        "AnnualRt": 0.005962498811392769,
        "AccumRt": 0.030599543900067694,
        "SR": 0.43634026399164433,
        "MDD": 0.025994635497418428,
        "WinRatio": 0.5254237288135594,
        "WinLossRatio": 1.193116514403564,
        "Calmar": 0.22937420345766785,
        "MDD_date": 20240704,
        "MDD_lastdays": 224,
        "MDD_recoverdays": 129,
        "Periods": 59
      },
      "2": {
        "AnnualRt": -0.003858650754316803,
        "AccumRt": -0.019802595671153833,
        "SR": -0.2732875925560218,
        "MDD": 0.06381264853660107,
        "WinRatio": 0.4067796610169492,
        "WinLossRatio": 1.1891473235793866,
        "Calmar": -0.06046843130329552,
        "MDD_date": 20231129,
        "MDD_lastdays": 832,
        "MDD_recoverdays": 285,
        "Periods": 59
      },
      "3": {
        "AnnualRt": 0.0006111196928688254,
        "AccumRt": 0.0031362662638028116,
        "SR": 0.0365654479873381,
        "MDD": 0.04512335087961139,
        "WinRatio": 0.4745762711864407,
        "WinLossRatio": 1.1370174712823684,
        "Calmar": 0.013543313627112625,
        "MDD_date": 20240531,
        "MDD_lastdays": 549,
        "MDD_recoverdays": 153,
        "Periods": 59
      },
      "4": {
        "AnnualRt": 0.000986876557892605,
        "AccumRt": 0.00506465049510485,
        "SR": 0.06927027121005845,
        "MDD": 0.03788184460010968,
        "WinRatio": 0.4406779661016949,
        "WinLossRatio": 1.329296897884732,
        "Calmar": 0.02605143884386632,
        "MDD_date": 20240911,
        "MDD_lastdays": 220,
        "MDD_recoverdays": 80,
        "Periods": 59
      },
      "5": {
        "AnnualRt": -0.004343094127538998,
        "AccumRt": -0.02228875906253014,
        "SR": -0.25728719535119554,
        "MDD": 0.06265916815987826,
        "WinRatio": 0.4406779661016949,
        "WinLossRatio": 1.0589775304499256,
        "Calmar": -0.06931298731029045,
        "MDD_date": 20230707,
        "MDD_lastdays": 850,
        "MDD_recoverdays": 388,
        "Periods": 59
      }
    }
  },
  "longshort": {
    "eva": {
      "多头超额": {
        "AnnualRt": -0.004343094127538998,
        "AccumRt": -0.02228875906253014,
        "SR": -0.25728719535119554,
        "MDD": 0.06265916815987826,
        "WinRatio": 0.4406779661016949,
        "WinLossRatio": 1.0589775304499256,
        "Calmar": -0.06931298731029045,
        "MDD_date": 20230707,
        "MDD_lastdays": 850,
        "MDD_recoverdays": 388,
        "Periods": 59
      },
      "空头超额": {
        "AnnualRt": 0.005962498811392769,
        "AccumRt": 0.030599543900067694,
        "SR": 0.43634026399164433,
        "MDD": 0.025994635497418428,
        "WinRatio": 0.5254237288135594,
        "WinLossRatio": 1.193116514403564,
        "Calmar": 0.22937420345766785,
        "MDD_date": 20240704,
        "MDD_lastdays": 224,
        "MDD_recoverdays": 129,
        "Periods": 59
      },
      "多空": {
        "AnnualRt": -0.010305592938931768,
        "AccumRt": -0.05288830296259783,
        "SR": -0.4228086409818566,
        "MDD": 0.11928431164203956,
        "WinRatio": 0.4915254237288136,
        "WinLossRatio": 0.7854677645543716,
        "Calmar": -0.0863952081968485,
        "MDD_date": 20230707,
        "MDD_lastdays": 744,
        "MDD_recoverdays": 388,
        "Periods": 59
      }
    }
  },
  "risk_corr": {
    "mean": {}
  }
}