{
  "factor_name": "000001.SZ",
  "timestamp": "2026-06-22T16:55:49.713676",
  "ic": {
    "ic_mean": 0.040004817351488246,
    "ic_std": 0.13932357460558142,
    "icir": 0.2871360246443578,
    "rank_ic_mean": 0.038090760969142844,
    "rank_icir": 0.29088294693450617
  },
  "group": {
    "n_groups": 5,
    "group_eva_exc": {
      "1": {
        "AnnualRt": -0.01019243037028113,
        "AccumRt": -0.05230755266028275,
        "SR": -1.1835745066014487,
        "MDD": 0.05470225122529648,
        "WinRatio": 0.3728813559322034,
        "WinLossRatio": 0.6894269589680757,
        "Calmar": -0.1863256107742737,
        "MDD_date": 20241224,
        "MDD_lastdays": 1259,
        "MDD_recoverdays": 6,
        "Periods": 59
      },
      "2": {
        "AnnualRt": 0.0049718335501447025,
        "AccumRt": 0.025515449779342614,
        "SR": 0.5401186471758842,
        "MDD": 0.016422003088610193,
        "WinRatio": 0.559322033898305,
        "WinLossRatio": 1.1885943743153582,
        "Calmar": 0.3027543913685546,
        "MDD_date": 20230127,
        "MDD_lastdays": 430,
        "MDD_recoverdays": 271,
        "Periods": 59
      },
      "3": {
        "AnnualRt": -0.0029293162821328383,
        "AccumRt": -0.015033251159905725,
        "SR": -0.3209089355490613,
        "MDD": 0.030269070096372475,
        "WinRatio": 0.423728813559322,
        "WinLossRatio": 1.0647785379220707,
        "Calmar": -0.09677589277788534,
        "MDD_date": 20240228,
        "MDD_lastdays": 1058,
        "MDD_recoverdays": 220,
        "Periods": 59
      },
      "4": {
        "AnnualRt": 0.0021884603410376167,
        "AccumRt": 0.01123117847020505,
        "SR": 0.23820515262824518,
        "MDD": 0.022652756057607304,
        "WinRatio": 0.5084745762711864,
        "WinLossRatio": 1.130652260471892,
        "Calmar": 0.09660901020044678,
        "MDD_date": 20241212,
        "MDD_lastdays": 524,
        "MDD_recoverdays": 14,
        "Periods": 59
      },
      "5": {
        "AnnualRt": 0.00869836796839696,
        "AccumRt": 0.044640024413813206,
        "SR": 0.9189129110164721,
        "MDD": 0.01382628564658872,
        "WinRatio": 0.6440677966101694,
        "WinLossRatio": 1.158802499763281,
        "Calmar": 0.6291182021501963,
        "MDD_date": 20210201,
        "MDD_lastdays": 151,
        "MDD_recoverdays": 256,
        "Periods": 59
      }
    }
  },
  "longshort": {
    "eva": {
      "多头超额": {
        "AnnualRt": 0.00869836796839696,
        "AccumRt": 0.044640024413813206,
        "SR": 0.9189129110164721,
        "MDD": 0.01382628564658872,
        "WinRatio": 0.6440677966101694,
        "WinLossRatio": 1.158802499763281,
        "Calmar": 0.6291182021501963,
        "MDD_date": 20210201,
        "MDD_lastdays": 151,
        "MDD_recoverdays": 256,
        "Periods": 59
      },
      "空头超额": {
        "AnnualRt": -0.01019243037028113,
        "AccumRt": -0.05230755266028275,
        "SR": -1.1835745066014487,
        "MDD": 0.05470225122529648,
        "WinRatio": 0.3728813559322034,
        "WinLossRatio": 0.6894269589680757,
        "Calmar": -0.1863256107742737,
        "MDD_date": 20241224,
        "MDD_lastdays": 1259,
        "MDD_recoverdays": 6,
        "Periods": 59
      },
      "多空": {
        "AnnualRt": 0.01889079833867809,
        "AccumRt": 0.09694757707409596,
        "SR": 1.3106355872919138,
        "MDD": 0.015706079848028742,
        "WinRatio": 0.6440677966101694,
        "WinLossRatio": 1.5034168788238096,
        "Calmar": 1.2027697886082669,
        "MDD_date": 20231103,
        "MDD_lastdays": 97,
        "MDD_recoverdays": 108,
        "Periods": 59
      }
    }
  },
  "risk_corr": {
    "mean": {}
  }
}