{
  "factor_name": "000001.SZ",
  "timestamp": "2026-06-23T01:43:14.977872",
  "ic": {
    "ic_mean": -0.013478571051416524,
    "ic_std": 0.13546219547706295,
    "icir": -0.0995006097749152,
    "rank_ic_mean": -0.011357297630008466,
    "rank_icir": -0.08420305782875714
  },
  "group": {
    "n_groups": 5,
    "group_eva_exc": {
      "1": {
        "AnnualRt": 0.005546834038086918,
        "AccumRt": 0.02846635228346206,
        "SR": 0.6124729156993272,
        "MDD": 0.019666983566392626,
        "WinRatio": 0.5423728813559322,
        "WinLossRatio": 1.3726502171337058,
        "Calmar": 0.28203786408635995,
        "MDD_date": 20241126,
        "MDD_lastdays": 211,
        "MDD_recoverdays": 26,
        "Periods": 59
      },
      "2": {
        "AnnualRt": 0.0014666931890289774,
        "AccumRt": 0.0075270694460967125,
        "SR": 0.15970006128760383,
        "MDD": 0.01815975446408291,
        "WinRatio": 0.5084745762711864,
        "WinLossRatio": 1.0947782522075131,
        "Calmar": 0.08076613546344263,
        "MDD_date": 20211129,
        "MDD_lastdays": 432,
        "MDD_recoverdays": 300,
        "Periods": 59
      },
      "3": {
        "AnnualRt": -0.006474236870381747,
        "AccumRt": -0.03322578361879913,
        "SR": -0.6812708283706496,
        "MDD": 0.03461311269672607,
        "WinRatio": 0.3728813559322034,
        "WinLossRatio": 0.9588120254143327,
        "Calmar": -0.1870457860033525,
        "MDD_date": 20241226,
        "MDD_lastdays": 1237,
        "MDD_recoverdays": 4,
        "Periods": 59
      },
      "4": {
        "AnnualRt": -0.0020115662479238596,
        "AccumRt": -0.01032335798434525,
        "SR": -0.22077185233861024,
        "MDD": 0.024097162647016,
        "WinRatio": 0.4576271186440678,
        "WinLossRatio": 0.9968933660472813,
        "Calmar": -0.08347730715810875,
        "MDD_date": 20240701,
        "MDD_lastdays": 596,
        "MDD_recoverdays": 132,
        "Periods": 59
      },
      "5": {
        "AnnualRt": 0.0011774299061637918,
        "AccumRt": 0.00604257027843258,
        "SR": 0.13291223974218244,
        "MDD": 0.029646321704679512,
        "WinRatio": 0.5254237288135594,
        "WinLossRatio": 0.9996020263841148,
        "Calmar": 0.03971588508998541,
        "MDD_date": 20240410,
        "MDD_lastdays": 804,
        "MDD_recoverdays": 190,
        "Periods": 59
      }
    }
  },
  "longshort": {
    "eva": {
      "多头超额": {
        "AnnualRt": 0.0011774299061637918,
        "AccumRt": 0.00604257027843258,
        "SR": 0.13291223974218244,
        "MDD": 0.029646321704679512,
        "WinRatio": 0.5254237288135594,
        "WinLossRatio": 0.9996020263841148,
        "Calmar": 0.03971588508998541,
        "MDD_date": 20240410,
        "MDD_lastdays": 804,
        "MDD_recoverdays": 190,
        "Periods": 59
      },
      "空头超额": {
        "AnnualRt": 0.005546834038086918,
        "AccumRt": 0.02846635228346206,
        "SR": 0.6124729156993272,
        "MDD": 0.019666983566392626,
        "WinRatio": 0.5423728813559322,
        "WinLossRatio": 1.3726502171337058,
        "Calmar": 0.28203786408635995,
        "MDD_date": 20241126,
        "MDD_lastdays": 211,
        "MDD_recoverdays": 26,
        "Periods": 59
      },
      "多空": {
        "AnnualRt": -0.0043694041319231255,
        "AccumRt": -0.02242378200502948,
        "SR": -0.3052500127176955,
        "MDD": 0.0632606530782408,
        "WinRatio": 0.5254237288135594,
        "WinLossRatio": 0.7068435317131568,
        "Calmar": -0.06906985494631307,
        "MDD_date": 20240410,
        "MDD_lastdays": 1058,
        "MDD_recoverdays": 190,
        "Periods": 59
      }
    }
  },
  "risk_corr": {
    "mean": {}
  }
}