{
  "factor_name": "000001.SZ",
  "timestamp": "2026-06-22T15:41:43.211597",
  "ic": {
    "ic_mean": 0.008792603140654314,
    "ic_std": 0.13076624543388968,
    "icir": 0.06723908843203356,
    "rank_ic_mean": 0.01352336150107914,
    "rank_icir": 0.09798698271615056
  },
  "group": {
    "n_groups": 5,
    "group_eva_exc": {
      "1": {
        "AnnualRt": -0.0058399578315155316,
        "AccumRt": -0.02997066359133771,
        "SR": -0.6449036662854377,
        "MDD": 0.036842083867488884,
        "WinRatio": 0.4745762711864407,
        "WinLossRatio": 0.6669234192058431,
        "Calmar": -0.15851323319604552,
        "MDD_date": 20240910,
        "MDD_lastdays": 1196,
        "MDD_recoverdays": 81,
        "Periods": 59
      },
      "2": {
        "AnnualRt": 0.003062955958104509,
        "AccumRt": 0.01571908997699234,
        "SR": 0.33141420823879153,
        "MDD": 0.013652143571638908,
        "WinRatio": 0.5254237288135594,
        "WinLossRatio": 1.129192099479255,
        "Calmar": 0.22435714523743527,
        "MDD_date": 20210202,
        "MDD_lastdays": 157,
        "MDD_recoverdays": 185,
        "Periods": 59
      },
      "3": {
        "AnnualRt": 0.00397163304090967,
        "AccumRt": 0.020382420765948428,
        "SR": 0.4325218932397872,
        "MDD": 0.025400788200985458,
        "WinRatio": 0.5254237288135594,
        "WinLossRatio": 1.231618994457592,
        "Calmar": 0.15635865349861802,
        "MDD_date": 20241001,
        "MDD_lastdays": 366,
        "MDD_recoverdays": 66,
        "Periods": 59
      },
      "4": {
        "AnnualRt": -0.0020071203488515677,
        "AccumRt": -0.010300541630306248,
        "SR": -0.22045387990822027,
        "MDD": 0.022598416434173152,
        "WinRatio": 0.4745762711864407,
        "WinLossRatio": 0.941118830369489,
        "Calmar": -0.08881685823863374,
        "MDD_date": 20241128,
        "MDD_lastdays": 1220,
        "MDD_recoverdays": 24,
        "Periods": 59
      },
      "5": {
        "AnnualRt": 0.001169399085823761,
        "AccumRt": 0.006001356108447542,
        "SR": 0.12995653317864547,
        "MDD": 0.030727764565165572,
        "WinRatio": 0.5254237288135594,
        "WinLossRatio": 0.9977886709547288,
        "Calmar": 0.03805675754068509,
        "MDD_date": 20230315,
        "MDD_lastdays": 520,
        "MDD_recoverdays": 470,
        "Periods": 59
      }
    }
  },
  "longshort": {
    "eva": {
      "多头超额": {
        "AnnualRt": 0.001169399085823761,
        "AccumRt": 0.006001356108447542,
        "SR": 0.12995653317864547,
        "MDD": 0.030727764565165572,
        "WinRatio": 0.5254237288135594,
        "WinLossRatio": 0.9977886709547288,
        "Calmar": 0.03805675754068509,
        "MDD_date": 20230315,
        "MDD_lastdays": 520,
        "MDD_recoverdays": 470,
        "Periods": 59
      },
      "空头超额": {
        "AnnualRt": -0.0058399578315155316,
        "AccumRt": -0.02997066359133771,
        "SR": -0.6449036662854377,
        "MDD": 0.036842083867488884,
        "WinRatio": 0.4745762711864407,
        "WinLossRatio": 0.6669234192058431,
        "Calmar": -0.15851323319604552,
        "MDD_date": 20240910,
        "MDD_lastdays": 1196,
        "MDD_recoverdays": 81,
        "Periods": 59
      },
      "多空": {
        "AnnualRt": 0.007009356917339293,
        "AccumRt": 0.03597201969978525,
        "SR": 0.48943532097837017,
        "MDD": 0.031977684004103724,
        "WinRatio": 0.5423728813559322,
        "WinLossRatio": 1.2320566373668433,
        "Calmar": 0.21919526493662816,
        "MDD_date": 20220707,
        "MDD_lastdays": 174,
        "MDD_recoverdays": 553,
        "Periods": 59
      }
    }
  },
  "risk_corr": {
    "mean": {}
  }
}