{
  "factor_name": "000001.SZ",
  "timestamp": "2026-06-23T01:47:29.065978",
  "ic": {
    "ic_mean": 0.0005598815837117482,
    "ic_std": 0.2528570880331031,
    "icir": 0.0022142214326159237,
    "rank_ic_mean": -0.015594712876283204,
    "rank_icir": -0.058125628082467344
  },
  "group": {
    "n_groups": 5,
    "group_eva_exc": {
      "1": {
        "AnnualRt": 0.0003168265414324971,
        "AccumRt": 0.0016259538106315752,
        "SR": 0.0215437620878929,
        "MDD": 0.027241046385211187,
        "WinRatio": 0.5423728813559322,
        "WinLossRatio": 0.8566710249934205,
        "Calmar": 0.011630483534013516,
        "MDD_date": 20220104,
        "MDD_lastdays": 169,
        "MDD_recoverdays": 781,
        "Periods": 59
      },
      "2": {
        "AnnualRt": -0.0003223707220782736,
        "AccumRt": -0.0016544065457057,
        "SR": -0.022214113044816387,
        "MDD": 0.03576761547437968,
        "WinRatio": 0.4745762711864407,
        "WinLossRatio": 1.086848587539639,
        "Calmar": -0.009012921823351281,
        "MDD_date": 20230522,
        "MDD_lastdays": 761,
        "MDD_recoverdays": 422,
        "Periods": 59
      },
      "3": {
        "AnnualRt": 0.010221777630997358,
        "AccumRt": 0.05245816280227844,
        "SR": 0.6880178651142119,
        "MDD": 0.025377990145167395,
        "WinRatio": 0.5932203389830508,
        "WinLossRatio": 1.2461058255163484,
        "Calmar": 0.4027812120867988,
        "MDD_date": 20220818,
        "MDD_lastdays": 137,
        "MDD_recoverdays": 303,
        "Periods": 59
      },
      "4": {
        "AnnualRt": -0.006423923006156944,
        "AccumRt": -0.03296757286759744,
        "SR": -0.44994953644948965,
        "MDD": 0.043041472587853624,
        "WinRatio": 0.3898305084745763,
        "WinLossRatio": 1.0982121053416658,
        "Calmar": -0.1492496101996702,
        "MDD_date": 20241125,
        "MDD_lastdays": 599,
        "MDD_recoverdays": 27,
        "Periods": 59
      },
      "5": {
        "AnnualRt": -0.003214209515532032,
        "AccumRt": -0.01649532323371039,
        "SR": -0.21777215178998285,
        "MDD": 0.040341939913921876,
        "WinRatio": 0.4915254237288136,
        "WinLossRatio": 0.8922533338770104,
        "Calmar": -0.07967414364282513,
        "MDD_date": 20211011,
        "MDD_lastdays": 140,
        "MDD_recoverdays": 842,
        "Periods": 59
      }
    }
  },
  "longshort": {
    "eva": {
      "多头超额": {
        "AnnualRt": -0.003214209515532032,
        "AccumRt": -0.01649532323371039,
        "SR": -0.21777215178998285,
        "MDD": 0.040341939913921876,
        "WinRatio": 0.4915254237288136,
        "WinLossRatio": 0.8922533338770104,
        "Calmar": -0.07967414364282513,
        "MDD_date": 20211011,
        "MDD_lastdays": 140,
        "MDD_recoverdays": 842,
        "Periods": 59
      },
      "空头超额": {
        "AnnualRt": 0.0003168265414324971,
        "AccumRt": 0.0016259538106315752,
        "SR": 0.0215437620878929,
        "MDD": 0.027241046385211187,
        "WinRatio": 0.5423728813559322,
        "WinLossRatio": 0.8566710249934205,
        "Calmar": 0.011630483534013516,
        "MDD_date": 20220104,
        "MDD_lastdays": 169,
        "MDD_recoverdays": 781,
        "Periods": 59
      },
      "多空": {
        "AnnualRt": -0.0035310360569645077,
        "AccumRt": -0.018121277044341855,
        "SR": -0.14933512481496974,
        "MDD": 0.040153641787792904,
        "WinRatio": 0.5084745762711864,
        "WinLossRatio": 0.8720037766558165,
        "Calmar": -0.08793812714736068,
        "MDD_date": 20241227,
        "MDD_lastdays": 980,
        "MDD_recoverdays": 3,
        "Periods": 59
      }
    }
  },
  "risk_corr": {
    "mean": {}
  }
}