{
  "factor_name": "000001.SZ",
  "timestamp": "2026-06-22T17:01:33.510502",
  "ic": {
    "ic_mean": 0.002921141382101678,
    "ic_std": 0.1545140411045239,
    "icir": 0.018905345826309837,
    "rank_ic_mean": 0.008389990421234209,
    "rank_icir": 0.053806432940181045
  },
  "group": {
    "n_groups": 5,
    "group_eva_exc": {
      "1": {
        "AnnualRt": 0.0033868721298777127,
        "AccumRt": 0.01738142777053242,
        "SR": 0.36894514920512594,
        "MDD": 0.015513338297194368,
        "WinRatio": 0.5254237288135594,
        "WinLossRatio": 1.1847864874265426,
        "Calmar": 0.21832000727336928,
        "MDD_date": 20220929,
        "MDD_lastdays": 293,
        "MDD_recoverdays": 125,
        "Periods": 59
      },
      "2": {
        "AnnualRt": -0.002349390506305607,
        "AccumRt": -0.012057072078360376,
        "SR": -0.2497528689216278,
        "MDD": 0.023034451774926912,
        "WinRatio": 0.4067796610169492,
        "WinLossRatio": 1.1704410480815408,
        "Calmar": -0.10199463522127006,
        "MDD_date": 20240411,
        "MDD_lastdays": 1093,
        "MDD_recoverdays": 189,
        "Periods": 59
      },
      "3": {
        "AnnualRt": -0.008454034017531682,
        "AccumRt": -0.043386102577972596,
        "SR": -0.8690866543326012,
        "MDD": 0.057148764517979345,
        "WinRatio": 0.3898305084745763,
        "WinLossRatio": 0.8271233218757552,
        "Calmar": -0.14793030241050953,
        "MDD_date": 20241128,
        "MDD_lastdays": 1041,
        "MDD_recoverdays": 24,
        "Periods": 59
      },
      "4": {
        "AnnualRt": 0.0037281026410856564,
        "AccumRt": 0.019132622754051587,
        "SR": 0.3971822124300923,
        "MDD": 0.011844708652555824,
        "WinRatio": 0.5254237288135594,
        "WinLossRatio": 1.2425925247951801,
        "Calmar": 0.3147483615210084,
        "MDD_date": 20230308,
        "MDD_lastdays": 47,
        "MDD_recoverdays": 239,
        "Periods": 59
      },
      "5": {
        "AnnualRt": 0.0033361501706228956,
        "AccumRt": 0.017121122675636702,
        "SR": 0.3518950871753236,
        "MDD": 0.0199970032024247,
        "WinRatio": 0.559322033898305,
        "WinLossRatio": 1.0079685597783397,
        "Calmar": 0.16683250669372182,
        "MDD_date": 20210804,
        "MDD_lastdays": 307,
        "MDD_recoverdays": 217,
        "Periods": 59
      }
    }
  },
  "longshort": {
    "eva": {
      "多头超额": {
        "AnnualRt": 0.0033361501706228956,
        "AccumRt": 0.017121122675636702,
        "SR": 0.3518950871753236,
        "MDD": 0.0199970032024247,
        "WinRatio": 0.559322033898305,
        "WinLossRatio": 1.0079685597783397,
        "Calmar": 0.16683250669372182,
        "MDD_date": 20210804,
        "MDD_lastdays": 307,
        "MDD_recoverdays": 217,
        "Periods": 59
      },
      "空头超额": {
        "AnnualRt": 0.0033868721298777127,
        "AccumRt": 0.01738142777053242,
        "SR": 0.36894514920512594,
        "MDD": 0.015513338297194368,
        "WinRatio": 0.5254237288135594,
        "WinLossRatio": 1.1847864874265426,
        "Calmar": 0.21832000727336928,
        "MDD_date": 20220929,
        "MDD_lastdays": 293,
        "MDD_recoverdays": 125,
        "Periods": 59
      },
      "多空": {
        "AnnualRt": -5.072195925481657e-05,
        "AccumRt": -0.0002603050948957186,
        "SR": -0.003420705113683029,
        "MDD": 0.034373680713145505,
        "WinRatio": 0.5084745762711864,
        "WinLossRatio": 0.9644317192610389,
        "Calmar": -0.0014756045381959634,
        "MDD_date": 20241202,
        "MDD_lastdays": 568,
        "MDD_recoverdays": 22,
        "Periods": 59
      }
    }
  },
  "risk_corr": {
    "mean": {}
  }
}