{
  "factor_name": "000001.SZ",
  "timestamp": "2026-06-23T09:19:34.645636",
  "ic": {
    "ic_mean": 0.03586862161404755,
    "ic_std": 0.13128971397980263,
    "icir": 0.2732020698861871,
    "rank_ic_mean": 0.03910693948768276,
    "rank_icir": 0.3320373227365008
  },
  "group": {
    "n_groups": 5,
    "group_eva_exc": {
      "1": {
        "AnnualRt": -0.005695813495727572,
        "AccumRt": -0.029230914860073898,
        "SR": -0.6485410643578268,
        "MDD": 0.029230914860073898,
        "WinRatio": 0.4067796610169492,
        "WinLossRatio": 0.980423720610599,
        "Calmar": -0.19485580670303976,
        "MDD_date": 20241231,
        "MDD_lastdays": 1283,
        "MDD_recoverdays": 1,
        "Periods": 59
      },
      "2": {
        "AnnualRt": -0.004434804316290269,
        "AccumRt": -0.02275941575120166,
        "SR": -0.4838856695439337,
        "MDD": 0.04783268024819587,
        "WinRatio": 0.4576271186440678,
        "WinLossRatio": 0.8180744265404167,
        "Calmar": -0.09271494495559944,
        "MDD_date": 20240208,
        "MDD_lastdays": 977,
        "MDD_recoverdays": 234,
        "Periods": 59
      },
      "3": {
        "AnnualRt": 0.0013406122952827784,
        "AccumRt": 0.00688002229939122,
        "SR": 0.14673381222885215,
        "MDD": 0.02237534584123746,
        "WinRatio": 0.5254237288135594,
        "WinLossRatio": 1.0031405183248492,
        "Calmar": 0.05991470723156592,
        "MDD_date": 20230227,
        "MDD_lastdays": 321,
        "MDD_recoverdays": 225,
        "Periods": 59
      },
      "4": {
        "AnnualRt": -0.0002190938802200558,
        "AccumRt": -0.0011243897932893265,
        "SR": -0.024456558210599624,
        "MDD": 0.01698037229339744,
        "WinRatio": 0.4745762711864407,
        "WinLossRatio": 1.086715642714387,
        "Calmar": -0.01290277247367816,
        "MDD_date": 20241217,
        "MDD_lastdays": 134,
        "MDD_recoverdays": 11,
        "Periods": 59
      },
      "5": {
        "AnnualRt": 0.00856421740044417,
        "AccumRt": 0.04395156369907949,
        "SR": 0.9442136388287862,
        "MDD": 0.00952746467128307,
        "WinRatio": 0.6610169491525424,
        "WinLossRatio": 1.110832965787779,
        "Calmar": 0.8988978386094421,
        "MDD_date": 20240528,
        "MDD_lastdays": 408,
        "MDD_recoverdays": 156,
        "Periods": 59
      }
    }
  },
  "longshort": {
    "eva": {
      "多头超额": {
        "AnnualRt": 0.00856421740044417,
        "AccumRt": 0.04395156369907949,
        "SR": 0.9442136388287862,
        "MDD": 0.00952746467128307,
        "WinRatio": 0.6610169491525424,
        "WinLossRatio": 1.110832965787779,
        "Calmar": 0.8988978386094421,
        "MDD_date": 20240528,
        "MDD_lastdays": 408,
        "MDD_recoverdays": 156,
        "Periods": 59
      },
      "空头超额": {
        "AnnualRt": -0.005695813495727572,
        "AccumRt": -0.029230914860073898,
        "SR": -0.6485410643578268,
        "MDD": 0.029230914860073898,
        "WinRatio": 0.4067796610169492,
        "WinLossRatio": 0.980423720610599,
        "Calmar": -0.19485580670303976,
        "MDD_date": 20241231,
        "MDD_lastdays": 1283,
        "MDD_recoverdays": 1,
        "Periods": 59
      },
      "多空": {
        "AnnualRt": 0.014260030896171722,
        "AccumRt": 0.07318247855915327,
        "SR": 1.0174196091304186,
        "MDD": 0.02312303668655491,
        "WinRatio": 0.6440677966101694,
        "WinLossRatio": 1.1605008346556134,
        "Calmar": 0.6167023427534213,
        "MDD_date": 20230306,
        "MDD_lastdays": 88,
        "MDD_recoverdays": 411,
        "Periods": 59
      }
    }
  },
  "risk_corr": {
    "mean": {}
  }
}