{
  "factor_name": "000001.SZ",
  "timestamp": "2026-06-22T16:44:47.412255",
  "ic": {
    "ic_mean": 0.0075933639063452,
    "ic_std": 0.15014699372395238,
    "icir": 0.050572866748872236,
    "rank_ic_mean": 0.011804579971615199,
    "rank_icir": 0.07552721823680195
  },
  "group": {
    "n_groups": 5,
    "group_eva_exc": {
      "1": {
        "AnnualRt": -0.0038424521559725566,
        "AccumRt": -0.019719464464451164,
        "SR": -0.41633024635518256,
        "MDD": 0.023161298494950855,
        "WinRatio": 0.423728813559322,
        "WinLossRatio": 1.0130638953726976,
        "Calmar": -0.16589968635869912,
        "MDD_date": 20201125,
        "MDD_lastdays": 211,
        "MDD_recoverdays": 1070,
        "Periods": 59
      },
      "2": {
        "AnnualRt": 0.0016472100192125997,
        "AccumRt": 0.008453481818599062,
        "SR": 0.17622240154551308,
        "MDD": 0.026247834409154902,
        "WinRatio": 0.5084745762711864,
        "WinLossRatio": 1.0888738209690947,
        "Calmar": 0.06275603516601257,
        "MDD_date": 20240124,
        "MDD_lastdays": 496,
        "MDD_recoverdays": 245,
        "Periods": 59
      },
      "3": {
        "AnnualRt": -6.225839596681907e-05,
        "AccumRt": -0.00031951008810171544,
        "SR": -0.006584859904610651,
        "MDD": 0.025756460194650832,
        "WinRatio": 0.5423728813559322,
        "WinLossRatio": 0.8398016348660775,
        "Calmar": -0.0024171953558955687,
        "MDD_date": 20241101,
        "MDD_lastdays": 737,
        "MDD_recoverdays": 43,
        "Periods": 59
      },
      "4": {
        "AnnualRt": -0.0035055285971802657,
        "AccumRt": -0.017990372760729123,
        "SR": -0.39806020932811353,
        "MDD": 0.028578812171414114,
        "WinRatio": 0.423728813559322,
        "WinLossRatio": 0.945351911712945,
        "Calmar": -0.1226618019025529,
        "MDD_date": 20241220,
        "MDD_lastdays": 867,
        "MDD_recoverdays": 8,
        "Periods": 59
      },
      "5": {
        "AnnualRt": 0.005018702509630882,
        "AccumRt": 0.025755981279425688,
        "SR": 0.5244313445944315,
        "MDD": 0.022651999535737932,
        "WinRatio": 0.6101694915254238,
        "WinLossRatio": 0.8955631234375313,
        "Calmar": 0.2215567107757045,
        "MDD_date": 20220209,
        "MDD_lastdays": 493,
        "MDD_recoverdays": 160,
        "Periods": 59
      }
    }
  },
  "longshort": {
    "eva": {
      "多头超额": {
        "AnnualRt": 0.005018702509630882,
        "AccumRt": 0.025755981279425688,
        "SR": 0.5244313445944315,
        "MDD": 0.022651999535737932,
        "WinRatio": 0.6101694915254238,
        "WinLossRatio": 0.8955631234375313,
        "Calmar": 0.2215567107757045,
        "MDD_date": 20220209,
        "MDD_lastdays": 493,
        "MDD_recoverdays": 160,
        "Periods": 59
      },
      "空头超额": {
        "AnnualRt": -0.0038424521559725566,
        "AccumRt": -0.019719464464451164,
        "SR": -0.41633024635518256,
        "MDD": 0.023161298494950855,
        "WinRatio": 0.423728813559322,
        "WinLossRatio": 1.0130638953726976,
        "Calmar": -0.16589968635869912,
        "MDD_date": 20201125,
        "MDD_lastdays": 211,
        "MDD_recoverdays": 1070,
        "Periods": 59
      },
      "多空": {
        "AnnualRt": 0.00886115466560344,
        "AccumRt": 0.04547544574387685,
        "SR": 0.5934690410868051,
        "MDD": 0.028137121639514318,
        "WinRatio": 0.559322033898305,
        "WinLossRatio": 1.1708670140272934,
        "Calmar": 0.3149275458637991,
        "MDD_date": 20210707,
        "MDD_lastdays": 96,
        "MDD_recoverdays": 324,
        "Periods": 59
      }
    }
  },
  "risk_corr": {
    "mean": {}
  }
}