{
  "factor_name": "000001.SZ",
  "timestamp": "2026-06-23T01:16:42.829634",
  "ic": {
    "ic_mean": -0.02554918816132528,
    "ic_std": 0.15271888565129027,
    "icir": -0.1672955381540883,
    "rank_ic_mean": -0.02799565263719783,
    "rank_icir": -0.18187369245104631
  },
  "group": {
    "n_groups": 5,
    "group_eva_exc": {
      "1": {
        "AnnualRt": 0.0042454561178517855,
        "AccumRt": 0.021787680796815367,
        "SR": 0.47032109184023346,
        "MDD": 0.013193722115075412,
        "WinRatio": 0.5254237288135594,
        "WinLossRatio": 1.2234543019025979,
        "Calmar": 0.32177850047340634,
        "MDD_date": 20200622,
        "MDD_lastdays": 94,
        "MDD_recoverdays": 212,
        "Periods": 59
      },
      "2": {
        "AnnualRt": 0.0034762933982401068,
        "AccumRt": 0.01784033771976823,
        "SR": 0.38818411056803115,
        "MDD": 0.018013181232781506,
        "WinRatio": 0.5084745762711864,
        "WinLossRatio": 1.2754963471512542,
        "Calmar": 0.192986089093121,
        "MDD_date": 20230217,
        "MDD_lastdays": 328,
        "MDD_recoverdays": 184,
        "Periods": 59
      },
      "3": {
        "AnnualRt": -0.0039871778567894456,
        "AccumRt": -0.02046219676104344,
        "SR": -0.4124144968395456,
        "MDD": 0.035654518833885374,
        "WinRatio": 0.4745762711864407,
        "WinLossRatio": 0.8463033817963564,
        "Calmar": -0.11182812129272399,
        "MDD_date": 20241230,
        "MDD_lastdays": 656,
        "MDD_recoverdays": 2,
        "Periods": 59
      },
      "4": {
        "AnnualRt": 0.002166751567736156,
        "AccumRt": 0.011119769045621952,
        "SR": 0.24174098244290204,
        "MDD": 0.01545852321113994,
        "WinRatio": 0.5254237288135594,
        "WinLossRatio": 1.0768782357032098,
        "Calmar": 0.1401654956389832,
        "MDD_date": 20220802,
        "MDD_lastdays": 557,
        "MDD_recoverdays": 217,
        "Periods": 59
      },
      "5": {
        "AnnualRt": -0.005690880034407366,
        "AccumRt": -0.0292055963365786,
        "SR": -0.6366962236522382,
        "MDD": 0.04560819082139145,
        "WinRatio": 0.3898305084745763,
        "WinLossRatio": 0.9998604362161124,
        "Calmar": -0.12477758779544029,
        "MDD_date": 20231128,
        "MDD_lastdays": 870,
        "MDD_recoverdays": 286,
        "Periods": 59
      }
    }
  },
  "longshort": {
    "eva": {
      "多头超额": {
        "AnnualRt": -0.005690880034407366,
        "AccumRt": -0.0292055963365786,
        "SR": -0.6366962236522382,
        "MDD": 0.04560819082139145,
        "WinRatio": 0.3898305084745763,
        "WinLossRatio": 0.9998604362161124,
        "Calmar": -0.12477758779544029,
        "MDD_date": 20231128,
        "MDD_lastdays": 870,
        "MDD_recoverdays": 286,
        "Periods": 59
      },
      "空头超额": {
        "AnnualRt": 0.0042454561178517855,
        "AccumRt": 0.021787680796815367,
        "SR": 0.47032109184023346,
        "MDD": 0.013193722115075412,
        "WinRatio": 0.5254237288135594,
        "WinLossRatio": 1.2234543019025979,
        "Calmar": 0.32177850047340634,
        "MDD_date": 20200622,
        "MDD_lastdays": 94,
        "MDD_recoverdays": 212,
        "Periods": 59
      },
      "多空": {
        "AnnualRt": -0.009936336152259152,
        "AccumRt": -0.050993277133393966,
        "SR": -0.6978083757767501,
        "MDD": 0.08104504776813004,
        "WinRatio": 0.4576271186440678,
        "WinLossRatio": 0.7461542821104061,
        "Calmar": -0.1226026318188746,
        "MDD_date": 20231128,
        "MDD_lastdays": 870,
        "MDD_recoverdays": 286,
        "Periods": 59
      }
    }
  },
  "risk_corr": {
    "mean": {}
  }
}