{
  "factor_name": "000001.SZ",
  "timestamp": "2026-06-23T08:47:00.725652",
  "ic": {
    "ic_mean": -0.03718141436207449,
    "ic_std": 0.21495062307368845,
    "icir": -0.172976536799003,
    "rank_ic_mean": -0.048938110499439365,
    "rank_icir": -0.2307336604291962
  },
  "group": {
    "n_groups": 5,
    "group_eva_exc": {
      "1": {
        "AnnualRt": 0.005154749725028599,
        "AccumRt": 0.026454175588846773,
        "SR": 0.45264811223531737,
        "MDD": 0.02252625384060969,
        "WinRatio": 0.559322033898305,
        "WinLossRatio": 1.0578474104048032,
        "Calmar": 0.22883297691228902,
        "MDD_date": 20210902,
        "MDD_lastdays": 262,
        "MDD_recoverdays": 478,
        "Periods": 59
      },
      "2": {
        "AnnualRt": 0.003779403366554694,
        "AccumRt": 0.01939589807715869,
        "SR": 0.32341274327228414,
        "MDD": 0.021498119058544707,
        "WinRatio": 0.5423728813559322,
        "WinLossRatio": 1.0776586499598286,
        "Calmar": 0.17580158321118428,
        "MDD_date": 20200624,
        "MDD_lastdays": 81,
        "MDD_recoverdays": 146,
        "Periods": 59
      },
      "3": {
        "AnnualRt": 0.008132514521685804,
        "AccumRt": 0.04173606452529155,
        "SR": 0.6942809831961557,
        "MDD": 0.02080794697334487,
        "WinRatio": 0.576271186440678,
        "WinLossRatio": 1.265241365219216,
        "Calmar": 0.39083694956083914,
        "MDD_date": 20240605,
        "MDD_lastdays": 370,
        "MDD_recoverdays": 150,
        "Periods": 59
      },
      "4": {
        "AnnualRt": -0.009638852796319273,
        "AccumRt": -0.04946659255071051,
        "SR": -0.8044336173384773,
        "MDD": 0.05735568547218284,
        "WinRatio": 0.3898305084745763,
        "WinLossRatio": 0.9198868970337458,
        "Calmar": -0.16805400749667718,
        "MDD_date": 20241219,
        "MDD_lastdays": 1084,
        "MDD_recoverdays": 9,
        "Periods": 59
      },
      "5": {
        "AnnualRt": -0.0077642892635620036,
        "AccumRt": -0.03984633250060021,
        "SR": -0.6582385876352255,
        "MDD": 0.047159965176847396,
        "WinRatio": 0.4406779661016949,
        "WinLossRatio": 0.8276252799944859,
        "Calmar": -0.16463729848922334,
        "MDD_date": 20241125,
        "MDD_lastdays": 1125,
        "MDD_recoverdays": 27,
        "Periods": 59
      }
    }
  },
  "longshort": {
    "eva": {
      "多头超额": {
        "AnnualRt": -0.0077642892635620036,
        "AccumRt": -0.03984633250060021,
        "SR": -0.6582385876352255,
        "MDD": 0.047159965176847396,
        "WinRatio": 0.4406779661016949,
        "WinLossRatio": 0.8276252799944859,
        "Calmar": -0.16463729848922334,
        "MDD_date": 20241125,
        "MDD_lastdays": 1125,
        "MDD_recoverdays": 27,
        "Periods": 59
      },
      "空头超额": {
        "AnnualRt": 0.005154749725028599,
        "AccumRt": 0.026454175588846773,
        "SR": 0.45264811223531737,
        "MDD": 0.02252625384060969,
        "WinRatio": 0.559322033898305,
        "WinLossRatio": 1.0578474104048032,
        "Calmar": 0.22883297691228902,
        "MDD_date": 20210902,
        "MDD_lastdays": 262,
        "MDD_recoverdays": 478,
        "Periods": 59
      },
      "多空": {
        "AnnualRt": -0.012919038988590604,
        "AccumRt": -0.06630050808944699,
        "SR": -0.7174755984343576,
        "MDD": 0.08142647678215986,
        "WinRatio": 0.4406779661016949,
        "WinLossRatio": 0.8402745442584826,
        "Calmar": -0.15865894607171682,
        "MDD_date": 20241125,
        "MDD_lastdays": 845,
        "MDD_recoverdays": 27,
        "Periods": 59
      }
    }
  },
  "risk_corr": {
    "mean": {}
  }
}