{
  "factor_name": "000001.SZ",
  "timestamp": "2026-06-23T00:10:57.994711",
  "ic": {
    "ic_mean": 0.01918911213256201,
    "ic_std": 0.1588857042997983,
    "icir": 0.12077305643781805,
    "rank_ic_mean": 0.010058531027257754,
    "rank_icir": 0.06048944103996214
  },
  "group": {
    "n_groups": 5,
    "group_eva_exc": {
      "1": {
        "AnnualRt": 0.0006378610937604747,
        "AccumRt": 0.0032735031331787567,
        "SR": 0.06846545000964813,
        "MDD": 0.02691159738887494,
        "WinRatio": 0.5084745762711864,
        "WinLossRatio": 1.0073274061809523,
        "Calmar": 0.023702089643484407,
        "MDD_date": 20230913,
        "MDD_lastdays": 536,
        "MDD_recoverdays": 340,
        "Periods": 59
      },
      "2": {
        "AnnualRt": -0.0003575653460815217,
        "AccumRt": -0.0018350253560903695,
        "SR": -0.03947076850106456,
        "MDD": 0.018034822395041283,
        "WinRatio": 0.4915254237288136,
        "WinLossRatio": 1.005588450761566,
        "Calmar": -0.01982638576911271,
        "MDD_date": 20240715,
        "MDD_lastdays": 146,
        "MDD_recoverdays": 122,
        "Periods": 59
      },
      "3": {
        "AnnualRt": -0.0013440716231232206,
        "AccumRt": -0.00689777556986837,
        "SR": -0.14157008316515093,
        "MDD": 0.029350975470926688,
        "WinRatio": 0.4745762711864407,
        "WinLossRatio": 0.9988135014650248,
        "Calmar": -0.04579308188426573,
        "MDD_date": 20240904,
        "MDD_lastdays": 989,
        "MDD_recoverdays": 85,
        "Periods": 59
      },
      "4": {
        "AnnualRt": 0.0013237393335522347,
        "AccumRt": 0.0067934302597900675,
        "SR": 0.14175646504939768,
        "MDD": 0.01822069746402777,
        "WinRatio": 0.5084745762711864,
        "WinLossRatio": 1.0716436696070164,
        "Calmar": 0.07265031078890523,
        "MDD_date": 20210831,
        "MDD_lastdays": 411,
        "MDD_recoverdays": 434,
        "Periods": 59
      },
      "5": {
        "AnnualRt": -0.0007175140745663407,
        "AccumRt": -0.0036822822306744607,
        "SR": -0.07535303730899645,
        "MDD": 0.021817101414350226,
        "WinRatio": 0.4745762711864407,
        "WinLossRatio": 1.051956521199473,
        "Calmar": -0.0328876903003437,
        "MDD_date": 20241114,
        "MDD_lastdays": 413,
        "MDD_recoverdays": 34,
        "Periods": 59
      }
    }
  },
  "longshort": {
    "eva": {
      "多头超额": {
        "AnnualRt": -0.0007175140745663407,
        "AccumRt": -0.0036822822306744607,
        "SR": -0.07535303730899645,
        "MDD": 0.021817101414350226,
        "WinRatio": 0.4745762711864407,
        "WinLossRatio": 1.051956521199473,
        "Calmar": -0.0328876903003437,
        "MDD_date": 20241114,
        "MDD_lastdays": 413,
        "MDD_recoverdays": 34,
        "Periods": 59
      },
      "空头超额": {
        "AnnualRt": 0.0006378610937604747,
        "AccumRt": 0.0032735031331787567,
        "SR": 0.06846545000964813,
        "MDD": 0.02691159738887494,
        "WinRatio": 0.5084745762711864,
        "WinLossRatio": 1.0073274061809523,
        "Calmar": 0.023702089643484407,
        "MDD_date": 20230913,
        "MDD_lastdays": 536,
        "MDD_recoverdays": 340,
        "Periods": 59
      },
      "多空": {
        "AnnualRt": -0.0013553751683268154,
        "AccumRt": -0.0069557853638532174,
        "SR": -0.09172685122176055,
        "MDD": 0.03506043573023154,
        "WinRatio": 0.5254237288135594,
        "WinLossRatio": 0.8505805334352325,
        "Calmar": -0.038658252246366605,
        "MDD_date": 20241107,
        "MDD_lastdays": 307,
        "MDD_recoverdays": 39,
        "Periods": 59
      }
    }
  },
  "risk_corr": {
    "mean": {}
  }
}