{
  "factor_name": "000001.SZ",
  "timestamp": "2026-06-23T08:29:46.708296",
  "ic": {
    "ic_mean": 0.03859836729078309,
    "ic_std": 0.11856300879347101,
    "icir": 0.32555151630825185,
    "rank_ic_mean": 0.036023140576241196,
    "rank_icir": 0.3364525969636937
  },
  "group": {
    "n_groups": 5,
    "group_eva_exc": {
      "1": {
        "AnnualRt": -0.006914361390011945,
        "AccumRt": -0.035484502653541306,
        "SR": -0.7951344639748728,
        "MDD": 0.040428265627707516,
        "WinRatio": 0.3728813559322034,
        "WinLossRatio": 0.8196881914596896,
        "Calmar": -0.17102790047152522,
        "MDD_date": 20230620,
        "MDD_lastdays": 880,
        "MDD_recoverdays": 401,
        "Periods": 59
      },
      "2": {
        "AnnualRt": -0.0020586693331603716,
        "AccumRt": -0.010565091017779027,
        "SR": -0.23459459524328907,
        "MDD": 0.02435951054808627,
        "WinRatio": 0.4915254237288136,
        "WinLossRatio": 0.8831897159023828,
        "Calmar": -0.0845119334026235,
        "MDD_date": 20240216,
        "MDD_lastdays": 1007,
        "MDD_recoverdays": 228,
        "Periods": 59
      },
      "3": {
        "AnnualRt": -0.003914665238534592,
        "AccumRt": -0.020090062004159526,
        "SR": -0.43974169335802976,
        "MDD": 0.027091587237093373,
        "WinRatio": 0.4576271186440678,
        "WinLossRatio": 0.8467076716548682,
        "Calmar": -0.14449744875688544,
        "MDD_date": 20241206,
        "MDD_lastdays": 423,
        "MDD_recoverdays": 18,
        "Periods": 59
      },
      "4": {
        "AnnualRt": 0.008601552336097142,
        "AccumRt": 0.044143166588850535,
        "SR": 0.922001958593897,
        "MDD": 0.015700729001812186,
        "WinRatio": 0.5932203389830508,
        "WinLossRatio": 1.3336794041655802,
        "Calmar": 0.5478441373712231,
        "MDD_date": 20221114,
        "MDD_lastdays": 278,
        "MDD_recoverdays": 157,
        "Periods": 59
      },
      "5": {
        "AnnualRt": 0.0037713402854536136,
        "AccumRt": 0.019354518344947946,
        "SR": 0.4246211067921616,
        "MDD": 0.012652015067037614,
        "WinRatio": 0.559322033898305,
        "WinLossRatio": 1.0681536121459574,
        "Calmar": 0.2980821841794287,
        "MDD_date": 20210927,
        "MDD_lastdays": 154,
        "MDD_recoverdays": 105,
        "Periods": 59
      }
    }
  },
  "longshort": {
    "eva": {
      "多头超额": {
        "AnnualRt": 0.0037713402854536136,
        "AccumRt": 0.019354518344947946,
        "SR": 0.4246211067921616,
        "MDD": 0.012652015067037614,
        "WinRatio": 0.559322033898305,
        "WinLossRatio": 1.0681536121459574,
        "Calmar": 0.2980821841794287,
        "MDD_date": 20210927,
        "MDD_lastdays": 154,
        "MDD_recoverdays": 105,
        "Periods": 59
      },
      "空头超额": {
        "AnnualRt": -0.006914361390011945,
        "AccumRt": -0.035484502653541306,
        "SR": -0.7951344639748728,
        "MDD": 0.040428265627707516,
        "WinRatio": 0.3728813559322034,
        "WinLossRatio": 0.8196881914596896,
        "Calmar": -0.17102790047152522,
        "MDD_date": 20230620,
        "MDD_lastdays": 880,
        "MDD_recoverdays": 401,
        "Periods": 59
      },
      "多空": {
        "AnnualRt": 0.010685701675465559,
        "AccumRt": 0.05483902099848925,
        "SR": 0.7749694415598423,
        "MDD": 0.01668134536311816,
        "WinRatio": 0.6101694915254238,
        "WinLossRatio": 1.1992742823709812,
        "Calmar": 0.6405779295890157,
        "MDD_date": 20240513,
        "MDD_lastdays": 235,
        "MDD_recoverdays": 167,
        "Periods": 59
      }
    }
  },
  "risk_corr": {
    "mean": {}
  }
}