{
  "factor_name": "000001.SZ",
  "timestamp": "2026-06-23T00:31:45.603526",
  "ic": {
    "ic_mean": -0.02580825524455978,
    "ic_std": 0.16330001721384038,
    "icir": -0.15804196279271684,
    "rank_ic_mean": -0.019776116897674938,
    "rank_icir": -0.12480369232841415
  },
  "group": {
    "n_groups": 5,
    "group_eva_exc": {
      "1": {
        "AnnualRt": 0.003988864421899369,
        "AccumRt": 0.020470852213187563,
        "SR": 0.452642206575326,
        "MDD": 0.018990410926412404,
        "WinRatio": 0.576271186440678,
        "WinLossRatio": 0.9985366424201811,
        "Calmar": 0.21004624056615553,
        "MDD_date": 20240221,
        "MDD_lastdays": 103,
        "MDD_recoverdays": 168,
        "Periods": 59
      },
      "2": {
        "AnnualRt": -0.0033288229371266054,
        "AccumRt": -0.01708351931333374,
        "SR": -0.37105853851321746,
        "MDD": 0.029326364862290455,
        "WinRatio": 0.4915254237288136,
        "WinLossRatio": 0.7743573037023713,
        "Calmar": -0.11350956563344813,
        "MDD_date": 20241028,
        "MDD_lastdays": 713,
        "MDD_recoverdays": 47,
        "Periods": 59
      },
      "3": {
        "AnnualRt": 0.010037311429843224,
        "AccumRt": 0.05151148225795543,
        "SR": 1.102183179329711,
        "MDD": 0.0067826458589537175,
        "WinRatio": 0.6101694915254238,
        "WinLossRatio": 1.6482742503819434,
        "Calmar": 1.4798519100909637,
        "MDD_date": 20220830,
        "MDD_lastdays": 31,
        "MDD_recoverdays": 45,
        "Periods": 59
      },
      "4": {
        "AnnualRt": -0.004247651047487469,
        "AccumRt": -0.021798945175705686,
        "SR": -0.4747481896318774,
        "MDD": 0.03195622310972668,
        "WinRatio": 0.423728813559322,
        "WinLossRatio": 0.9706834723592767,
        "Calmar": -0.1329209347707486,
        "MDD_date": 20241231,
        "MDD_lastdays": 915,
        "MDD_recoverdays": 1,
        "Periods": 59
      },
      "5": {
        "AnnualRt": -0.0059250692254779564,
        "AccumRt": -0.030407455265152872,
        "SR": -0.6538517391502379,
        "MDD": 0.04888734126105687,
        "WinRatio": 0.4745762711864407,
        "WinLossRatio": 0.7426999839485832,
        "Calmar": -0.12119843445439735,
        "MDD_date": 20231207,
        "MDD_lastdays": 929,
        "MDD_recoverdays": 279,
        "Periods": 59
      }
    }
  },
  "longshort": {
    "eva": {
      "多头超额": {
        "AnnualRt": -0.0059250692254779564,
        "AccumRt": -0.030407455265152872,
        "SR": -0.6538517391502379,
        "MDD": 0.04888734126105687,
        "WinRatio": 0.4745762711864407,
        "WinLossRatio": 0.7426999839485832,
        "Calmar": -0.12119843445439735,
        "MDD_date": 20231207,
        "MDD_lastdays": 929,
        "MDD_recoverdays": 279,
        "Periods": 59
      },
      "空头超额": {
        "AnnualRt": 0.003988864421899369,
        "AccumRt": 0.020470852213187563,
        "SR": 0.452642206575326,
        "MDD": 0.018990410926412404,
        "WinRatio": 0.576271186440678,
        "WinLossRatio": 0.9985366424201811,
        "Calmar": 0.21004624056615553,
        "MDD_date": 20240221,
        "MDD_lastdays": 103,
        "MDD_recoverdays": 168,
        "Periods": 59
      },
      "多空": {
        "AnnualRt": -0.009913933647377323,
        "AccumRt": -0.050878307478340434,
        "SR": -0.7138157117318827,
        "MDD": 0.06990618074840926,
        "WinRatio": 0.4067796610169492,
        "WinLossRatio": 0.96981664597775,
        "Calmar": -0.1418176982527102,
        "MDD_date": 20241112,
        "MDD_lastdays": 1184,
        "MDD_recoverdays": 36,
        "Periods": 59
      }
    }
  },
  "risk_corr": {
    "mean": {}
  }
}