{
  "factor_name": "000001.SZ",
  "timestamp": "2026-06-22T17:09:12.750674",
  "ic": {
    "ic_mean": 0.0015865808663470505,
    "ic_std": 0.14033660299102263,
    "icir": 0.011305538487692656,
    "rank_ic_mean": -0.014820018526790135,
    "rank_icir": -0.10196829694080382
  },
  "group": {
    "n_groups": 5,
    "group_eva_exc": {
      "1": {
        "AnnualRt": 0.0025200224555129934,
        "AccumRt": 0.012932755241692684,
        "SR": 0.2789403174189613,
        "MDD": 0.019733378513722033,
        "WinRatio": 0.4576271186440678,
        "WinLossRatio": 1.5121555964387543,
        "Calmar": 0.12770354826775562,
        "MDD_date": 20231128,
        "MDD_lastdays": 340,
        "MDD_recoverdays": 286,
        "Periods": 59
      },
      "2": {
        "AnnualRt": -0.003744781772104608,
        "AccumRt": -0.01921822005444085,
        "SR": -0.39784566968135704,
        "MDD": 0.04228076552604587,
        "WinRatio": 0.4067796610169492,
        "WinLossRatio": 1.0513942908958598,
        "Calmar": -0.088569393801485,
        "MDD_date": 20221215,
        "MDD_lastdays": 593,
        "MDD_recoverdays": 534,
        "Periods": 59
      },
      "3": {
        "AnnualRt": 0.0029884915830818027,
        "AccumRt": 0.01533693880437581,
        "SR": 0.3079667957487555,
        "MDD": 0.012413718681547503,
        "WinRatio": 0.5254237288135594,
        "WinLossRatio": 1.125956725276779,
        "Calmar": 0.24074104301429644,
        "MDD_date": 20220701,
        "MDD_lastdays": 369,
        "MDD_recoverdays": 233,
        "Periods": 59
      },
      "4": {
        "AnnualRt": 0.005206997538365585,
        "AccumRt": 0.026722311366892182,
        "SR": 0.5557796394296556,
        "MDD": 0.014760797713230467,
        "WinRatio": 0.5254237288135594,
        "WinLossRatio": 1.3313071845531117,
        "Calmar": 0.3527585459489378,
        "MDD_date": 20241219,
        "MDD_lastdays": 305,
        "MDD_recoverdays": 9,
        "Periods": 59
      },
      "5": {
        "AnnualRt": -0.00657873578637582,
        "AccumRt": -0.033762072055680714,
        "SR": -0.7107962147661634,
        "MDD": 0.03841430500255205,
        "WinRatio": 0.4067796610169492,
        "WinLossRatio": 0.8699078186856968,
        "Calmar": -0.17125744656681313,
        "MDD_date": 20240401,
        "MDD_lastdays": 1072,
        "MDD_recoverdays": 197,
        "Periods": 59
      }
    }
  },
  "longshort": {
    "eva": {
      "多头超额": {
        "AnnualRt": -0.00657873578637582,
        "AccumRt": -0.033762072055680714,
        "SR": -0.7107962147661634,
        "MDD": 0.03841430500255205,
        "WinRatio": 0.4067796610169492,
        "WinLossRatio": 0.8699078186856968,
        "Calmar": -0.17125744656681313,
        "MDD_date": 20240401,
        "MDD_lastdays": 1072,
        "MDD_recoverdays": 197,
        "Periods": 59
      },
      "空头超额": {
        "AnnualRt": 0.0025200224555129934,
        "AccumRt": 0.012932755241692684,
        "SR": 0.2789403174189613,
        "MDD": 0.019733378513722033,
        "WinRatio": 0.4576271186440678,
        "WinLossRatio": 1.5121555964387543,
        "Calmar": 0.12770354826775562,
        "MDD_date": 20231128,
        "MDD_lastdays": 340,
        "MDD_recoverdays": 286,
        "Periods": 59
      },
      "多空": {
        "AnnualRt": -0.009098758241888813,
        "AccumRt": -0.0466948272973734,
        "SR": -0.6268350570388911,
        "MDD": 0.05216356617178264,
        "WinRatio": 0.423728813559322,
        "WinLossRatio": 0.8423459930784254,
        "Calmar": -0.17442745789130298,
        "MDD_date": 20241231,
        "MDD_lastdays": 1243,
        "MDD_recoverdays": 1,
        "Periods": 59
      }
    }
  },
  "risk_corr": {
    "mean": {}
  }
}