{
  "factor_name": "000001.SZ",
  "timestamp": "2026-06-23T00:02:58.000019",
  "ic": {
    "ic_mean": 0.00550292369461023,
    "ic_std": 0.14184338557092113,
    "icir": 0.03879577234046483,
    "rank_ic_mean": 0.0037542931487250762,
    "rank_icir": 0.025565502393983364
  },
  "group": {
    "n_groups": 5,
    "group_eva_exc": {
      "1": {
        "AnnualRt": 0.0005407362675848184,
        "AccumRt": 0.0027750585252452886,
        "SR": 0.060075979765608266,
        "MDD": 0.02248455046689135,
        "WinRatio": 0.4745762711864407,
        "WinLossRatio": 1.1641728483183234,
        "Calmar": 0.024049236313665963,
        "MDD_date": 20240405,
        "MDD_lastdays": 628,
        "MDD_recoverdays": 193,
        "Periods": 59
      },
      "2": {
        "AnnualRt": -2.5747679916609687e-05,
        "AccumRt": -0.00013213709333204093,
        "SR": -0.0027515997930695154,
        "MDD": 0.021582628765259182,
        "WinRatio": 0.4745762711864407,
        "WinLossRatio": 1.104907164017381,
        "Calmar": -0.0011929816426280216,
        "MDD_date": 20240401,
        "MDD_lastdays": 715,
        "MDD_recoverdays": 197,
        "Periods": 59
      },
      "3": {
        "AnnualRt": -0.005680963379612794,
        "AccumRt": -0.029154704064172865,
        "SR": -0.5878133828018585,
        "MDD": 0.045935219116514214,
        "WinRatio": 0.423728813559322,
        "WinLossRatio": 0.9349111498246296,
        "Calmar": -0.12367337064841442,
        "MDD_date": 20230710,
        "MDD_lastdays": 827,
        "MDD_recoverdays": 387,
        "Periods": 59
      },
      "4": {
        "AnnualRt": 0.00016656161268337614,
        "AccumRt": 0.0008547941962910865,
        "SR": 0.018509460283176824,
        "MDD": 0.02008983024287736,
        "WinRatio": 0.5254237288135594,
        "WinLossRatio": 0.9152175683736203,
        "Calmar": 0.008290842215674213,
        "MDD_date": 20241230,
        "MDD_lastdays": 381,
        "MDD_recoverdays": 2,
        "Periods": 59
      },
      "5": {
        "AnnualRt": 0.004726681248985143,
        "AccumRt": 0.02425732816979176,
        "SR": 0.5157087021912645,
        "MDD": 0.015526445024643176,
        "WinRatio": 0.559322033898305,
        "WinLossRatio": 1.129360280765427,
        "Calmar": 0.30442778378972624,
        "MDD_date": 20210528,
        "MDD_lastdays": 330,
        "MDD_recoverdays": 145,
        "Periods": 59
      }
    }
  },
  "longshort": {
    "eva": {
      "多头超额": {
        "AnnualRt": 0.004726681248985143,
        "AccumRt": 0.02425732816979176,
        "SR": 0.5157087021912645,
        "MDD": 0.015526445024643176,
        "WinRatio": 0.559322033898305,
        "WinLossRatio": 1.129360280765427,
        "Calmar": 0.30442778378972624,
        "MDD_date": 20210528,
        "MDD_lastdays": 330,
        "MDD_recoverdays": 145,
        "Periods": 59
      },
      "空头超额": {
        "AnnualRt": 0.0005407362675848184,
        "AccumRt": 0.0027750585252452886,
        "SR": 0.060075979765608266,
        "MDD": 0.02248455046689135,
        "WinRatio": 0.4745762711864407,
        "WinLossRatio": 1.1641728483183234,
        "Calmar": 0.024049236313665963,
        "MDD_date": 20240405,
        "MDD_lastdays": 628,
        "MDD_recoverdays": 193,
        "Periods": 59
      },
      "多空": {
        "AnnualRt": 0.004185944981400325,
        "AccumRt": 0.02148226964454647,
        "SR": 0.2905561213061135,
        "MDD": 0.0215271393747144,
        "WinRatio": 0.5254237288135594,
        "WinLossRatio": 1.1226550909111752,
        "Calmar": 0.1944496622861606,
        "MDD_date": 20241203,
        "MDD_lastdays": 173,
        "MDD_recoverdays": 21,
        "Periods": 59
      }
    }
  },
  "risk_corr": {
    "mean": {}
  }
}