{
  "factor_name": "000001.SZ",
  "timestamp": "2026-06-23T00:03:19.085516",
  "ic": {
    "ic_mean": 0.010572169709675868,
    "ic_std": 0.16775321262775877,
    "icir": 0.06302215942138356,
    "rank_ic_mean": 0.0004213440194240439,
    "rank_icir": 0.0025582502550846333
  },
  "group": {
    "n_groups": 5,
    "group_eva_exc": {
      "1": {
        "AnnualRt": 0.0014370659161582957,
        "AccumRt": 0.007375022281724375,
        "SR": 0.1517604455582081,
        "MDD": 0.0217725723898764,
        "WinRatio": 0.4576271186440678,
        "WinLossRatio": 1.3285951254918498,
        "Calmar": 0.06600349698809539,
        "MDD_date": 20221209,
        "MDD_lastdays": 365,
        "MDD_recoverdays": 538,
        "Periods": 59
      },
      "2": {
        "AnnualRt": -0.003700310946057919,
        "AccumRt": -0.018989995775169244,
        "SR": -0.3883156780138922,
        "MDD": 0.02520703291914772,
        "WinRatio": 0.4576271186440678,
        "WinLossRatio": 0.8550865680539034,
        "Calmar": -0.14679676731199473,
        "MDD_date": 20241018,
        "MDD_lastdays": 883,
        "MDD_recoverdays": 53,
        "Periods": 59
      },
      "3": {
        "AnnualRt": -0.0029383648424546626,
        "AccumRt": -0.015079688371477329,
        "SR": -0.3162040284532568,
        "MDD": 0.03392256805752292,
        "WinRatio": 0.3898305084745763,
        "WinLossRatio": 1.2028460002925203,
        "Calmar": -0.08661976408955953,
        "MDD_date": 20220404,
        "MDD_lastdays": 561,
        "MDD_recoverdays": 717,
        "Periods": 59
      },
      "4": {
        "AnnualRt": 0.007693523297312307,
        "AccumRt": 0.03948316156180676,
        "SR": 0.785344993256869,
        "MDD": 0.017538909545130488,
        "WinRatio": 0.6440677966101694,
        "WinLossRatio": 1.0330489920081463,
        "Calmar": 0.4386545969414809,
        "MDD_date": 20230825,
        "MDD_lastdays": 169,
        "MDD_recoverdays": 274,
        "Periods": 59
      },
      "5": {
        "AnnualRt": -0.002616721362593775,
        "AccumRt": -0.013429014032831255,
        "SR": -0.2803249829398766,
        "MDD": 0.02244876864932166,
        "WinRatio": 0.4915254237288136,
        "WinLossRatio": 0.8353886951156106,
        "Calmar": -0.11656413781398407,
        "MDD_date": 20241021,
        "MDD_lastdays": 331,
        "MDD_recoverdays": 52,
        "Periods": 59
      }
    }
  },
  "longshort": {
    "eva": {
      "多头超额": {
        "AnnualRt": -0.002616721362593775,
        "AccumRt": -0.013429014032831255,
        "SR": -0.2803249829398766,
        "MDD": 0.02244876864932166,
        "WinRatio": 0.4915254237288136,
        "WinLossRatio": 0.8353886951156106,
        "Calmar": -0.11656413781398407,
        "MDD_date": 20241021,
        "MDD_lastdays": 331,
        "MDD_recoverdays": 52,
        "Periods": 59
      },
      "空头超额": {
        "AnnualRt": 0.0014370659161582957,
        "AccumRt": 0.007375022281724375,
        "SR": 0.1517604455582081,
        "MDD": 0.0217725723898764,
        "WinRatio": 0.4576271186440678,
        "WinLossRatio": 1.3285951254918498,
        "Calmar": 0.06600349698809539,
        "MDD_date": 20221209,
        "MDD_lastdays": 365,
        "MDD_recoverdays": 538,
        "Periods": 59
      },
      "多空": {
        "AnnualRt": -0.004053787278752071,
        "AccumRt": -0.02080403631455563,
        "SR": -0.2703243982046402,
        "MDD": 0.03554833683100378,
        "WinRatio": 0.4915254237288136,
        "WinLossRatio": 0.8571861678668214,
        "Calmar": -0.11403591954311984,
        "MDD_date": 20210625,
        "MDD_lastdays": 353,
        "MDD_recoverdays": 267,
        "Periods": 59
      }
    }
  },
  "risk_corr": {
    "mean": {}
  }
}