{
  "factor_name": "000001.SZ",
  "timestamp": "2026-06-22T16:59:44.982996",
  "ic": {
    "ic_mean": -0.02580825524455978,
    "ic_std": 0.16330001721384038,
    "icir": -0.15804196279271684,
    "rank_ic_mean": -0.019776116897674938,
    "rank_icir": -0.12480369232841415
  },
  "group": {
    "n_groups": 5,
    "group_eva_exc": {
      "1": {
        "AnnualRt": 0.004197238207219273,
        "AccumRt": 0.02154022647944931,
        "SR": 0.48603502091314676,
        "MDD": 0.019628843608995195,
        "WinRatio": 0.559322033898305,
        "WinLossRatio": 1.0924211112263105,
        "Calmar": 0.2138301313530171,
        "MDD_date": 20240221,
        "MDD_lastdays": 103,
        "MDD_recoverdays": 168,
        "Periods": 59
      },
      "2": {
        "AnnualRt": -0.003857329069807326,
        "AccumRt": -0.0197958127862512,
        "SR": -0.43122818670884655,
        "MDD": 0.03282009896420923,
        "WinRatio": 0.4576271186440678,
        "WinLossRatio": 0.8395691946612457,
        "Calmar": -0.11752947710528833,
        "MDD_date": 20241028,
        "MDD_lastdays": 749,
        "MDD_recoverdays": 47,
        "Periods": 59
      },
      "3": {
        "AnnualRt": 0.008143847185087767,
        "AccumRt": 0.04179422375387043,
        "SR": 0.877229040468213,
        "MDD": 0.008343288377828384,
        "WinRatio": 0.559322033898305,
        "WinLossRatio": 1.5661778813323006,
        "Calmar": 0.9760956131792573,
        "MDD_date": 20220217,
        "MDD_lastdays": 103,
        "MDD_recoverdays": 193,
        "Periods": 59
      },
      "4": {
        "AnnualRt": -0.00296218692383322,
        "AccumRt": -0.015201943293112086,
        "SR": -0.32707516262770403,
        "MDD": 0.032100598790143375,
        "WinRatio": 0.4406779661016949,
        "WinLossRatio": 1.0079361041767794,
        "Calmar": -0.09227824512553243,
        "MDD_date": 20241231,
        "MDD_lastdays": 915,
        "MDD_recoverdays": 1,
        "Periods": 59
      },
      "5": {
        "AnnualRt": -0.005803004201653001,
        "AccumRt": -0.029781017562883205,
        "SR": -0.627896015461377,
        "MDD": 0.046355260967432366,
        "WinRatio": 0.4406779661016949,
        "WinLossRatio": 0.8727800387156891,
        "Calmar": -0.12518544994774153,
        "MDD_date": 20231207,
        "MDD_lastdays": 929,
        "MDD_recoverdays": 279,
        "Periods": 59
      }
    }
  },
  "longshort": {
    "eva": {
      "多头超额": {
        "AnnualRt": -0.005803004201653001,
        "AccumRt": -0.029781017562883205,
        "SR": -0.627896015461377,
        "MDD": 0.046355260967432366,
        "WinRatio": 0.4406779661016949,
        "WinLossRatio": 0.8727800387156891,
        "Calmar": -0.12518544994774153,
        "MDD_date": 20231207,
        "MDD_lastdays": 929,
        "MDD_recoverdays": 279,
        "Periods": 59
      },
      "空头超额": {
        "AnnualRt": 0.004197238207219273,
        "AccumRt": 0.02154022647944931,
        "SR": 0.48603502091314676,
        "MDD": 0.019628843608995195,
        "WinRatio": 0.559322033898305,
        "WinLossRatio": 1.0924211112263105,
        "Calmar": 0.2138301313530171,
        "MDD_date": 20240221,
        "MDD_lastdays": 103,
        "MDD_recoverdays": 168,
        "Periods": 59
      },
      "多空": {
        "AnnualRt": -0.010000242408872274,
        "AccumRt": -0.051321244042332514,
        "SR": -0.7217432098402832,
        "MDD": 0.07034245769595504,
        "WinRatio": 0.3728813559322034,
        "WinLossRatio": 1.1136548241920818,
        "Calmar": -0.14216509824119106,
        "MDD_date": 20241112,
        "MDD_lastdays": 1184,
        "MDD_recoverdays": 36,
        "Periods": 59
      }
    }
  },
  "risk_corr": {
    "mean": {}
  }
}