{
  "factor_name": "000001.SZ",
  "timestamp": "2026-06-22T11:19:02.425042",
  "ic": {
    "ic_mean": -0.01123854658499252,
    "ic_std": 0.11566473136618259,
    "icir": -0.09716485269318996,
    "rank_ic_mean": -0.022189698362373687,
    "rank_icir": -0.1729687219022109
  },
  "group": {
    "n_groups": 5,
    "group_eva_exc": {
      "1": {
        "AnnualRt": 0.00028230484381739106,
        "AccumRt": 0.001448788458470851,
        "SR": 0.03317558992504235,
        "MDD": 0.014830093438067626,
        "WinRatio": 0.5932203389830508,
        "WinLossRatio": 0.7028724777906795,
        "Calmar": 0.019035945052964926,
        "MDD_date": 20230329,
        "MDD_lastdays": 791,
        "MDD_recoverdays": 140,
        "Periods": 59
      },
      "2": {
        "AnnualRt": 0.004366574962087074,
        "AccumRt": 0.022409262705430866,
        "SR": 0.48058478017519507,
        "MDD": 0.012883108229172158,
        "WinRatio": 0.5254237288135594,
        "WinLossRatio": 1.2822839295604953,
        "Calmar": 0.33893800194890245,
        "MDD_date": 20230511,
        "MDD_lastdays": 104,
        "MDD_recoverdays": 188,
        "Periods": 59
      },
      "3": {
        "AnnualRt": 0.0006355732302953726,
        "AccumRt": 0.0032617618178758523,
        "SR": 0.06522777739762653,
        "MDD": 0.03282621823633314,
        "WinRatio": 0.5084745762711864,
        "WinLossRatio": 1.015634142447475,
        "Calmar": 0.019361756073134832,
        "MDD_date": 20231026,
        "MDD_lastdays": 647,
        "MDD_recoverdays": 309,
        "Periods": 59
      },
      "4": {
        "AnnualRt": -0.001147026428884555,
        "AccumRt": -0.005886539633035537,
        "SR": -0.1197639068654108,
        "MDD": 0.020700547808027547,
        "WinRatio": 0.5254237288135594,
        "WinLossRatio": 0.82532783274091,
        "Calmar": -0.055410438386550576,
        "MDD_date": 20240704,
        "MDD_lastdays": 208,
        "MDD_recoverdays": 129,
        "Periods": 59
      },
      "5": {
        "AnnualRt": -0.009632005243354336,
        "AccumRt": -0.04943145090889445,
        "SR": -0.9953187142291959,
        "MDD": 0.05149025654715478,
        "WinRatio": 0.4406779661016949,
        "WinLossRatio": 0.5949829769690639,
        "Calmar": -0.18706461939130845,
        "MDD_date": 20241220,
        "MDD_lastdays": 1176,
        "MDD_recoverdays": 8,
        "Periods": 59
      }
    }
  },
  "longshort": {
    "eva": {
      "多头超额": {
        "AnnualRt": -0.009632005243354336,
        "AccumRt": -0.04943145090889445,
        "SR": -0.9953187142291959,
        "MDD": 0.05149025654715478,
        "WinRatio": 0.4406779661016949,
        "WinLossRatio": 0.5949829769690639,
        "Calmar": -0.18706461939130845,
        "MDD_date": 20241220,
        "MDD_lastdays": 1176,
        "MDD_recoverdays": 8,
        "Periods": 59
      },
      "空头超额": {
        "AnnualRt": 0.00028230484381739106,
        "AccumRt": 0.001448788458470851,
        "SR": 0.03317558992504235,
        "MDD": 0.014830093438067626,
        "WinRatio": 0.5932203389830508,
        "WinLossRatio": 0.7028724777906795,
        "Calmar": 0.019035945052964926,
        "MDD_date": 20230329,
        "MDD_lastdays": 791,
        "MDD_recoverdays": 140,
        "Periods": 59
      },
      "多空": {
        "AnnualRt": -0.009914310087171727,
        "AccumRt": -0.0508802393673653,
        "SR": -0.6815024717285876,
        "MDD": 0.06359551609902281,
        "WinRatio": 0.423728813559322,
        "WinLossRatio": 0.7814427482213667,
        "Calmar": -0.15589636967069237,
        "MDD_date": 20241220,
        "MDD_lastdays": 1176,
        "MDD_recoverdays": 8,
        "Periods": 59
      }
    }
  },
  "risk_corr": {
    "mean": {}
  }
}