{
  "factor_name": "000001.SZ",
  "timestamp": "2026-06-23T00:20:37.064143",
  "ic": {
    "ic_mean": -0.01191021386379334,
    "ic_std": 0.12706963850803582,
    "icir": -0.09372981621443854,
    "rank_ic_mean": -0.009414989770944624,
    "rank_icir": -0.0662078527104471
  },
  "group": {
    "n_groups": 5,
    "group_eva_exc": {
      "1": {
        "AnnualRt": 0.00474296359543583,
        "AccumRt": 0.02434088917177668,
        "SR": 0.5211859280381786,
        "MDD": 0.01589300557812634,
        "WinRatio": 0.6101694915254238,
        "WinLossRatio": 0.9357221756994928,
        "Calmar": 0.29843087716294553,
        "MDD_date": 20240801,
        "MDD_lastdays": 163,
        "MDD_recoverdays": 109,
        "Periods": 59
      },
      "2": {
        "AnnualRt": -0.0029492929577940017,
        "AccumRt": -0.015135771459398817,
        "SR": -0.31849358163683744,
        "MDD": 0.02521629542876036,
        "WinRatio": 0.4576271186440678,
        "WinLossRatio": 0.9399797580131921,
        "Calmar": -0.11695980347811898,
        "MDD_date": 20240709,
        "MDD_lastdays": 598,
        "MDD_recoverdays": 126,
        "Periods": 59
      },
      "3": {
        "AnnualRt": 0.0035582922686456997,
        "AccumRt": 0.01826115592268973,
        "SR": 0.3852150142216238,
        "MDD": 0.016441332931422026,
        "WinRatio": 0.6271186440677966,
        "WinLossRatio": 0.7732849276268293,
        "Calmar": 0.2164235882508791,
        "MDD_date": 20211125,
        "MDD_lastdays": 274,
        "MDD_recoverdays": 245,
        "Periods": 59
      },
      "4": {
        "AnnualRt": 3.049543259860248e-05,
        "AccumRt": 0.00015650256009602792,
        "SR": 0.0033066053095981993,
        "MDD": 0.024404272035704944,
        "WinRatio": 0.4915254237288136,
        "WinLossRatio": 1.0368135162087928,
        "Calmar": 0.0012495940282089052,
        "MDD_date": 20231101,
        "MDD_lastdays": 376,
        "MDD_recoverdays": 305,
        "Periods": 59
      },
      "5": {
        "AnnualRt": -0.004789880944067475,
        "AccumRt": -0.024581669004954287,
        "SR": -0.5337213957948559,
        "MDD": 0.047167628901007785,
        "WinRatio": 0.3728813559322034,
        "WinLossRatio": 1.122593667502299,
        "Calmar": -0.10155017446647895,
        "MDD_date": 20230405,
        "MDD_lastdays": 758,
        "MDD_recoverdays": 455,
        "Periods": 59
      }
    }
  },
  "longshort": {
    "eva": {
      "多头超额": {
        "AnnualRt": -0.004789880944067475,
        "AccumRt": -0.024581669004954287,
        "SR": -0.5337213957948559,
        "MDD": 0.047167628901007785,
        "WinRatio": 0.3728813559322034,
        "WinLossRatio": 1.122593667502299,
        "Calmar": -0.10155017446647895,
        "MDD_date": 20230405,
        "MDD_lastdays": 758,
        "MDD_recoverdays": 455,
        "Periods": 59
      },
      "空头超额": {
        "AnnualRt": 0.00474296359543583,
        "AccumRt": 0.02434088917177668,
        "SR": 0.5211859280381786,
        "MDD": 0.01589300557812634,
        "WinRatio": 0.6101694915254238,
        "WinLossRatio": 0.9357221756994928,
        "Calmar": 0.29843087716294553,
        "MDD_date": 20240801,
        "MDD_lastdays": 163,
        "MDD_recoverdays": 109,
        "Periods": 59
      },
      "多空": {
        "AnnualRt": -0.009532844539503305,
        "AccumRt": -0.04892255817673097,
        "SR": -0.6634259174040155,
        "MDD": 0.07577699213969635,
        "WinRatio": 0.3050847457627119,
        "WinLossRatio": 1.3489793063964457,
        "Calmar": -0.12580130551934976,
        "MDD_date": 20230405,
        "MDD_lastdays": 780,
        "MDD_recoverdays": 455,
        "Periods": 59
      }
    }
  },
  "risk_corr": {
    "mean": {}
  }
}