{
  "factor_name": "000001.SZ",
  "timestamp": "2026-06-23T00:16:28.718032",
  "ic": {
    "ic_mean": 0.004044219845140185,
    "ic_std": 0.14456825348489263,
    "icir": 0.027974467060728557,
    "rank_ic_mean": 0.005135221905436157,
    "rank_icir": 0.038190246455666335
  },
  "group": {
    "n_groups": 5,
    "group_eva_exc": {
      "1": {
        "AnnualRt": -0.00290454257104818,
        "AccumRt": -0.01490611247461926,
        "SR": -0.3138922820312085,
        "MDD": 0.03513234907295604,
        "WinRatio": 0.5084745762711864,
        "WinLossRatio": 0.7859254235871387,
        "Calmar": -0.08267430580905906,
        "MDD_date": 20220318,
        "MDD_lastdays": 541,
        "MDD_recoverdays": 728,
        "Periods": 59
      },
      "2": {
        "AnnualRt": 0.0038861930844124627,
        "AccumRt": 0.01994394290920476,
        "SR": 0.4282050859392757,
        "MDD": 0.01938989971497529,
        "WinRatio": 0.4745762711864407,
        "WinLossRatio": 1.5000321576445894,
        "Calmar": 0.20042357833398497,
        "MDD_date": 20241104,
        "MDD_lastdays": 170,
        "MDD_recoverdays": 42,
        "Periods": 59
      },
      "3": {
        "AnnualRt": -0.0017945167448354896,
        "AccumRt": -0.009209459934495734,
        "SR": -0.17894298593322125,
        "MDD": 0.034514316988987326,
        "WinRatio": 0.4745762711864407,
        "WinLossRatio": 0.9784389551868026,
        "Calmar": -0.051993401619625734,
        "MDD_date": 20240311,
        "MDD_lastdays": 524,
        "MDD_recoverdays": 212,
        "Periods": 59
      },
      "4": {
        "AnnualRt": -0.001229599366842519,
        "AccumRt": -0.006310303950635809,
        "SR": -0.12782727751283754,
        "MDD": 0.026860147396438494,
        "WinRatio": 0.4915254237288136,
        "WinLossRatio": 0.9435086455070889,
        "Calmar": -0.045777833929740726,
        "MDD_date": 20240710,
        "MDD_lastdays": 529,
        "MDD_recoverdays": 125,
        "Periods": 59
      },
      "5": {
        "AnnualRt": 0.0016245884822840948,
        "AccumRt": 0.008337388091081976,
        "SR": 0.17283489388097986,
        "MDD": 0.014658615322629798,
        "WinRatio": 0.4915254237288136,
        "WinLossRatio": 1.1938012516857954,
        "Calmar": 0.11082823626431305,
        "MDD_date": 20210610,
        "MDD_lastdays": 304,
        "MDD_recoverdays": 89,
        "Periods": 59
      }
    }
  },
  "longshort": {
    "eva": {
      "多头超额": {
        "AnnualRt": 0.0016245884822840948,
        "AccumRt": 0.008337388091081976,
        "SR": 0.17283489388097986,
        "MDD": 0.014658615322629798,
        "WinRatio": 0.4915254237288136,
        "WinLossRatio": 1.1938012516857954,
        "Calmar": 0.11082823626431305,
        "MDD_date": 20210610,
        "MDD_lastdays": 304,
        "MDD_recoverdays": 89,
        "Periods": 59
      },
      "空头超额": {
        "AnnualRt": -0.00290454257104818,
        "AccumRt": -0.01490611247461926,
        "SR": -0.3138922820312085,
        "MDD": 0.03513234907295604,
        "WinRatio": 0.5084745762711864,
        "WinLossRatio": 0.7859254235871387,
        "Calmar": -0.08267430580905906,
        "MDD_date": 20220318,
        "MDD_lastdays": 541,
        "MDD_recoverdays": 728,
        "Periods": 59
      },
      "多空": {
        "AnnualRt": 0.004529131053332275,
        "AccumRt": 0.023243500565701236,
        "SR": 0.30907978895012256,
        "MDD": 0.021487346189888457,
        "WinRatio": 0.5423728813559322,
        "WinLossRatio": 1.045466955550148,
        "Calmar": 0.21078131349061613,
        "MDD_date": 20221012,
        "MDD_lastdays": 192,
        "MDD_recoverdays": 496,
        "Periods": 59
      }
    }
  },
  "risk_corr": {
    "mean": {}
  }
}