{
  "factor_name": "000001.SZ",
  "timestamp": "2026-06-23T08:41:32.591515",
  "ic": {
    "ic_mean": -0.03327424384406691,
    "ic_std": 0.13996231810068577,
    "icir": -0.23773715879819995,
    "rank_ic_mean": -0.03394439994435576,
    "rank_icir": -0.2646516021829428
  },
  "group": {
    "n_groups": 5,
    "group_eva_exc": {
      "1": {
        "AnnualRt": 0.00039151452310771,
        "AccumRt": 0.002009252532588768,
        "SR": 0.043309831840470145,
        "MDD": 0.0199269859625546,
        "WinRatio": 0.5084745762711864,
        "WinLossRatio": 0.9961069070077689,
        "Calmar": 0.019647453149383293,
        "MDD_date": 20241105,
        "MDD_lastdays": 454,
        "MDD_recoverdays": 41,
        "Periods": 59
      },
      "2": {
        "AnnualRt": 0.007487400989378674,
        "AccumRt": 0.03842534187749136,
        "SR": 0.7983076542735782,
        "MDD": 0.011734154497107685,
        "WinRatio": 0.559322033898305,
        "WinLossRatio": 1.3619676678027985,
        "Calmar": 0.6380861093335886,
        "MDD_date": 20230109,
        "MDD_lastdays": 276,
        "MDD_recoverdays": 121,
        "Periods": 59
      },
      "3": {
        "AnnualRt": -0.0008981059406944902,
        "AccumRt": -0.004609079687644124,
        "SR": -0.10067914472882063,
        "MDD": 0.02467465139324676,
        "WinRatio": 0.5084745762711864,
        "WinLossRatio": 0.8867759822896223,
        "Calmar": -0.03639791810555403,
        "MDD_date": 20231228,
        "MDD_lastdays": 747,
        "MDD_recoverdays": 264,
        "Periods": 59
      },
      "4": {
        "AnnualRt": 0.002696313136529788,
        "AccumRt": 0.013837479016670873,
        "SR": 0.297472736445729,
        "MDD": 0.012876809086901697,
        "WinRatio": 0.4915254237288136,
        "WinLossRatio": 1.298285564703323,
        "Calmar": 0.209392957395981,
        "MDD_date": 20241224,
        "MDD_lastdays": 88,
        "MDD_recoverdays": 6,
        "Periods": 59
      },
      "5": {
        "AnnualRt": -0.009520977318119609,
        "AccumRt": -0.04886165559658984,
        "SR": -1.0533586444757617,
        "MDD": 0.050882742361298305,
        "WinRatio": 0.3389830508474576,
        "WinLossRatio": 0.8614060791435104,
        "Calmar": -0.187116041240759,
        "MDD_date": 20241128,
        "MDD_lastdays": 1252,
        "MDD_recoverdays": 24,
        "Periods": 59
      }
    }
  },
  "longshort": {
    "eva": {
      "多头超额": {
        "AnnualRt": -0.009520977318119609,
        "AccumRt": -0.04886165559658984,
        "SR": -1.0533586444757617,
        "MDD": 0.050882742361298305,
        "WinRatio": 0.3389830508474576,
        "WinLossRatio": 0.8614060791435104,
        "Calmar": -0.187116041240759,
        "MDD_date": 20241128,
        "MDD_lastdays": 1252,
        "MDD_recoverdays": 24,
        "Periods": 59
      },
      "空头超额": {
        "AnnualRt": 0.00039151452310771,
        "AccumRt": 0.002009252532588768,
        "SR": 0.043309831840470145,
        "MDD": 0.0199269859625546,
        "WinRatio": 0.5084745762711864,
        "WinLossRatio": 0.9961069070077689,
        "Calmar": 0.019647453149383293,
        "MDD_date": 20241105,
        "MDD_lastdays": 454,
        "MDD_recoverdays": 41,
        "Periods": 59
      },
      "多空": {
        "AnnualRt": -0.00991249184122732,
        "AccumRt": -0.050870908129178605,
        "SR": -0.6877793118345541,
        "MDD": 0.06149882151553476,
        "WinRatio": 0.4067796610169492,
        "WinLossRatio": 0.8965258709527943,
        "Calmar": -0.16118181774789617,
        "MDD_date": 20240405,
        "MDD_lastdays": 1075,
        "MDD_recoverdays": 193,
        "Periods": 59
      }
    }
  },
  "risk_corr": {
    "mean": {}
  }
}