{
  "factor_name": "000001.SZ",
  "timestamp": "2026-06-22T21:47:30.933603",
  "ic": {
    "ic_mean": 0.003948211004723681,
    "ic_std": 0.1526400632248308,
    "icir": 0.025866151528699075,
    "rank_ic_mean": 0.01640616717635997,
    "rank_icir": 0.1069627735948913
  },
  "group": {
    "n_groups": 5,
    "group_eva_exc": {
      "1": {
        "AnnualRt": 0.0028156307595531417,
        "AccumRt": 0.014449817058026726,
        "SR": 0.32465427823907445,
        "MDD": 0.021005582748542695,
        "WinRatio": 0.559322033898305,
        "WinLossRatio": 0.9843862896052585,
        "Calmar": 0.13404202079318564,
        "MDD_date": 20230626,
        "MDD_lastdays": 382,
        "MDD_recoverdays": 397,
        "Periods": 59
      },
      "2": {
        "AnnualRt": -0.0032324692434579365,
        "AccumRt": -0.01658903215742613,
        "SR": -0.3473182068079983,
        "MDD": 0.030212846364262247,
        "WinRatio": 0.4067796610169492,
        "WinLossRatio": 1.1236325513073722,
        "Calmar": -0.1069898944470692,
        "MDD_date": 20240502,
        "MDD_lastdays": 613,
        "MDD_recoverdays": 174,
        "Periods": 59
      },
      "3": {
        "AnnualRt": 0.0021790449780781217,
        "AccumRt": 0.011182858827496922,
        "SR": 0.22799805876239415,
        "MDD": 0.020579233363418714,
        "WinRatio": 0.5423728813559322,
        "WinLossRatio": 1.005836459099658,
        "Calmar": 0.1058856245807268,
        "MDD_date": 20210517,
        "MDD_lastdays": 272,
        "MDD_recoverdays": 301,
        "Periods": 59
      },
      "4": {
        "AnnualRt": -0.0025012860926570068,
        "AccumRt": -0.01283660022751576,
        "SR": -0.2791446797827268,
        "MDD": 0.027430978059868827,
        "WinRatio": 0.5084745762711864,
        "WinLossRatio": 0.769510256549179,
        "Calmar": -0.09118472141962582,
        "MDD_date": 20230206,
        "MDD_lastdays": 528,
        "MDD_recoverdays": 497,
        "Periods": 59
      },
      "5": {
        "AnnualRt": 0.0023391181673205487,
        "AccumRt": 0.012004354434689057,
        "SR": 0.24038933002500165,
        "MDD": 0.01850740364255088,
        "WinRatio": 0.5254237288135594,
        "WinLossRatio": 1.121123578939869,
        "Calmar": 0.12638823967412793,
        "MDD_date": 20211216,
        "MDD_lastdays": 415,
        "MDD_recoverdays": 270,
        "Periods": 59
      }
    }
  },
  "longshort": {
    "eva": {
      "多头超额": {
        "AnnualRt": 0.0023391181673205487,
        "AccumRt": 0.012004354434689057,
        "SR": 0.24038933002500165,
        "MDD": 0.01850740364255088,
        "WinRatio": 0.5254237288135594,
        "WinLossRatio": 1.121123578939869,
        "Calmar": 0.12638823967412793,
        "MDD_date": 20211216,
        "MDD_lastdays": 415,
        "MDD_recoverdays": 270,
        "Periods": 59
      },
      "空头超额": {
        "AnnualRt": 0.0028156307595531417,
        "AccumRt": 0.014449817058026726,
        "SR": 0.32465427823907445,
        "MDD": 0.021005582748542695,
        "WinRatio": 0.559322033898305,
        "WinLossRatio": 0.9843862896052585,
        "Calmar": 0.13404202079318564,
        "MDD_date": 20230626,
        "MDD_lastdays": 382,
        "MDD_recoverdays": 397,
        "Periods": 59
      },
      "多空": {
        "AnnualRt": -0.0004765125922325932,
        "AccumRt": -0.0024454626233376686,
        "SR": -0.03335202394970918,
        "MDD": 0.04550216034313692,
        "WinRatio": 0.4406779661016949,
        "WinLossRatio": 1.237390081926709,
        "Calmar": -0.01047230699903385,
        "MDD_date": 20220106,
        "MDD_lastdays": 430,
        "MDD_recoverdays": 779,
        "Periods": 59
      }
    }
  },
  "risk_corr": {
    "mean": {}
  }
}