{
  "factor_name": "000001.SZ",
  "timestamp": "2026-06-23T00:07:46.351243",
  "ic": {
    "ic_mean": -0.010015824119848861,
    "ic_std": 0.15188283097430835,
    "icir": -0.06594441291091738,
    "rank_ic_mean": -0.012405470715990694,
    "rank_icir": -0.08504751419480606
  },
  "group": {
    "n_groups": 5,
    "group_eva_exc": {
      "1": {
        "AnnualRt": 0.0024912563976290966,
        "AccumRt": 0.012785127832632526,
        "SR": 0.2868423852803889,
        "MDD": 0.01612152866404226,
        "WinRatio": 0.4915254237288136,
        "WinLossRatio": 1.2581002101839731,
        "Calmar": 0.15452978743793933,
        "MDD_date": 20201229,
        "MDD_lastdays": 228,
        "MDD_recoverdays": 308,
        "Periods": 59
      },
      "2": {
        "AnnualRt": -0.0015159997130108644,
        "AccumRt": -0.0077801105271717574,
        "SR": -0.16078019253113704,
        "MDD": 0.02447117605674376,
        "WinRatio": 0.5254237288135594,
        "WinLossRatio": 0.7808486784829267,
        "Calmar": -0.061950423203836404,
        "MDD_date": 20231109,
        "MDD_lastdays": 468,
        "MDD_recoverdays": 299,
        "Periods": 59
      },
      "3": {
        "AnnualRt": 0.005514031151200743,
        "AccumRt": 0.028298007867962216,
        "SR": 0.5849921243505951,
        "MDD": 0.017509658438162434,
        "WinRatio": 0.6271186440677966,
        "WinLossRatio": 0.8866143147805824,
        "Calmar": 0.31491369010276465,
        "MDD_date": 20210909,
        "MDD_lastdays": 124,
        "MDD_recoverdays": 332,
        "Periods": 59
      },
      "4": {
        "AnnualRt": -0.00716336550418554,
        "AccumRt": -0.036762391767480196,
        "SR": -0.7761914558529621,
        "MDD": 0.052065033091230895,
        "WinRatio": 0.4406779661016949,
        "WinLossRatio": 0.768656207086172,
        "Calmar": -0.1375849601715136,
        "MDD_date": 20241121,
        "MDD_lastdays": 1115,
        "MDD_recoverdays": 29,
        "Periods": 59
      },
      "5": {
        "AnnualRt": 0.0005301788682690897,
        "AccumRt": 0.002720877951956968,
        "SR": 0.059782355684573636,
        "MDD": 0.019459652912780734,
        "WinRatio": 0.5084745762711864,
        "WinLossRatio": 1.0100111867167756,
        "Calmar": 0.02724503210028367,
        "MDD_date": 20220701,
        "MDD_lastdays": 250,
        "MDD_recoverdays": 653,
        "Periods": 59
      }
    }
  },
  "longshort": {
    "eva": {
      "多头超额": {
        "AnnualRt": 0.0005301788682690897,
        "AccumRt": 0.002720877951956968,
        "SR": 0.059782355684573636,
        "MDD": 0.019459652912780734,
        "WinRatio": 0.5084745762711864,
        "WinLossRatio": 1.0100111867167756,
        "Calmar": 0.02724503210028367,
        "MDD_date": 20220701,
        "MDD_lastdays": 250,
        "MDD_recoverdays": 653,
        "Periods": 59
      },
      "空头超额": {
        "AnnualRt": 0.0024912563976290966,
        "AccumRt": 0.012785127832632526,
        "SR": 0.2868423852803889,
        "MDD": 0.01612152866404226,
        "WinRatio": 0.4915254237288136,
        "WinLossRatio": 1.2581002101839731,
        "Calmar": 0.15452978743793933,
        "MDD_date": 20201229,
        "MDD_lastdays": 228,
        "MDD_recoverdays": 308,
        "Periods": 59
      },
      "多空": {
        "AnnualRt": -0.001961077529360007,
        "AccumRt": -0.010064249880675558,
        "SR": -0.14038074882748,
        "MDD": 0.04645038161963477,
        "WinRatio": 0.4915254237288136,
        "WinLossRatio": 0.9350906765015331,
        "Calmar": -0.04221876034127245,
        "MDD_date": 20241129,
        "MDD_lastdays": 880,
        "MDD_recoverdays": 23,
        "Periods": 59
      }
    }
  },
  "risk_corr": {
    "mean": {}
  }
}