{
  "factor_name": "000001.SZ",
  "timestamp": "2026-06-23T00:05:09.173200",
  "ic": {
    "ic_mean": 0.0010889420418684216,
    "ic_std": 0.15655891014296727,
    "icir": 0.006955477914824623,
    "rank_ic_mean": -0.002761434246565536,
    "rank_icir": -0.018311593929542243
  },
  "group": {
    "n_groups": 5,
    "group_eva_exc": {
      "1": {
        "AnnualRt": -0.0024999972725460325,
        "AccumRt": -0.01282998600270624,
        "SR": -0.2751241003932576,
        "MDD": 0.030322698150703098,
        "WinRatio": 0.4576271186440678,
        "WinLossRatio": 0.9829629559472494,
        "Calmar": -0.08244639906782388,
        "MDD_date": 20210503,
        "MDD_lastdays": 304,
        "MDD_recoverdays": 957,
        "Periods": 59
      },
      "2": {
        "AnnualRt": 0.0008332652099138608,
        "AccumRt": 0.004276317057277934,
        "SR": 0.0911174861585313,
        "MDD": 0.03234292161226249,
        "WinRatio": 0.5254237288135594,
        "WinLossRatio": 0.964621805610104,
        "Calmar": 0.025763448951931937,
        "MDD_date": 20221230,
        "MDD_lastdays": 524,
        "MDD_recoverdays": 523,
        "Periods": 59
      },
      "3": {
        "AnnualRt": 0.004986854149443319,
        "AccumRt": 0.025592535494943114,
        "SR": 0.5371331648179043,
        "MDD": 0.016314007994823965,
        "WinRatio": 0.576271186440678,
        "WinLossRatio": 1.109592473844307,
        "Calmar": 0.3056792758116537,
        "MDD_date": 20211006,
        "MDD_lastdays": 277,
        "MDD_recoverdays": 281,
        "Periods": 59
      },
      "4": {
        "AnnualRt": -0.0033238554077122708,
        "AccumRt": -0.017058025952379374,
        "SR": -0.3679464328851542,
        "MDD": 0.029057741809949134,
        "WinRatio": 0.4067796610169492,
        "WinLossRatio": 1.1147019354564742,
        "Calmar": -0.11438794622967603,
        "MDD_date": 20241230,
        "MDD_lastdays": 286,
        "MDD_recoverdays": 2,
        "Periods": 59
      },
      "5": {
        "AnnualRt": -0.00041764775639985377,
        "AccumRt": -0.0021433682858440495,
        "SR": -0.045304764954060266,
        "MDD": 0.025484387422325172,
        "WinRatio": 0.5084745762711864,
        "WinLossRatio": 0.9338712056281658,
        "Calmar": -0.016388377302488363,
        "MDD_date": 20231116,
        "MDD_lastdays": 350,
        "MDD_recoverdays": 294,
        "Periods": 59
      }
    }
  },
  "longshort": {
    "eva": {
      "多头超额": {
        "AnnualRt": -0.00041764775639985377,
        "AccumRt": -0.0021433682858440495,
        "SR": -0.045304764954060266,
        "MDD": 0.025484387422325172,
        "WinRatio": 0.5084745762711864,
        "WinLossRatio": 0.9338712056281658,
        "Calmar": -0.016388377302488363,
        "MDD_date": 20231116,
        "MDD_lastdays": 350,
        "MDD_recoverdays": 294,
        "Periods": 59
      },
      "空头超额": {
        "AnnualRt": -0.0024999972725460325,
        "AccumRt": -0.01282998600270624,
        "SR": -0.2751241003932576,
        "MDD": 0.030322698150703098,
        "WinRatio": 0.4576271186440678,
        "WinLossRatio": 0.9829629559472494,
        "Calmar": -0.08244639906782388,
        "MDD_date": 20210503,
        "MDD_lastdays": 304,
        "MDD_recoverdays": 957,
        "Periods": 59
      },
      "多空": {
        "AnnualRt": 0.0020823495161462003,
        "AccumRt": 0.010686617716862301,
        "SR": 0.1437465384302763,
        "MDD": 0.031264901888151786,
        "WinRatio": 0.5254237288135594,
        "WinLossRatio": 1.009915835902172,
        "Calmar": 0.06660342397988883,
        "MDD_date": 20241023,
        "MDD_lastdays": 937,
        "MDD_recoverdays": 50,
        "Periods": 59
      }
    }
  },
  "risk_corr": {
    "mean": {}
  }
}