{
  "factor_name": "000001.SZ",
  "timestamp": "2026-06-22T17:03:53.373787",
  "ic": {
    "ic_mean": 0.0003328754057680873,
    "ic_std": 0.12200098746045705,
    "icir": 0.002728464848499516,
    "rank_ic_mean": -8.595882841527955e-05,
    "rank_icir": -0.0007025040055328955
  },
  "group": {
    "n_groups": 5,
    "group_eva_exc": {
      "1": {
        "AnnualRt": 0.003646415296733263,
        "AccumRt": 0.018713403302835108,
        "SR": 0.42535661693120325,
        "MDD": 0.025810420089582675,
        "WinRatio": 0.576271186440678,
        "WinLossRatio": 0.9927814905116419,
        "Calmar": 0.1412768674077099,
        "MDD_date": 20210811,
        "MDD_lastdays": 367,
        "MDD_recoverdays": 490,
        "Periods": 59
      },
      "2": {
        "AnnualRt": -0.0014222079201813673,
        "AccumRt": -0.007298771046370778,
        "SR": -0.14614246234634276,
        "MDD": 0.02143112283587023,
        "WinRatio": 0.5254237288135594,
        "WinLossRatio": 0.7921602048052424,
        "Calmar": -0.06636180152917392,
        "MDD_date": 20241129,
        "MDD_lastdays": 915,
        "MDD_recoverdays": 23,
        "Periods": 59
      },
      "3": {
        "AnnualRt": -0.003954694781921074,
        "AccumRt": -0.02029549362081895,
        "SR": -0.4171457767622204,
        "MDD": 0.04089215359196885,
        "WinRatio": 0.4745762711864407,
        "WinLossRatio": 0.8198381081802062,
        "Calmar": -0.09671035723336834,
        "MDD_date": 20240605,
        "MDD_lastdays": 440,
        "MDD_recoverdays": 150,
        "Periods": 59
      },
      "4": {
        "AnnualRt": 0.0009355891620379343,
        "AccumRt": 0.004801443579578679,
        "SR": 0.10477604155954146,
        "MDD": 0.04086849954570526,
        "WinRatio": 0.5084745762711864,
        "WinLossRatio": 1.0377045347347094,
        "Calmar": 0.022892672166533023,
        "MDD_date": 20240920,
        "MDD_lastdays": 840,
        "MDD_recoverdays": 73,
        "Periods": 59
      },
      "5": {
        "AnnualRt": 0.00015537459433947665,
        "AccumRt": 0.0007973824181501943,
        "SR": 0.01763441220752401,
        "MDD": 0.030572029712570226,
        "WinRatio": 0.559322033898305,
        "WinLossRatio": 0.7986444370896241,
        "Calmar": 0.005082246609082408,
        "MDD_date": 20210707,
        "MDD_lastdays": 373,
        "MDD_recoverdays": 829,
        "Periods": 59
      }
    }
  },
  "longshort": {
    "eva": {
      "多头超额": {
        "AnnualRt": 0.00015537459433947665,
        "AccumRt": 0.0007973824181501943,
        "SR": 0.01763441220752401,
        "MDD": 0.030572029712570226,
        "WinRatio": 0.559322033898305,
        "WinLossRatio": 0.7986444370896241,
        "Calmar": 0.005082246609082408,
        "MDD_date": 20210707,
        "MDD_lastdays": 373,
        "MDD_recoverdays": 829,
        "Periods": 59
      },
      "空头超额": {
        "AnnualRt": 0.003646415296733263,
        "AccumRt": 0.018713403302835108,
        "SR": 0.42535661693120325,
        "MDD": 0.025810420089582675,
        "WinRatio": 0.576271186440678,
        "WinLossRatio": 0.9927814905116419,
        "Calmar": 0.1412768674077099,
        "MDD_date": 20210811,
        "MDD_lastdays": 367,
        "MDD_recoverdays": 490,
        "Periods": 59
      },
      "多空": {
        "AnnualRt": -0.0034910407023937867,
        "AccumRt": -0.017916020884684913,
        "SR": -0.2493840622427896,
        "MDD": 0.03804569092048393,
        "WinRatio": 0.4576271186440678,
        "WinLossRatio": 0.9835569111385281,
        "Calmar": -0.09175916162726849,
        "MDD_date": 20231129,
        "MDD_lastdays": 781,
        "MDD_recoverdays": 285,
        "Periods": 59
      }
    }
  },
  "risk_corr": {
    "mean": {}
  }
}