{
  "factor_name": "000001.SZ",
  "timestamp": "2026-06-23T01:58:23.233263",
  "ic": {
    "ic_mean": -0.0003401994108857873,
    "ic_std": 0.17161199328788013,
    "icir": -0.0019823754993341333,
    "rank_ic_mean": -0.002388709296654647,
    "rank_icir": -0.014593019789971478
  },
  "group": {
    "n_groups": 5,
    "group_eva_exc": {
      "1": {
        "AnnualRt": 0.0013368066946919952,
        "AccumRt": 0.00686049195715932,
        "SR": 0.13876359867920693,
        "MDD": 0.02009193322328906,
        "WinRatio": 0.4745762711864407,
        "WinLossRatio": 1.2177936318619884,
        "Calmar": 0.06653449819067034,
        "MDD_date": 20220926,
        "MDD_lastdays": 223,
        "MDD_recoverdays": 289,
        "Periods": 59
      },
      "2": {
        "AnnualRt": -0.0015736543140754617,
        "AccumRt": -0.008075993939835269,
        "SR": -0.16465639926182457,
        "MDD": 0.039839490049910165,
        "WinRatio": 0.4915254237288136,
        "WinLossRatio": 0.9323064967150545,
        "Calmar": -0.039499860869303724,
        "MDD_date": 20220713,
        "MDD_lastdays": 543,
        "MDD_recoverdays": 645,
        "Periods": 59
      },
      "3": {
        "AnnualRt": 0.000705302998214719,
        "AccumRt": 0.003619614986837938,
        "SR": 0.07594602422266841,
        "MDD": 0.029405719808974107,
        "WinRatio": 0.5423728813559322,
        "WinLossRatio": 0.8866350578554276,
        "Calmar": 0.02398523153986773,
        "MDD_date": 20241029,
        "MDD_lastdays": 832,
        "MDD_recoverdays": 46,
        "Periods": 59
      },
      "4": {
        "AnnualRt": -0.0010823976431441873,
        "AccumRt": -0.005554864704615969,
        "SR": -0.12100324752506202,
        "MDD": 0.023803305850815026,
        "WinRatio": 0.4745762711864407,
        "WinLossRatio": 1.0160561761204108,
        "Calmar": -0.045472576369350225,
        "MDD_date": 20230919,
        "MDD_lastdays": 635,
        "MDD_recoverdays": 336,
        "Periods": 59
      },
      "5": {
        "AnnualRt": 0.0007337537666219205,
        "AccumRt": 0.0037656243303036963,
        "SR": 0.07663742500248748,
        "MDD": 0.03508860289545146,
        "WinRatio": 0.5084745762711864,
        "WinLossRatio": 1.019037323166782,
        "Calmar": 0.020911455745564526,
        "MDD_date": 20241101,
        "MDD_lastdays": 413,
        "MDD_recoverdays": 43,
        "Periods": 59
      }
    }
  },
  "longshort": {
    "eva": {
      "多头超额": {
        "AnnualRt": 0.0007337537666219205,
        "AccumRt": 0.0037656243303036963,
        "SR": 0.07663742500248748,
        "MDD": 0.03508860289545146,
        "WinRatio": 0.5084745762711864,
        "WinLossRatio": 1.019037323166782,
        "Calmar": 0.020911455745564526,
        "MDD_date": 20241101,
        "MDD_lastdays": 413,
        "MDD_recoverdays": 43,
        "Periods": 59
      },
      "空头超额": {
        "AnnualRt": 0.0013368066946919952,
        "AccumRt": 0.00686049195715932,
        "SR": 0.13876359867920693,
        "MDD": 0.02009193322328906,
        "WinRatio": 0.4745762711864407,
        "WinLossRatio": 1.2177936318619884,
        "Calmar": 0.06653449819067034,
        "MDD_date": 20220926,
        "MDD_lastdays": 223,
        "MDD_recoverdays": 289,
        "Periods": 59
      },
      "多空": {
        "AnnualRt": -0.0006030529280700748,
        "AccumRt": -0.003094867626855624,
        "SR": -0.03923756915616406,
        "MDD": 0.05100779006139722,
        "WinRatio": 0.5254237288135594,
        "WinLossRatio": 0.8785620138364627,
        "Calmar": -0.011822761333988203,
        "MDD_date": 20241101,
        "MDD_lastdays": 413,
        "MDD_recoverdays": 43,
        "Periods": 59
      }
    }
  },
  "risk_corr": {
    "mean": {}
  }
}