{
  "factor_name": "000001.SZ",
  "timestamp": "2026-06-22T16:41:42.537758",
  "ic": {
    "ic_mean": -0.026409004909145894,
    "ic_std": 0.161193766366031,
    "icir": -0.1638339093658101,
    "rank_ic_mean": -0.01765675329516118,
    "rank_icir": -0.10374064155323871
  },
  "group": {
    "n_groups": 5,
    "group_eva_exc": {
      "1": {
        "AnnualRt": 0.0076039163609012955,
        "AccumRt": 0.03902329876414545,
        "SR": 0.8138063466445712,
        "MDD": 0.024997636942077572,
        "WinRatio": 0.6101694915254238,
        "WinLossRatio": 1.1157385021971948,
        "Calmar": 0.3041854067454637,
        "MDD_date": 20201216,
        "MDD_lastdays": 226,
        "MDD_recoverdays": 309,
        "Periods": 59
      },
      "2": {
        "AnnualRt": -5.82550407828293e-05,
        "AccumRt": -0.00029896486929748,
        "SR": -0.0064337393613690275,
        "MDD": 0.016261759641976736,
        "WinRatio": 0.5423728813559322,
        "WinLossRatio": 0.840308340033348,
        "Calmar": -0.003582333158611854,
        "MDD_date": 20241216,
        "MDD_lastdays": 206,
        "MDD_recoverdays": 12,
        "Periods": 59
      },
      "3": {
        "AnnualRt": -0.005980717661516188,
        "AccumRt": -0.03069304303890108,
        "SR": -0.630894003747962,
        "MDD": 0.03871581782680966,
        "WinRatio": 0.4406779661016949,
        "WinLossRatio": 0.7793524735221985,
        "Calmar": -0.15447736861120112,
        "MDD_date": 20241122,
        "MDD_lastdays": 1127,
        "MDD_recoverdays": 28,
        "Periods": 59
      },
      "4": {
        "AnnualRt": -0.000447966643666063,
        "AccumRt": -0.0022989648152942355,
        "SR": -0.04910226901750176,
        "MDD": 0.025321931723101043,
        "WinRatio": 0.4915254237288136,
        "WinLossRatio": 0.9937261919734223,
        "Calmar": -0.017690855838513528,
        "MDD_date": 20231113,
        "MDD_lastdays": 710,
        "MDD_recoverdays": 297,
        "Periods": 59
      },
      "5": {
        "AnnualRt": -0.001316454042170422,
        "AccumRt": -0.006756042144418606,
        "SR": -0.14351177748531632,
        "MDD": 0.018754060036457743,
        "WinRatio": 0.4745762711864407,
        "WinLossRatio": 0.9893844634286989,
        "Calmar": -0.07019568240750247,
        "MDD_date": 20240124,
        "MDD_lastdays": 617,
        "MDD_recoverdays": 245,
        "Periods": 59
      }
    }
  },
  "longshort": {
    "eva": {
      "多头超额": {
        "AnnualRt": -0.001316454042170422,
        "AccumRt": -0.006756042144418606,
        "SR": -0.14351177748531632,
        "MDD": 0.018754060036457743,
        "WinRatio": 0.4745762711864407,
        "WinLossRatio": 0.9893844634286989,
        "Calmar": -0.07019568240750247,
        "MDD_date": 20240124,
        "MDD_lastdays": 617,
        "MDD_recoverdays": 245,
        "Periods": 59
      },
      "空头超额": {
        "AnnualRt": 0.0076039163609012955,
        "AccumRt": 0.03902329876414545,
        "SR": 0.8138063466445712,
        "MDD": 0.024997636942077572,
        "WinRatio": 0.6101694915254238,
        "WinLossRatio": 1.1157385021971948,
        "Calmar": 0.3041854067454637,
        "MDD_date": 20201216,
        "MDD_lastdays": 226,
        "MDD_recoverdays": 309,
        "Periods": 59
      },
      "多空": {
        "AnnualRt": -0.008920370403071719,
        "AccumRt": -0.04577934090856406,
        "SR": -0.6233295415508295,
        "MDD": 0.07760307236725406,
        "WinRatio": 0.4067796610169492,
        "WinLossRatio": 0.942129178353828,
        "Calmar": -0.11494867575418086,
        "MDD_date": 20241226,
        "MDD_lastdays": 1052,
        "MDD_recoverdays": 4,
        "Periods": 59
      }
    }
  },
  "risk_corr": {
    "mean": {}
  }
}