{
  "factor_name": "000001.SZ",
  "timestamp": "2026-06-23T01:45:32.373150",
  "ic": {
    "ic_mean": 0.04064360833981485,
    "ic_std": 0.24998704126669238,
    "icir": 0.162582860830995,
    "rank_ic_mean": 0.04534808166176443,
    "rank_icir": 0.180263779682817
  },
  "group": {
    "n_groups": 5,
    "group_eva_exc": {
      "1": {
        "AnnualRt": -0.006472751224107996,
        "AccumRt": -0.03321815928212224,
        "SR": -0.4954908040341553,
        "MDD": 0.042233274445299784,
        "WinRatio": 0.5423728813559322,
        "WinLossRatio": 0.566871915136313,
        "Calmar": -0.15326188435830268,
        "MDD_date": 20241016,
        "MDD_lastdays": 1136,
        "MDD_recoverdays": 55,
        "Periods": 59
      },
      "2": {
        "AnnualRt": 0.0018988719848584033,
        "AccumRt": 0.009745011026293326,
        "SR": 0.14247641812815875,
        "MDD": 0.03075417377057521,
        "WinRatio": 0.576271186440678,
        "WinLossRatio": 0.8107401666367624,
        "Calmar": 0.061743553867644276,
        "MDD_date": 20241115,
        "MDD_lastdays": 267,
        "MDD_recoverdays": 33,
        "Periods": 59
      },
      "3": {
        "AnnualRt": 0.0027404939787837824,
        "AccumRt": 0.014064215099118371,
        "SR": 0.19390007357987432,
        "MDD": 0.044583798539566066,
        "WinRatio": 0.4576271186440678,
        "WinLossRatio": 1.3732741656316245,
        "Calmar": 0.061468382429364345,
        "MDD_date": 20230417,
        "MDD_lastdays": 383,
        "MDD_recoverdays": 447,
        "Periods": 59
      },
      "4": {
        "AnnualRt": 0.00019790994647873286,
        "AccumRt": 0.0010156738453288572,
        "SR": 0.01290938658193021,
        "MDD": 0.03688506644637346,
        "WinRatio": 0.4915254237288136,
        "WinLossRatio": 1.044817622563168,
        "Calmar": 0.005365584653791273,
        "MDD_date": 20211206,
        "MDD_lastdays": 368,
        "MDD_recoverdays": 312,
        "Periods": 59
      },
      "5": {
        "AnnualRt": -0.000992118683828459,
        "AccumRt": -0.005091553085407652,
        "SR": -0.06463481822260041,
        "MDD": 0.03507280915067312,
        "WinRatio": 0.423728813559322,
        "WinLossRatio": 1.2977248419038545,
        "Calmar": -0.028287402915640653,
        "MDD_date": 20240222,
        "MDD_lastdays": 158,
        "MDD_recoverdays": 224,
        "Periods": 59
      }
    }
  },
  "longshort": {
    "eva": {
      "多头超额": {
        "AnnualRt": -0.000992118683828459,
        "AccumRt": -0.005091553085407652,
        "SR": -0.06463481822260041,
        "MDD": 0.03507280915067312,
        "WinRatio": 0.423728813559322,
        "WinLossRatio": 1.2977248419038545,
        "Calmar": -0.028287402915640653,
        "MDD_date": 20240222,
        "MDD_lastdays": 158,
        "MDD_recoverdays": 224,
        "Periods": 59
      },
      "空头超额": {
        "AnnualRt": -0.006472751224107996,
        "AccumRt": -0.03321815928212224,
        "SR": -0.4954908040341553,
        "MDD": 0.042233274445299784,
        "WinRatio": 0.5423728813559322,
        "WinLossRatio": 0.566871915136313,
        "Calmar": -0.15326188435830268,
        "MDD_date": 20241016,
        "MDD_lastdays": 1136,
        "MDD_recoverdays": 55,
        "Periods": 59
      },
      "多空": {
        "AnnualRt": 0.0054806325402795165,
        "AccumRt": 0.028126606196714476,
        "SR": 0.24665817704845186,
        "MDD": 0.043846249407596516,
        "WinRatio": 0.4915254237288136,
        "WinLossRatio": 1.2309342408053259,
        "Calmar": 0.12499661007105382,
        "MDD_date": 20240227,
        "MDD_lastdays": 189,
        "MDD_recoverdays": 221,
        "Periods": 59
      }
    }
  },
  "risk_corr": {
    "mean": {}
  }
}