{
  "factor_name": "000001.SZ",
  "timestamp": "2026-06-22T16:58:53.104081",
  "ic": {
    "ic_mean": -0.019115309463324872,
    "ic_std": 0.15441030128614022,
    "icir": -0.12379555835398562,
    "rank_ic_mean": -0.003829740660160148,
    "rank_icir": -0.022084315003368975
  },
  "group": {
    "n_groups": 5,
    "group_eva_exc": {
      "1": {
        "AnnualRt": 0.0021905394514315545,
        "AccumRt": 0.01124184846474674,
        "SR": 0.23152184180202337,
        "MDD": 0.021998518727981864,
        "WinRatio": 0.5254237288135594,
        "WinLossRatio": 1.0771639200261576,
        "Calmar": 0.09957667961730593,
        "MDD_date": 20210324,
        "MDD_lastdays": 244,
        "MDD_recoverdays": 603,
        "Periods": 59
      },
      "2": {
        "AnnualRt": -0.002091401465322261,
        "AccumRt": -0.010733072320033843,
        "SR": -0.2173380501223762,
        "MDD": 0.02864603620589956,
        "WinRatio": 0.4915254237288136,
        "WinLossRatio": 0.8809885123490856,
        "Calmar": -0.07300840682773219,
        "MDD_date": 20221109,
        "MDD_lastdays": 723,
        "MDD_recoverdays": 560,
        "Periods": 59
      },
      "3": {
        "AnnualRt": 0.000412279799489625,
        "AccumRt": 0.0021158199309807557,
        "SR": 0.04204838517811789,
        "MDD": 0.024068906424624115,
        "WinRatio": 0.4915254237288136,
        "WinLossRatio": 1.0690034273075393,
        "Calmar": 0.017129145471596288,
        "MDD_date": 20230807,
        "MDD_lastdays": 366,
        "MDD_recoverdays": 367,
        "Periods": 59
      },
      "4": {
        "AnnualRt": -0.00011676213357582184,
        "AccumRt": -0.0005992232695111177,
        "SR": -0.012723458376998766,
        "MDD": 0.019969338806083314,
        "WinRatio": 0.5932203389830508,
        "WinLossRatio": 0.6790014599350033,
        "Calmar": -0.005847070587046792,
        "MDD_date": 20241231,
        "MDD_lastdays": 528,
        "MDD_recoverdays": 1,
        "Periods": 59
      },
      "5": {
        "AnnualRt": -0.0005168970971782465,
        "AccumRt": -0.002652715902718761,
        "SR": -0.05506448959867159,
        "MDD": 0.021742215925561803,
        "WinRatio": 0.5423728813559322,
        "WinLossRatio": 0.8102535242952172,
        "Calmar": -0.023773892180444355,
        "MDD_date": 20220317,
        "MDD_lastdays": 282,
        "MDD_recoverdays": 729,
        "Periods": 59
      }
    }
  },
  "longshort": {
    "eva": {
      "多头超额": {
        "AnnualRt": -0.0005168970971782465,
        "AccumRt": -0.002652715902718761,
        "SR": -0.05506448959867159,
        "MDD": 0.021742215925561803,
        "WinRatio": 0.5423728813559322,
        "WinLossRatio": 0.8102535242952172,
        "Calmar": -0.023773892180444355,
        "MDD_date": 20220317,
        "MDD_lastdays": 282,
        "MDD_recoverdays": 729,
        "Periods": 59
      },
      "空头超额": {
        "AnnualRt": 0.0021905394514315545,
        "AccumRt": 0.01124184846474674,
        "SR": 0.23152184180202337,
        "MDD": 0.021998518727981864,
        "WinRatio": 0.5254237288135594,
        "WinLossRatio": 1.0771639200261576,
        "Calmar": 0.09957667961730593,
        "MDD_date": 20210324,
        "MDD_lastdays": 244,
        "MDD_recoverdays": 603,
        "Periods": 59
      },
      "多空": {
        "AnnualRt": -0.0027074365486098014,
        "AccumRt": -0.0138945643674655,
        "SR": -0.18396097177554477,
        "MDD": 0.04403811303308236,
        "WinRatio": 0.5084745762711864,
        "WinLossRatio": 0.8507688136892284,
        "Calmar": -0.061479395054368426,
        "MDD_date": 20240927,
        "MDD_lastdays": 1002,
        "MDD_recoverdays": 68,
        "Periods": 59
      }
    }
  },
  "risk_corr": {
    "mean": {}
  }
}