{
  "factor_name": "000001.SZ",
  "timestamp": "2026-06-23T01:36:25.364597",
  "ic": {
    "ic_mean": 0.001888481592583921,
    "ic_std": 0.1866376563384117,
    "icir": 0.01011843820605914,
    "rank_ic_mean": -0.0040360081595572665,
    "rank_icir": -0.022014575219348825
  },
  "group": {
    "n_groups": 5,
    "group_eva_exc": {
      "1": {
        "AnnualRt": -0.0008193607117342781,
        "AccumRt": -0.004204959172620315,
        "SR": -0.08160112918893332,
        "MDD": 0.03685143431678928,
        "WinRatio": 0.5254237288135594,
        "WinLossRatio": 0.8483091923632721,
        "Calmar": -0.02223416067582972,
        "MDD_date": 20231215,
        "MDD_lastdays": 825,
        "MDD_recoverdays": 273,
        "Periods": 59
      },
      "2": {
        "AnnualRt": 0.00013337025401942036,
        "AccumRt": 0.0006844561436276653,
        "SR": 0.01326141114487109,
        "MDD": 0.02106939750345227,
        "WinRatio": 0.423728813559322,
        "WinLossRatio": 1.3736552646028977,
        "Calmar": 0.006330045934990184,
        "MDD_date": 20220426,
        "MDD_lastdays": 559,
        "MDD_recoverdays": 218,
        "Periods": 59
      },
      "3": {
        "AnnualRt": 0.0012779068254024758,
        "AccumRt": 0.006558217827965507,
        "SR": 0.12177879865636346,
        "MDD": 0.024273836953448424,
        "WinRatio": 0.5084745762711864,
        "WinLossRatio": 1.0526102077486446,
        "Calmar": 0.05264543993820194,
        "MDD_date": 20241231,
        "MDD_lastdays": 682,
        "MDD_recoverdays": 1,
        "Periods": 59
      },
      "4": {
        "AnnualRt": -0.002956144940091695,
        "AccumRt": -0.01517093583255058,
        "SR": -0.28257628300972804,
        "MDD": 0.02952150882234006,
        "WinRatio": 0.423728813559322,
        "WinLossRatio": 1.073519038604153,
        "Calmar": -0.10013529314784435,
        "MDD_date": 20221026,
        "MDD_lastdays": 698,
        "MDD_recoverdays": 570,
        "Periods": 59
      },
      "5": {
        "AnnualRt": 0.002081516438330107,
        "AccumRt": 0.010682342361510111,
        "SR": 0.19820406426503115,
        "MDD": 0.02385830819204049,
        "WinRatio": 0.5084745762711864,
        "WinLossRatio": 1.0998875311215703,
        "Calmar": 0.0872449304274028,
        "MDD_date": 20230927,
        "MDD_lastdays": 302,
        "MDD_recoverdays": 330,
        "Periods": 59
      }
    }
  },
  "longshort": {
    "eva": {
      "多头超额": {
        "AnnualRt": 0.002081516438330107,
        "AccumRt": 0.010682342361510111,
        "SR": 0.19820406426503115,
        "MDD": 0.02385830819204049,
        "WinRatio": 0.5084745762711864,
        "WinLossRatio": 1.0998875311215703,
        "Calmar": 0.0872449304274028,
        "MDD_date": 20230927,
        "MDD_lastdays": 302,
        "MDD_recoverdays": 330,
        "Periods": 59
      },
      "空头超额": {
        "AnnualRt": -0.0008193607117342781,
        "AccumRt": -0.004204959172620315,
        "SR": -0.08160112918893332,
        "MDD": 0.03685143431678928,
        "WinRatio": 0.5254237288135594,
        "WinLossRatio": 0.8483091923632721,
        "Calmar": -0.02223416067582972,
        "MDD_date": 20231215,
        "MDD_lastdays": 825,
        "MDD_recoverdays": 273,
        "Periods": 59
      },
      "多空": {
        "AnnualRt": 0.002900877150064385,
        "AccumRt": 0.014887301534130426,
        "SR": 0.18207356577264577,
        "MDD": 0.0285181155441826,
        "WinRatio": 0.5084745762711864,
        "WinLossRatio": 1.0948180730144546,
        "Calmar": 0.10172050623646954,
        "MDD_date": 20241010,
        "MDD_lastdays": 566,
        "MDD_recoverdays": 59,
        "Periods": 59
      }
    }
  },
  "risk_corr": {
    "mean": {}
  }
}