{
  "factor_name": "000001.SZ",
  "timestamp": "2026-06-22T16:50:22.613519",
  "ic": {
    "ic_mean": 0.0041563089985187365,
    "ic_std": 0.15190036382166822,
    "icir": 0.0273620740197717,
    "rank_ic_mean": 0.0051425871998074905,
    "rank_icir": 0.035367339732638205
  },
  "group": {
    "n_groups": 5,
    "group_eva_exc": {
      "1": {
        "AnnualRt": 0.0011606972896250679,
        "AccumRt": 0.0059566984903558495,
        "SR": 0.11968914326929442,
        "MDD": 0.02084537523704766,
        "WinRatio": 0.5254237288135594,
        "WinLossRatio": 1.000302088210925,
        "Calmar": 0.055681285485434995,
        "MDD_date": 20211018,
        "MDD_lastdays": 345,
        "MDD_recoverdays": 222,
        "Periods": 59
      },
      "2": {
        "AnnualRt": -0.0033357646866228234,
        "AccumRt": -0.01711914437174833,
        "SR": -0.3272573133938247,
        "MDD": 0.03493127419252051,
        "WinRatio": 0.4576271186440678,
        "WinLossRatio": 0.922802298514203,
        "Calmar": -0.09549507608105168,
        "MDD_date": 20231002,
        "MDD_lastdays": 673,
        "MDD_recoverdays": 327,
        "Periods": 59
      },
      "3": {
        "AnnualRt": -0.0007328823318006958,
        "AccumRt": -0.0037611521268011705,
        "SR": -0.0689767836509677,
        "MDD": 0.020357731483310215,
        "WinRatio": 0.5254237288135594,
        "WinLossRatio": 0.8547122209509299,
        "Calmar": -0.036000196407027535,
        "MDD_date": 20230621,
        "MDD_lastdays": 646,
        "MDD_recoverdays": 400,
        "Periods": 59
      },
      "4": {
        "AnnualRt": 0.0034815637101900184,
        "AccumRt": 0.017867384960695176,
        "SR": 0.3311338333491324,
        "MDD": 0.014289582853440619,
        "WinRatio": 0.576271186440678,
        "WinLossRatio": 0.9625644247482962,
        "Calmar": 0.24364348112175535,
        "MDD_date": 20240710,
        "MDD_lastdays": 219,
        "MDD_recoverdays": 125,
        "Periods": 59
      },
      "5": {
        "AnnualRt": -0.0003078149420111078,
        "AccumRt": -0.0015797062824010055,
        "SR": -0.030118491254525846,
        "MDD": 0.021160244305043707,
        "WinRatio": 0.5423728813559322,
        "WinLossRatio": 0.8261489552269238,
        "Calmar": -0.01454685199157827,
        "MDD_date": 20240307,
        "MDD_lastdays": 278,
        "MDD_recoverdays": 214,
        "Periods": 59
      }
    }
  },
  "longshort": {
    "eva": {
      "多头超额": {
        "AnnualRt": -0.0003078149420111078,
        "AccumRt": -0.0015797062824010055,
        "SR": -0.030118491254525846,
        "MDD": 0.021160244305043707,
        "WinRatio": 0.5423728813559322,
        "WinLossRatio": 0.8261489552269238,
        "Calmar": -0.01454685199157827,
        "MDD_date": 20240307,
        "MDD_lastdays": 278,
        "MDD_recoverdays": 214,
        "Periods": 59
      },
      "空头超额": {
        "AnnualRt": 0.0011606972896250679,
        "AccumRt": 0.0059566984903558495,
        "SR": 0.11968914326929442,
        "MDD": 0.02084537523704766,
        "WinRatio": 0.5254237288135594,
        "WinLossRatio": 1.000302088210925,
        "Calmar": 0.055681285485434995,
        "MDD_date": 20211018,
        "MDD_lastdays": 345,
        "MDD_recoverdays": 222,
        "Periods": 59
      },
      "多空": {
        "AnnualRt": -0.0014685122316361757,
        "AccumRt": -0.007536404772756855,
        "SR": -0.093648552007234,
        "MDD": 0.03474494076100887,
        "WinRatio": 0.576271186440678,
        "WinLossRatio": 0.682783315990888,
        "Calmar": -0.04226549821273995,
        "MDD_date": 20220907,
        "MDD_lastdays": 171,
        "MDD_recoverdays": 605,
        "Periods": 59
      }
    }
  },
  "risk_corr": {
    "mean": {}
  }
}