{
  "factor_name": "000001.SZ",
  "timestamp": "2026-06-23T00:13:04.673410",
  "ic": {
    "ic_mean": -0.011076476748155643,
    "ic_std": 0.12935520880775417,
    "icir": -0.08562837824812561,
    "rank_ic_mean": -0.006192915226635553,
    "rank_icir": -0.04607771926871332
  },
  "group": {
    "n_groups": 5,
    "group_eva_exc": {
      "1": {
        "AnnualRt": 0.003235319276217981,
        "AccumRt": 0.01660365852555068,
        "SR": 0.3705533665814287,
        "MDD": 0.010595887315606345,
        "WinRatio": 0.4915254237288136,
        "WinLossRatio": 1.40514443233545,
        "Calmar": 0.3053372671727815,
        "MDD_date": 20240809,
        "MDD_lastdays": 197,
        "MDD_recoverdays": 103,
        "Periods": 59
      },
      "2": {
        "AnnualRt": -0.0012846257479123778,
        "AccumRt": -0.006592699338286323,
        "SR": -0.1447230748816739,
        "MDD": 0.022280689407099707,
        "WinRatio": 0.423728813559322,
        "WinLossRatio": 1.208044624118249,
        "Calmar": -0.05765646315697188,
        "MDD_date": 20241121,
        "MDD_lastdays": 817,
        "MDD_recoverdays": 29,
        "Periods": 59
      },
      "3": {
        "AnnualRt": -0.00021453592455028243,
        "AccumRt": -0.0011009983647920496,
        "SR": -0.0224644187135478,
        "MDD": 0.019125802955153537,
        "WinRatio": 0.4915254237288136,
        "WinLossRatio": 1.013343110960863,
        "Calmar": -0.011217093737362526,
        "MDD_date": 20240617,
        "MDD_lastdays": 373,
        "MDD_recoverdays": 142,
        "Periods": 59
      },
      "4": {
        "AnnualRt": -0.001118282749279848,
        "AccumRt": -0.005739027069304181,
        "SR": -0.12483606669771068,
        "MDD": 0.02112474031723921,
        "WinRatio": 0.5084745762711864,
        "WinLossRatio": 0.8621468146757242,
        "Calmar": -0.05293711224309129,
        "MDD_date": 20210506,
        "MDD_lastdays": 242,
        "MDD_recoverdays": 273,
        "Periods": 59
      },
      "5": {
        "AnnualRt": -0.002744510231697508,
        "AccumRt": -0.014084826509071613,
        "SR": -0.28362763314275935,
        "MDD": 0.045469237155041586,
        "WinRatio": 0.4406779661016949,
        "WinLossRatio": 1.035149286044571,
        "Calmar": -0.06035971578628517,
        "MDD_date": 20240322,
        "MDD_lastdays": 820,
        "MDD_recoverdays": 203,
        "Periods": 59
      }
    }
  },
  "longshort": {
    "eva": {
      "多头超额": {
        "AnnualRt": -0.002744510231697508,
        "AccumRt": -0.014084826509071613,
        "SR": -0.28362763314275935,
        "MDD": 0.045469237155041586,
        "WinRatio": 0.4406779661016949,
        "WinLossRatio": 1.035149286044571,
        "Calmar": -0.06035971578628517,
        "MDD_date": 20240322,
        "MDD_lastdays": 820,
        "MDD_recoverdays": 203,
        "Periods": 59
      },
      "空头超额": {
        "AnnualRt": 0.003235319276217981,
        "AccumRt": 0.01660365852555068,
        "SR": 0.3705533665814287,
        "MDD": 0.010595887315606345,
        "WinRatio": 0.4915254237288136,
        "WinLossRatio": 1.40514443233545,
        "Calmar": 0.3053372671727815,
        "MDD_date": 20240809,
        "MDD_lastdays": 197,
        "MDD_recoverdays": 103,
        "Periods": 59
      },
      "多空": {
        "AnnualRt": -0.005979829507915489,
        "AccumRt": -0.030688485034622293,
        "SR": -0.4105738036334652,
        "MDD": 0.06459854803186948,
        "WinRatio": 0.4576271186440678,
        "WinLossRatio": 0.8700534193260079,
        "Calmar": -0.09256910085603409,
        "MDD_date": 20240322,
        "MDD_lastdays": 903,
        "MDD_recoverdays": 203,
        "Periods": 59
      }
    }
  },
  "risk_corr": {
    "mean": {}
  }
}