{
  "factor_name": "000001.SZ",
  "timestamp": "2026-06-23T01:49:30.528950",
  "ic": {
    "ic_mean": 0.006658916791062705,
    "ic_std": 0.1412998300269303,
    "icir": 0.04712614862872505,
    "rank_ic_mean": 0.012651661383638456,
    "rank_icir": 0.08809301672617405
  },
  "group": {
    "n_groups": 5,
    "group_eva_exc": {
      "1": {
        "AnnualRt": -0.0005997996732777749,
        "AccumRt": -0.003078171923261541,
        "SR": -0.0627747534411221,
        "MDD": 0.028563538610920758,
        "WinRatio": 0.5254237288135594,
        "WinLossRatio": 0.8632656610664001,
        "Calmar": -0.020998787350823972,
        "MDD_date": 20241225,
        "MDD_lastdays": 969,
        "MDD_recoverdays": 5,
        "Periods": 59
      },
      "2": {
        "AnnualRt": -0.0010279181169401707,
        "AccumRt": -0.005275275776136956,
        "SR": -0.1071818741385081,
        "MDD": 0.036670072285730715,
        "WinRatio": 0.5423728813559322,
        "WinLossRatio": 0.786738274192601,
        "Calmar": -0.028031526879213724,
        "MDD_date": 20240506,
        "MDD_lastdays": 1006,
        "MDD_recoverdays": 172,
        "Periods": 59
      },
      "3": {
        "AnnualRt": 0.002405224868570622,
        "AccumRt": 0.012343614025504435,
        "SR": 0.2464243941834745,
        "MDD": 0.011707348973005405,
        "WinRatio": 0.5423728813559322,
        "WinLossRatio": 1.018208809744914,
        "Calmar": 0.20544573106315928,
        "MDD_date": 20220208,
        "MDD_lastdays": 148,
        "MDD_recoverdays": 604,
        "Periods": 59
      },
      "4": {
        "AnnualRt": -0.004920760622151121,
        "AccumRt": -0.025253343512879556,
        "SR": -0.5041730626880504,
        "MDD": 0.03494222032623828,
        "WinRatio": 0.423728813559322,
        "WinLossRatio": 0.9694255980513339,
        "Calmar": -0.14082564233779093,
        "MDD_date": 20241106,
        "MDD_lastdays": 1237,
        "MDD_recoverdays": 40,
        "Periods": 59
      },
      "5": {
        "AnnualRt": 0.004138325213173643,
        "AccumRt": 0.02123788499400714,
        "SR": 0.45000682349801624,
        "MDD": 0.019952269179175475,
        "WinRatio": 0.5932203389830508,
        "WinLossRatio": 0.9489715979386366,
        "Calmar": 0.20741125613385789,
        "MDD_date": 20200610,
        "MDD_lastdays": 93,
        "MDD_recoverdays": 373,
        "Periods": 59
      }
    }
  },
  "longshort": {
    "eva": {
      "多头超额": {
        "AnnualRt": 0.004138325213173643,
        "AccumRt": 0.02123788499400714,
        "SR": 0.45000682349801624,
        "MDD": 0.019952269179175475,
        "WinRatio": 0.5932203389830508,
        "WinLossRatio": 0.9489715979386366,
        "Calmar": 0.20741125613385789,
        "MDD_date": 20200610,
        "MDD_lastdays": 93,
        "MDD_recoverdays": 373,
        "Periods": 59
      },
      "空头超额": {
        "AnnualRt": -0.0005997996732777749,
        "AccumRt": -0.003078171923261541,
        "SR": -0.0627747534411221,
        "MDD": 0.028563538610920758,
        "WinRatio": 0.5254237288135594,
        "WinLossRatio": 0.8632656610664001,
        "Calmar": -0.020998787350823972,
        "MDD_date": 20241225,
        "MDD_lastdays": 969,
        "MDD_recoverdays": 5,
        "Periods": 59
      },
      "多空": {
        "AnnualRt": 0.004738124886451418,
        "AccumRt": 0.02431605691726868,
        "SR": 0.3150238967537698,
        "MDD": 0.04162267302513967,
        "WinRatio": 0.5084745762711864,
        "WinLossRatio": 1.2219413400843462,
        "Calmar": 0.11383518986369855,
        "MDD_date": 20210409,
        "MDD_lastdays": 310,
        "MDD_recoverdays": 441,
        "Periods": 59
      }
    }
  },
  "risk_corr": {
    "mean": {}
  }
}