{
  "factor_name": "000001.SZ",
  "timestamp": "2026-06-23T01:31:44.308397",
  "ic": {
    "ic_mean": 0.0005205632543286305,
    "ic_std": 0.15081271304488508,
    "icir": 0.003451719976509538,
    "rank_ic_mean": 0.0014861338597040006,
    "rank_icir": 0.009481332357597997
  },
  "group": {
    "n_groups": 5,
    "group_eva_exc": {
      "1": {
        "AnnualRt": -0.0051360919120551326,
        "AccumRt": -0.026358423692666944,
        "SR": -0.5878883687357458,
        "MDD": 0.03974082151013192,
        "WinRatio": 0.4745762711864407,
        "WinLossRatio": 0.704650343491391,
        "Calmar": -0.12923970156846623,
        "MDD_date": 20240628,
        "MDD_lastdays": 1127,
        "MDD_recoverdays": 133,
        "Periods": 59
      },
      "2": {
        "AnnualRt": 0.0037239080407464637,
        "AccumRt": 0.019111096065110855,
        "SR": 0.4144017592620657,
        "MDD": 0.02013339195162811,
        "WinRatio": 0.5423728813559322,
        "WinLossRatio": 1.1353163154742494,
        "Calmar": 0.18496178138752847,
        "MDD_date": 20230825,
        "MDD_lastdays": 648,
        "MDD_recoverdays": 200,
        "Periods": 59
      },
      "3": {
        "AnnualRt": 0.007901189030143568,
        "AccumRt": 0.04054890210269679,
        "SR": 0.8398719085177649,
        "MDD": 0.012494118302393553,
        "WinRatio": 0.6440677966101694,
        "WinLossRatio": 0.9697008284746074,
        "Calmar": 0.6323926858152049,
        "MDD_date": 20240723,
        "MDD_lastdays": 46,
        "MDD_recoverdays": 116,
        "Periods": 59
      },
      "4": {
        "AnnualRt": -0.005846662035334977,
        "AccumRt": -0.030005069565339104,
        "SR": -0.6571442772837148,
        "MDD": 0.032744412514438825,
        "WinRatio": 0.4915254237288136,
        "WinLossRatio": 0.6462431259398138,
        "Calmar": -0.1785544948395962,
        "MDD_date": 20241231,
        "MDD_lastdays": 1211,
        "MDD_recoverdays": 1,
        "Periods": 59
      },
      "5": {
        "AnnualRt": -0.0005176967854582481,
        "AccumRt": -0.00265681990297173,
        "SR": -0.059988600588247044,
        "MDD": 0.03030255988070385,
        "WinRatio": 0.559322033898305,
        "WinLossRatio": 0.7547584792947225,
        "Calmar": -0.017084259135080816,
        "MDD_date": 20241225,
        "MDD_lastdays": 852,
        "MDD_recoverdays": 5,
        "Periods": 59
      }
    }
  },
  "longshort": {
    "eva": {
      "多头超额": {
        "AnnualRt": -0.0005176967854582481,
        "AccumRt": -0.00265681990297173,
        "SR": -0.059988600588247044,
        "MDD": 0.03030255988070385,
        "WinRatio": 0.559322033898305,
        "WinLossRatio": 0.7547584792947225,
        "Calmar": -0.017084259135080816,
        "MDD_date": 20241225,
        "MDD_lastdays": 852,
        "MDD_recoverdays": 5,
        "Periods": 59
      },
      "空头超额": {
        "AnnualRt": -0.0051360919120551326,
        "AccumRt": -0.026358423692666944,
        "SR": -0.5878883687357458,
        "MDD": 0.03974082151013192,
        "WinRatio": 0.4745762711864407,
        "WinLossRatio": 0.704650343491391,
        "Calmar": -0.12923970156846623,
        "MDD_date": 20240628,
        "MDD_lastdays": 1127,
        "MDD_recoverdays": 133,
        "Periods": 59
      },
      "多空": {
        "AnnualRt": 0.004618395126596862,
        "AccumRt": 0.023701603789695103,
        "SR": 0.334419132352373,
        "MDD": 0.024875182001702023,
        "WinRatio": 0.559322033898305,
        "WinLossRatio": 1.0072557098922008,
        "Calmar": 0.18566276726260172,
        "MDD_date": 20241230,
        "MDD_lastdays": 283,
        "MDD_recoverdays": 2,
        "Periods": 59
      }
    }
  },
  "risk_corr": {
    "mean": {}
  }
}