{
  "factor_name": "000001.SZ",
  "timestamp": "2026-06-22T16:46:34.262035",
  "ic": {
    "ic_mean": 0.007057389185341935,
    "ic_std": 0.1502747356638767,
    "icir": 0.046963244714183866,
    "rank_ic_mean": 0.011215387067978295,
    "rank_icir": 0.0719024719817839
  },
  "group": {
    "n_groups": 5,
    "group_eva_exc": {
      "1": {
        "AnnualRt": -0.001730455013528885,
        "AccumRt": -0.008880695129430238,
        "SR": -0.19118151674468634,
        "MDD": 0.016176011533241108,
        "WinRatio": 0.4745762711864407,
        "WinLossRatio": 0.9641218153861428,
        "Calmar": -0.10697661843111719,
        "MDD_date": 20220126,
        "MDD_lastdays": 516,
        "MDD_recoverdays": 765,
        "Periods": 59
      },
      "2": {
        "AnnualRt": 0.0019861967007407193,
        "AccumRt": 0.010193161468201373,
        "SR": 0.21024867514759646,
        "MDD": 0.025997094670876852,
        "WinRatio": 0.4745762711864407,
        "WinLossRatio": 1.2860258835271652,
        "Calmar": 0.07640071807584517,
        "MDD_date": 20240813,
        "MDD_lastdays": 525,
        "MDD_recoverdays": 101,
        "Periods": 59
      },
      "3": {
        "AnnualRt": 0.002407571745289089,
        "AccumRt": 0.012355658196823605,
        "SR": 0.2552652263675691,
        "MDD": 0.022688320447185717,
        "WinRatio": 0.5084745762711864,
        "WinLossRatio": 1.1590731206145226,
        "Calmar": 0.1061150273724967,
        "MDD_date": 20221202,
        "MDD_lastdays": 533,
        "MDD_recoverdays": 543,
        "Periods": 59
      },
      "4": {
        "AnnualRt": -0.004389038685241167,
        "AccumRt": -0.022524546532657674,
        "SR": -0.48849317225025074,
        "MDD": 0.029570954230531243,
        "WinRatio": 0.4067796610169492,
        "WinLossRatio": 0.9854458103591988,
        "Calmar": -0.14842397884846065,
        "MDD_date": 20241125,
        "MDD_lastdays": 848,
        "MDD_recoverdays": 27,
        "Periods": 59
      },
      "5": {
        "AnnualRt": 0.00325939683932119,
        "AccumRt": 0.01672722457939635,
        "SR": 0.34853270741725123,
        "MDD": 0.024587372902041382,
        "WinRatio": 0.5932203389830508,
        "WinLossRatio": 0.8630170206754267,
        "Calmar": 0.13256385105911728,
        "MDD_date": 20220209,
        "MDD_lastdays": 250,
        "MDD_recoverdays": 166,
        "Periods": 59
      }
    }
  },
  "longshort": {
    "eva": {
      "多头超额": {
        "AnnualRt": 0.00325939683932119,
        "AccumRt": 0.01672722457939635,
        "SR": 0.34853270741725123,
        "MDD": 0.024587372902041382,
        "WinRatio": 0.5932203389830508,
        "WinLossRatio": 0.8630170206754267,
        "Calmar": 0.13256385105911728,
        "MDD_date": 20220209,
        "MDD_lastdays": 250,
        "MDD_recoverdays": 166,
        "Periods": 59
      },
      "空头超额": {
        "AnnualRt": -0.001730455013528885,
        "AccumRt": -0.008880695129430238,
        "SR": -0.19118151674468634,
        "MDD": 0.016176011533241108,
        "WinRatio": 0.4745762711864407,
        "WinLossRatio": 0.9641218153861428,
        "Calmar": -0.10697661843111719,
        "MDD_date": 20220126,
        "MDD_lastdays": 516,
        "MDD_recoverdays": 765,
        "Periods": 59
      },
      "多空": {
        "AnnualRt": 0.004989851852850075,
        "AccumRt": 0.025607919708826588,
        "SR": 0.34232026414256383,
        "MDD": 0.025599229874081808,
        "WinRatio": 0.576271186440678,
        "WinLossRatio": 0.928771119729149,
        "Calmar": 0.19492195184754757,
        "MDD_date": 20220209,
        "MDD_lastdays": 250,
        "MDD_recoverdays": 169,
        "Periods": 59
      }
    }
  },
  "risk_corr": {
    "mean": {}
  }
}