{
  "factor_name": "000001.SZ",
  "timestamp": "2026-06-23T00:20:20.181811",
  "ic": {
    "ic_mean": 0.00831212557335476,
    "ic_std": 0.15092630149912936,
    "icir": 0.05507406920325752,
    "rank_ic_mean": 0.003995177912752273,
    "rank_icir": 0.02751120311048536
  },
  "group": {
    "n_groups": 5,
    "group_eva_exc": {
      "1": {
        "AnnualRt": -0.001762774748292479,
        "AccumRt": -0.009046560008237003,
        "SR": -0.19268785172013075,
        "MDD": 0.01426871033589161,
        "WinRatio": 0.4745762711864407,
        "WinLossRatio": 0.956249036392297,
        "Calmar": -0.12354128066209204,
        "MDD_date": 20241230,
        "MDD_lastdays": 133,
        "MDD_recoverdays": 2,
        "Periods": 59
      },
      "2": {
        "AnnualRt": 0.0018688144367841886,
        "AccumRt": 0.009590755689576458,
        "SR": 0.20353307859828773,
        "MDD": 0.019719466796871865,
        "WinRatio": 0.5423728813559322,
        "WinLossRatio": 0.9541124215756165,
        "Calmar": 0.09477002882657264,
        "MDD_date": 20220103,
        "MDD_lastdays": 375,
        "MDD_recoverdays": 698,
        "Periods": 59
      },
      "3": {
        "AnnualRt": -0.0020405218833161854,
        "AccumRt": -0.010471958305178664,
        "SR": -0.21806634218298765,
        "MDD": 0.04056424484140997,
        "WinRatio": 0.4915254237288136,
        "WinLossRatio": 0.8930462912405903,
        "Calmar": -0.0503034603822606,
        "MDD_date": 20230616,
        "MDD_lastdays": 512,
        "MDD_recoverdays": 403,
        "Periods": 59
      },
      "4": {
        "AnnualRt": -0.00043912009800398024,
        "AccumRt": -0.0022535643429564267,
        "SR": -0.04886154235910812,
        "MDD": 0.025283284623104474,
        "WinRatio": 0.4915254237288136,
        "WinLossRatio": 0.9960380694267821,
        "Calmar": -0.017368000422014064,
        "MDD_date": 20210819,
        "MDD_lastdays": 305,
        "MDD_recoverdays": 500,
        "Periods": 59
      },
      "5": {
        "AnnualRt": 0.002225145935301148,
        "AccumRt": 0.011419448939965493,
        "SR": 0.23536632493871204,
        "MDD": 0.0172295556402543,
        "WinRatio": 0.576271186440678,
        "WinLossRatio": 0.8640270723079739,
        "Calmar": 0.12914702977611475,
        "MDD_date": 20240516,
        "MDD_lastdays": 182,
        "MDD_recoverdays": 164,
        "Periods": 59
      }
    }
  },
  "longshort": {
    "eva": {
      "多头超额": {
        "AnnualRt": 0.002225145935301148,
        "AccumRt": 0.011419448939965493,
        "SR": 0.23536632493871204,
        "MDD": 0.0172295556402543,
        "WinRatio": 0.576271186440678,
        "WinLossRatio": 0.8640270723079739,
        "Calmar": 0.12914702977611475,
        "MDD_date": 20240516,
        "MDD_lastdays": 182,
        "MDD_recoverdays": 164,
        "Periods": 59
      },
      "空头超额": {
        "AnnualRt": -0.001762774748292479,
        "AccumRt": -0.009046560008237003,
        "SR": -0.19268785172013075,
        "MDD": 0.01426871033589161,
        "WinRatio": 0.4745762711864407,
        "WinLossRatio": 0.956249036392297,
        "Calmar": -0.12354128066209204,
        "MDD_date": 20241230,
        "MDD_lastdays": 133,
        "MDD_recoverdays": 2,
        "Periods": 59
      },
      "多空": {
        "AnnualRt": 0.003987920683593627,
        "AccumRt": 0.020466008948202496,
        "SR": 0.26692721531155317,
        "MDD": 0.025144917665948396,
        "WinRatio": 0.559322033898305,
        "WinLossRatio": 0.9745649018240383,
        "Calmar": 0.15859748425400993,
        "MDD_date": 20240708,
        "MDD_lastdays": 705,
        "MDD_recoverdays": 127,
        "Periods": 59
      }
    }
  },
  "risk_corr": {
    "mean": {}
  }
}