{
  "factor_name": "000001.SZ",
  "timestamp": "2026-06-23T09:20:06.258550",
  "ic": {
    "ic_mean": -1.2164315901254315e-06,
    "ic_std": 0.15212731637780966,
    "icir": -7.996141778406265e-06,
    "rank_ic_mean": 0.00042204215253380744,
    "rank_icir": 0.002713775227097452
  },
  "group": {
    "n_groups": 5,
    "group_eva_exc": {
      "1": {
        "AnnualRt": 0.006351677784553827,
        "AccumRt": 0.032596810390330244,
        "SR": 0.7233184033883835,
        "MDD": 0.02053459025622706,
        "WinRatio": 0.5932203389830508,
        "WinLossRatio": 1.1033653631124203,
        "Calmar": 0.3093160226378366,
        "MDD_date": 20230208,
        "MDD_lastdays": 505,
        "MDD_recoverdays": 181,
        "Periods": 59
      },
      "2": {
        "AnnualRt": -0.00424514914613551,
        "AccumRt": -0.02178610541796744,
        "SR": -0.47485520020300254,
        "MDD": 0.03194336128766251,
        "WinRatio": 0.4406779661016949,
        "WinLossRatio": 0.875837453757546,
        "Calmar": -0.132896131622038,
        "MDD_date": 20241001,
        "MDD_lastdays": 1213,
        "MDD_recoverdays": 66,
        "Periods": 59
      },
      "3": {
        "AnnualRt": -0.0011017266708417516,
        "AccumRt": -0.0056540612747598695,
        "SR": -0.12249157403731313,
        "MDD": 0.017748075887566772,
        "WinRatio": 0.4915254237288136,
        "WinLossRatio": 0.9468696333361082,
        "Calmar": -0.0620758372806798,
        "MDD_date": 20230626,
        "MDD_lastdays": 657,
        "MDD_recoverdays": 397,
        "Periods": 59
      },
      "4": {
        "AnnualRt": 0.0007794225760682599,
        "AccumRt": 0.00399999666038231,
        "SR": 0.0863549321542067,
        "MDD": 0.013534632724635953,
        "WinRatio": 0.4915254237288136,
        "WinLossRatio": 1.0977998912897955,
        "Calmar": 0.05758727199516412,
        "MDD_date": 20210310,
        "MDD_lastdays": 270,
        "MDD_recoverdays": 189,
        "Periods": 59
      },
      "5": {
        "AnnualRt": -0.00038107256135280787,
        "AccumRt": -0.00195566438486261,
        "SR": -0.04027655613827297,
        "MDD": 0.03367433059509273,
        "WinRatio": 0.4915254237288136,
        "WinLossRatio": 1.0040150053901609,
        "Calmar": -0.011316410886823704,
        "MDD_date": 20241218,
        "MDD_lastdays": 485,
        "MDD_recoverdays": 10,
        "Periods": 59
      }
    }
  },
  "longshort": {
    "eva": {
      "多头超额": {
        "AnnualRt": -0.00038107256135280787,
        "AccumRt": -0.00195566438486261,
        "SR": -0.04027655613827297,
        "MDD": 0.03367433059509273,
        "WinRatio": 0.4915254237288136,
        "WinLossRatio": 1.0040150053901609,
        "Calmar": -0.011316410886823704,
        "MDD_date": 20241218,
        "MDD_lastdays": 485,
        "MDD_recoverdays": 10,
        "Periods": 59
      },
      "空头超额": {
        "AnnualRt": 0.006351677784553827,
        "AccumRt": 0.032596810390330244,
        "SR": 0.7233184033883835,
        "MDD": 0.02053459025622706,
        "WinRatio": 0.5932203389830508,
        "WinLossRatio": 1.1033653631124203,
        "Calmar": 0.3093160226378366,
        "MDD_date": 20230208,
        "MDD_lastdays": 505,
        "MDD_recoverdays": 181,
        "Periods": 59
      },
      "多空": {
        "AnnualRt": -0.006732750345906635,
        "AccumRt": -0.034552474775192854,
        "SR": -0.46118547757249045,
        "MDD": 0.07649663925477579,
        "WinRatio": 0.4406779661016949,
        "WinLossRatio": 0.9172581236351082,
        "Calmar": -0.08801367499927522,
        "MDD_date": 20241211,
        "MDD_lastdays": 481,
        "MDD_recoverdays": 15,
        "Periods": 59
      }
    }
  },
  "risk_corr": {
    "mean": {}
  }
}