{
  "factor_name": "000001.SZ",
  "timestamp": "2026-06-22T22:16:05.566092",
  "ic": {
    "ic_mean": -0.008819897393657947,
    "ic_std": 0.12058704386729055,
    "icir": -0.0731413351783007,
    "rank_ic_mean": -0.005430048932416929,
    "rank_icir": -0.04502013442251897
  },
  "group": {
    "n_groups": 5,
    "group_eva_exc": {
      "1": {
        "AnnualRt": -2.490461741012325e-05,
        "AccumRt": -0.00012781049654875254,
        "SR": -0.002804037185426903,
        "MDD": 0.02633336753903437,
        "WinRatio": 0.4576271186440678,
        "WinLossRatio": 1.1827340658075156,
        "Calmar": -0.000945743736466927,
        "MDD_date": 20220113,
        "MDD_lastdays": 495,
        "MDD_recoverdays": 774,
        "Periods": 59
      },
      "2": {
        "AnnualRt": 0.0002338831376009792,
        "AccumRt": 0.0012002882621682254,
        "SR": 0.026468648041127252,
        "MDD": 0.017357081877278246,
        "WinRatio": 0.4745762711864407,
        "WinLossRatio": 1.1274727209176398,
        "Calmar": 0.013474796008605006,
        "MDD_date": 20221116,
        "MDD_lastdays": 513,
        "MDD_recoverdays": 555,
        "Periods": 59
      },
      "3": {
        "AnnualRt": -0.0018239771697095505,
        "AccumRt": -0.009360650834949413,
        "SR": -0.19348055264380778,
        "MDD": 0.045118224148572694,
        "WinRatio": 0.5084745762711864,
        "WinLossRatio": 0.8517640455140437,
        "Calmar": -0.04042661705175406,
        "MDD_date": 20240229,
        "MDD_lastdays": 499,
        "MDD_recoverdays": 219,
        "Periods": 59
      },
      "4": {
        "AnnualRt": 0.0006782399722081594,
        "AccumRt": 0.0034807275373722746,
        "SR": 0.07433945526390323,
        "MDD": 0.023180405594148135,
        "WinRatio": 0.5084745762711864,
        "WinLossRatio": 1.0171959427808765,
        "Calmar": 0.029259193479314282,
        "MDD_date": 20241028,
        "MDD_lastdays": 508,
        "MDD_recoverdays": 47,
        "Periods": 59
      },
      "5": {
        "AnnualRt": 0.0007150864990128215,
        "AccumRt": 0.0036698239129338006,
        "SR": 0.07973717516542014,
        "MDD": 0.023832627478681534,
        "WinRatio": 0.4915254237288136,
        "WinLossRatio": 1.0999389502686527,
        "Calmar": 0.030004517951387095,
        "MDD_date": 20221013,
        "MDD_lastdays": 499,
        "MDD_recoverdays": 300,
        "Periods": 59
      }
    }
  },
  "longshort": {
    "eva": {
      "多头超额": {
        "AnnualRt": 0.0007150864990128215,
        "AccumRt": 0.0036698239129338006,
        "SR": 0.07973717516542014,
        "MDD": 0.023832627478681534,
        "WinRatio": 0.4915254237288136,
        "WinLossRatio": 1.0999389502686527,
        "Calmar": 0.030004517951387095,
        "MDD_date": 20221013,
        "MDD_lastdays": 499,
        "MDD_recoverdays": 300,
        "Periods": 59
      },
      "空头超额": {
        "AnnualRt": -2.490461741012325e-05,
        "AccumRt": -0.00012781049654875254,
        "SR": -0.002804037185426903,
        "MDD": 0.02633336753903437,
        "WinRatio": 0.4576271186440678,
        "WinLossRatio": 1.1827340658075156,
        "Calmar": -0.000945743736466927,
        "MDD_date": 20220113,
        "MDD_lastdays": 495,
        "MDD_recoverdays": 774,
        "Periods": 59
      },
      "多空": {
        "AnnualRt": 0.0007399911164229449,
        "AccumRt": 0.003797634409482553,
        "SR": 0.052750844376577094,
        "MDD": 0.027184489837392856,
        "WinRatio": 0.5084745762711864,
        "WinLossRatio": 1.0072117199042,
        "Calmar": 0.02722107793264787,
        "MDD_date": 20221013,
        "MDD_lastdays": 230,
        "MDD_recoverdays": 513,
        "Periods": 59
      }
    }
  },
  "risk_corr": {
    "mean": {}
  }
}