{
  "factor_name": "000001.SZ",
  "timestamp": "2026-06-23T00:26:25.494067",
  "ic": {
    "ic_mean": 0.03683834672455014,
    "ic_std": 0.16432846673240467,
    "icir": 0.22417507725267313,
    "rank_ic_mean": 0.035158412299212426,
    "rank_icir": 0.21376229972364758
  },
  "group": {
    "n_groups": 5,
    "group_eva_exc": {
      "1": {
        "AnnualRt": -0.003517337113065091,
        "AccumRt": -0.018050974064250047,
        "SR": -0.3636469666695057,
        "MDD": 0.031358796644037956,
        "WinRatio": 0.4576271186440678,
        "WinLossRatio": 0.8827823696344914,
        "Calmar": -0.11216428847673335,
        "MDD_date": 20240405,
        "MDD_lastdays": 923,
        "MDD_recoverdays": 193,
        "Periods": 59
      },
      "2": {
        "AnnualRt": -0.005017807573355107,
        "AccumRt": -0.025751388466458414,
        "SR": -0.4869702604054939,
        "MDD": 0.05281061679973997,
        "WinRatio": 0.4745762711864407,
        "WinLossRatio": 0.7519300278070832,
        "Calmar": -0.09501512910524866,
        "MDD_date": 20230710,
        "MDD_lastdays": 685,
        "MDD_recoverdays": 387,
        "Periods": 59
      },
      "3": {
        "AnnualRt": -0.0015765961314156156,
        "AccumRt": -0.008091091346424939,
        "SR": -0.14765000921556318,
        "MDD": 0.03203903998949997,
        "WinRatio": 0.5254237288135594,
        "WinLossRatio": 0.8171040406028278,
        "Calmar": -0.04920859463742694,
        "MDD_date": 20220329,
        "MDD_lastdays": 462,
        "MDD_recoverdays": 467,
        "Periods": 59
      },
      "4": {
        "AnnualRt": 0.005484595554747244,
        "AccumRt": 0.028146944386962858,
        "SR": 0.5434846863059236,
        "MDD": 0.01913644954693683,
        "WinRatio": 0.576271186440678,
        "WinLossRatio": 1.0410895343393614,
        "Calmar": 0.2866046567987928,
        "MDD_date": 20201224,
        "MDD_lastdays": 214,
        "MDD_recoverdays": 258,
        "Periods": 59
      },
      "5": {
        "AnnualRt": 0.004076534668507307,
        "AccumRt": 0.0209207759187795,
        "SR": 0.41641104580482136,
        "MDD": 0.014030488007508946,
        "WinRatio": 0.6101694915254238,
        "WinLossRatio": 0.8735073131225906,
        "Calmar": 0.29054831637542444,
        "MDD_date": 20241105,
        "MDD_lastdays": 415,
        "MDD_recoverdays": 41,
        "Periods": 59
      }
    }
  },
  "longshort": {
    "eva": {
      "多头超额": {
        "AnnualRt": 0.004076534668507307,
        "AccumRt": 0.0209207759187795,
        "SR": 0.41641104580482136,
        "MDD": 0.014030488007508946,
        "WinRatio": 0.6101694915254238,
        "WinLossRatio": 0.8735073131225906,
        "Calmar": 0.29054831637542444,
        "MDD_date": 20241105,
        "MDD_lastdays": 415,
        "MDD_recoverdays": 41,
        "Periods": 59
      },
      "空头超额": {
        "AnnualRt": -0.003517337113065091,
        "AccumRt": -0.018050974064250047,
        "SR": -0.3636469666695057,
        "MDD": 0.031358796644037956,
        "WinRatio": 0.4576271186440678,
        "WinLossRatio": 0.8827823696344914,
        "Calmar": -0.11216428847673335,
        "MDD_date": 20240405,
        "MDD_lastdays": 923,
        "MDD_recoverdays": 193,
        "Periods": 59
      },
      "多空": {
        "AnnualRt": 0.007593871781572397,
        "AccumRt": 0.03897174998302955,
        "SR": 0.49161705518505255,
        "MDD": 0.02068800163250195,
        "WinRatio": 0.6101694915254238,
        "WinLossRatio": 0.9286237324877192,
        "Calmar": 0.3670664724640209,
        "MDD_date": 20200911,
        "MDD_lastdays": 76,
        "MDD_recoverdays": 64,
        "Periods": 59
      }
    }
  },
  "risk_corr": {
    "mean": {}
  }
}