{
  "factor_name": "000001.SZ",
  "timestamp": "2026-06-23T00:19:03.796193",
  "ic": {
    "ic_mean": 0.040004817351488246,
    "ic_std": 0.13932357460558142,
    "icir": 0.2871360246443578,
    "rank_ic_mean": 0.038090760969142844,
    "rank_icir": 0.29088294693450617
  },
  "group": {
    "n_groups": 5,
    "group_eva_exc": {
      "1": {
        "AnnualRt": -0.01004987755295762,
        "AccumRt": -0.051575971601778514,
        "SR": -1.1323010272857077,
        "MDD": 0.053595516885125205,
        "WinRatio": 0.3728813559322034,
        "WinLossRatio": 0.7227149341440037,
        "Calmar": -0.1875133991990073,
        "MDD_date": 20241226,
        "MDD_lastdays": 1261,
        "MDD_recoverdays": 4,
        "Periods": 59
      },
      "2": {
        "AnnualRt": 0.003289533311064815,
        "AccumRt": 0.01688188495238463,
        "SR": 0.3597186207647038,
        "MDD": 0.02287940451868742,
        "WinRatio": 0.5254237288135594,
        "WinLossRatio": 1.1736606273024524,
        "Calmar": 0.14377705103198787,
        "MDD_date": 20221129,
        "MDD_lastdays": 387,
        "MDD_recoverdays": 369,
        "Periods": 59
      },
      "3": {
        "AnnualRt": -0.0037218541999146466,
        "AccumRt": -0.019100555753961967,
        "SR": -0.40836405499361456,
        "MDD": 0.034063036923724255,
        "WinRatio": 0.4576271186440678,
        "WinLossRatio": 0.8755244142526779,
        "Calmar": -0.10926372208822185,
        "MDD_date": 20240329,
        "MDD_lastdays": 1080,
        "MDD_recoverdays": 198,
        "Periods": 59
      },
      "4": {
        "AnnualRt": 0.0028954714544697177,
        "AccumRt": 0.014859559504338593,
        "SR": 0.32875821224894186,
        "MDD": 0.019613932304131887,
        "WinRatio": 0.5423728813559322,
        "WinLossRatio": 1.0404681260485362,
        "Calmar": 0.14762320016062028,
        "MDD_date": 20241212,
        "MDD_lastdays": 167,
        "MDD_recoverdays": 14,
        "Periods": 59
      },
      "5": {
        "AnnualRt": 0.0073011248270573245,
        "AccumRt": 0.037469372612458196,
        "SR": 0.7957718313574383,
        "MDD": 0.01272853007699526,
        "WinRatio": 0.6101694915254238,
        "WinLossRatio": 1.2356788512559849,
        "Calmar": 0.5736031405741748,
        "MDD_date": 20201124,
        "MDD_lastdays": 102,
        "MDD_recoverdays": 181,
        "Periods": 59
      }
    }
  },
  "longshort": {
    "eva": {
      "多头超额": {
        "AnnualRt": 0.0073011248270573245,
        "AccumRt": 0.037469372612458196,
        "SR": 0.7957718313574383,
        "MDD": 0.01272853007699526,
        "WinRatio": 0.6101694915254238,
        "WinLossRatio": 1.2356788512559849,
        "Calmar": 0.5736031405741748,
        "MDD_date": 20201124,
        "MDD_lastdays": 102,
        "MDD_recoverdays": 181,
        "Periods": 59
      },
      "空头超额": {
        "AnnualRt": -0.01004987755295762,
        "AccumRt": -0.051575971601778514,
        "SR": -1.1323010272857077,
        "MDD": 0.053595516885125205,
        "WinRatio": 0.3728813559322034,
        "WinLossRatio": 0.7227149341440037,
        "Calmar": -0.1875133991990073,
        "MDD_date": 20241226,
        "MDD_lastdays": 1261,
        "MDD_recoverdays": 4,
        "Periods": 59
      },
      "多空": {
        "AnnualRt": 0.017351002380014944,
        "AccumRt": 0.08904534421423671,
        "SR": 1.206204511175353,
        "MDD": 0.015301752386752354,
        "WinRatio": 0.5932203389830508,
        "WinLossRatio": 1.7283526747980449,
        "Calmar": 1.1339225692239503,
        "MDD_date": 20230908,
        "MDD_lastdays": 58,
        "MDD_recoverdays": 152,
        "Periods": 59
      }
    }
  },
  "risk_corr": {
    "mean": {}
  }
}