{
  "factor_name": "000001.SZ",
  "timestamp": "2026-06-22T16:58:17.721663",
  "ic": {
    "ic_mean": 0.03683834672455014,
    "ic_std": 0.16432846673240467,
    "icir": 0.22417507725267313,
    "rank_ic_mean": 0.035158412299212426,
    "rank_icir": 0.21376229972364758
  },
  "group": {
    "n_groups": 5,
    "group_eva_exc": {
      "1": {
        "AnnualRt": -0.003383337078072651,
        "AccumRt": -0.017363285884668844,
        "SR": -0.3503382592524564,
        "MDD": 0.030677131060041662,
        "WinRatio": 0.4576271186440678,
        "WinLossRatio": 0.8943030133951033,
        "Calmar": -0.11028857527292045,
        "MDD_date": 20240405,
        "MDD_lastdays": 923,
        "MDD_recoverdays": 193,
        "Periods": 59
      },
      "2": {
        "AnnualRt": -0.005249920917446392,
        "AccumRt": -0.026942594148334886,
        "SR": -0.5085468097840973,
        "MDD": 0.052824414038696754,
        "WinRatio": 0.4745762711864407,
        "WinLossRatio": 0.7369044590204312,
        "Calmar": -0.09938436635758117,
        "MDD_date": 20230628,
        "MDD_lastdays": 677,
        "MDD_recoverdays": 395,
        "Periods": 59
      },
      "3": {
        "AnnualRt": -0.0015813751435858727,
        "AccumRt": -0.0081156172368827,
        "SR": -0.1483349912595167,
        "MDD": 0.031358205377115866,
        "WinRatio": 0.5254237288135594,
        "WinLossRatio": 0.8161560711435479,
        "Calmar": -0.05042938920031136,
        "MDD_date": 20220329,
        "MDD_lastdays": 461,
        "MDD_recoverdays": 466,
        "Periods": 59
      },
      "4": {
        "AnnualRt": 0.005598836967797146,
        "AccumRt": 0.028733231318734953,
        "SR": 0.5525554852945099,
        "MDD": 0.018703498047238254,
        "WinRatio": 0.5932203389830508,
        "WinLossRatio": 0.9773348497809851,
        "Calmar": 0.2993470501430542,
        "MDD_date": 20201224,
        "MDD_lastdays": 91,
        "MDD_recoverdays": 250,
        "Periods": 59
      },
      "5": {
        "AnnualRt": 0.004076534668507307,
        "AccumRt": 0.0209207759187795,
        "SR": 0.41641104580482136,
        "MDD": 0.014030488007508946,
        "WinRatio": 0.6101694915254238,
        "WinLossRatio": 0.8735073131225906,
        "Calmar": 0.29054831637542444,
        "MDD_date": 20241105,
        "MDD_lastdays": 415,
        "MDD_recoverdays": 41,
        "Periods": 59
      }
    }
  },
  "longshort": {
    "eva": {
      "多头超额": {
        "AnnualRt": 0.004076534668507307,
        "AccumRt": 0.0209207759187795,
        "SR": 0.41641104580482136,
        "MDD": 0.014030488007508946,
        "WinRatio": 0.6101694915254238,
        "WinLossRatio": 0.8735073131225906,
        "Calmar": 0.29054831637542444,
        "MDD_date": 20241105,
        "MDD_lastdays": 415,
        "MDD_recoverdays": 41,
        "Periods": 59
      },
      "空头超额": {
        "AnnualRt": -0.003383337078072651,
        "AccumRt": -0.017363285884668844,
        "SR": -0.3503382592524564,
        "MDD": 0.030677131060041662,
        "WinRatio": 0.4576271186440678,
        "WinLossRatio": 0.8943030133951033,
        "Calmar": -0.11028857527292045,
        "MDD_date": 20240405,
        "MDD_lastdays": 923,
        "MDD_recoverdays": 193,
        "Periods": 59
      },
      "多空": {
        "AnnualRt": 0.007459871746579957,
        "AccumRt": 0.038284061803448344,
        "SR": 0.4833539295750693,
        "MDD": 0.02068800163250195,
        "WinRatio": 0.6101694915254238,
        "WinLossRatio": 0.9212515635098074,
        "Calmar": 0.3605892864422488,
        "MDD_date": 20200911,
        "MDD_lastdays": 76,
        "MDD_recoverdays": 64,
        "Periods": 59
      }
    }
  },
  "risk_corr": {
    "mean": {}
  }
}