{
  "factor_name": "000001.SZ",
  "timestamp": "2026-06-23T01:37:53.835651",
  "ic": {
    "ic_mean": -0.013500117253834895,
    "ic_std": 0.14875076354221461,
    "icir": -0.0907566249231631,
    "rank_ic_mean": -0.009481055760666332,
    "rank_icir": -0.06978247462587513
  },
  "group": {
    "n_groups": 5,
    "group_eva_exc": {
      "1": {
        "AnnualRt": 0.0021842276910558336,
        "AccumRt": 0.011209456510498539,
        "SR": 0.22830717033607817,
        "MDD": 0.014071240346063218,
        "WinRatio": 0.5084745762711864,
        "WinLossRatio": 1.1472781870085331,
        "Calmar": 0.15522637929121336,
        "MDD_date": 20241217,
        "MDD_lastdays": 109,
        "MDD_recoverdays": 11,
        "Periods": 59
      },
      "2": {
        "AnnualRt": -0.000387903205850394,
        "AccumRt": -0.0019907192524242223,
        "SR": -0.04028055333625294,
        "MDD": 0.02709213804777033,
        "WinRatio": 0.4745762711864407,
        "WinLossRatio": 1.0752874300551338,
        "Calmar": -0.014317925191670808,
        "MDD_date": 20220614,
        "MDD_lastdays": 544,
        "MDD_recoverdays": 666,
        "Periods": 59
      },
      "3": {
        "AnnualRt": -0.003004171128181434,
        "AccumRt": -0.015417406229827124,
        "SR": -0.3182515346585839,
        "MDD": 0.02618153153949787,
        "WinRatio": 0.4067796610169492,
        "WinLossRatio": 1.1645245881210142,
        "Calmar": -0.1147439034897288,
        "MDD_date": 20240712,
        "MDD_lastdays": 1153,
        "MDD_recoverdays": 123,
        "Periods": 59
      },
      "4": {
        "AnnualRt": 0.003645043765542531,
        "AccumRt": 0.01870636460476427,
        "SR": 0.3896348916645655,
        "MDD": 0.015692593560081347,
        "WinRatio": 0.5423728813559322,
        "WinLossRatio": 1.128451811504089,
        "Calmar": 0.2322779693227227,
        "MDD_date": 20221028,
        "MDD_lastdays": 176,
        "MDD_recoverdays": 568,
        "Periods": 59
      },
      "5": {
        "AnnualRt": -0.0028163930515712966,
        "AccumRt": -0.014453729140663896,
        "SR": -0.2896044934770421,
        "MDD": 0.028631741120446197,
        "WinRatio": 0.4576271186440678,
        "WinLossRatio": 0.9401220678983793,
        "Calmar": -0.09836611192185178,
        "MDD_date": 20211103,
        "MDD_lastdays": 318,
        "MDD_recoverdays": 825,
        "Periods": 59
      }
    }
  },
  "longshort": {
    "eva": {
      "多头超额": {
        "AnnualRt": -0.0028163930515712966,
        "AccumRt": -0.014453729140663896,
        "SR": -0.2896044934770421,
        "MDD": 0.028631741120446197,
        "WinRatio": 0.4576271186440678,
        "WinLossRatio": 0.9401220678983793,
        "Calmar": -0.09836611192185178,
        "MDD_date": 20211103,
        "MDD_lastdays": 318,
        "MDD_recoverdays": 825,
        "Periods": 59
      },
      "空头超额": {
        "AnnualRt": 0.0021842276910558336,
        "AccumRt": 0.011209456510498539,
        "SR": 0.22830717033607817,
        "MDD": 0.014071240346063218,
        "WinRatio": 0.5084745762711864,
        "WinLossRatio": 1.1472781870085331,
        "Calmar": 0.15522637929121336,
        "MDD_date": 20241217,
        "MDD_lastdays": 109,
        "MDD_recoverdays": 11,
        "Periods": 59
      },
      "多空": {
        "AnnualRt": -0.00500062074262713,
        "AccumRt": -0.025663185651162435,
        "SR": -0.3234014758996787,
        "MDD": 0.05327096870718695,
        "WinRatio": 0.4915254237288136,
        "WinLossRatio": 0.8006938193600205,
        "Calmar": -0.0938714062083966,
        "MDD_date": 20241022,
        "MDD_lastdays": 1114,
        "MDD_recoverdays": 51,
        "Periods": 59
      }
    }
  },
  "risk_corr": {
    "mean": {}
  }
}