{
  "factor_name": "000001.SZ",
  "timestamp": "2026-06-23T01:51:02.082719",
  "ic": {
    "ic_mean": -0.008292282072630537,
    "ic_std": 0.12507983488046925,
    "icir": -0.06629591476959446,
    "rank_ic_mean": -0.0033117433823160068,
    "rank_icir": -0.02618556525524807
  },
  "group": {
    "n_groups": 5,
    "group_eva_exc": {
      "1": {
        "AnnualRt": -0.00042008276277383775,
        "AccumRt": -0.0021558647385553353,
        "SR": -0.044860110142588304,
        "MDD": 0.023866162684420322,
        "WinRatio": 0.4915254237288136,
        "WinLossRatio": 0.9958269776198279,
        "Calmar": -0.017601604762715585,
        "MDD_date": 20221122,
        "MDD_lastdays": 725,
        "MDD_recoverdays": 551,
        "Periods": 59
      },
      "2": {
        "AnnualRt": 0.004536392530315898,
        "AccumRt": 0.023280766465581193,
        "SR": 0.4906392532072324,
        "MDD": 0.016024164136942187,
        "WinRatio": 0.5423728813559322,
        "WinLossRatio": 1.2197717350579782,
        "Calmar": 0.28309698350241413,
        "MDD_date": 20231120,
        "MDD_lastdays": 219,
        "MDD_recoverdays": 292,
        "Periods": 59
      },
      "3": {
        "AnnualRt": -0.00011481721060299616,
        "AccumRt": -0.0005892419248145764,
        "SR": -0.01218466206174004,
        "MDD": 0.022743837487418372,
        "WinRatio": 0.4915254237288136,
        "WinLossRatio": 1.0266516233258791,
        "Calmar": -0.005048277832028642,
        "MDD_date": 20230718,
        "MDD_lastdays": 617,
        "MDD_recoverdays": 381,
        "Periods": 59
      },
      "4": {
        "AnnualRt": -0.006853679327802252,
        "AccumRt": -0.035173082310281156,
        "SR": -0.7611501557351333,
        "MDD": 0.03970161474263023,
        "WinRatio": 0.3559322033898305,
        "WinLossRatio": 1.1254908634222576,
        "Calmar": -0.1726297374107307,
        "MDD_date": 20241220,
        "MDD_lastdays": 1235,
        "MDD_recoverdays": 8,
        "Periods": 59
      },
      "5": {
        "AnnualRt": 0.0031217777808109316,
        "AccumRt": 0.016020963571121705,
        "SR": 0.36057962581138037,
        "MDD": 0.015369020032351743,
        "WinRatio": 0.576271186440678,
        "WinLossRatio": 0.9800814799263826,
        "Calmar": 0.20312145954911884,
        "MDD_date": 20211021,
        "MDD_lastdays": 335,
        "MDD_recoverdays": 195,
        "Periods": 59
      }
    }
  },
  "longshort": {
    "eva": {
      "多头超额": {
        "AnnualRt": 0.0031217777808109316,
        "AccumRt": 0.016020963571121705,
        "SR": 0.36057962581138037,
        "MDD": 0.015369020032351743,
        "WinRatio": 0.576271186440678,
        "WinLossRatio": 0.9800814799263826,
        "Calmar": 0.20312145954911884,
        "MDD_date": 20211021,
        "MDD_lastdays": 335,
        "MDD_recoverdays": 195,
        "Periods": 59
      },
      "空头超额": {
        "AnnualRt": -0.00042008276277383775,
        "AccumRt": -0.0021558647385553353,
        "SR": -0.044860110142588304,
        "MDD": 0.023866162684420322,
        "WinRatio": 0.4915254237288136,
        "WinLossRatio": 0.9958269776198279,
        "Calmar": -0.017601604762715585,
        "MDD_date": 20221122,
        "MDD_lastdays": 725,
        "MDD_recoverdays": 551,
        "Periods": 59
      },
      "多空": {
        "AnnualRt": 0.00354186054358477,
        "AccumRt": 0.01817682830967704,
        "SR": 0.25201201552734276,
        "MDD": 0.020175222630565037,
        "WinRatio": 0.5423728813559322,
        "WinLossRatio": 1.052266874490122,
        "Calmar": 0.1755549670227146,
        "MDD_date": 20230714,
        "MDD_lastdays": 169,
        "MDD_recoverdays": 383,
        "Periods": 59
      }
    }
  },
  "risk_corr": {
    "mean": {}
  }
}